{
  "type": "FeatureCollection",
  "bbox": [
    139.66017891,
    35.65607184,
    139.67185701,
    35.66556009
  ],
  "features": [
    {
      "type": "Feature",
      "id": 0,
      "geometry": {
        "type": "Polygon",
        "coordinates": [
          [
            [
              139.66017891,
              35.65607184
            ],
            [
              139.66062806,
              35.65607184
            ],
            [
              139.66062806,
              35.65643679
            ],
            [
              139.66017891,
              35.65643679
            ],
            [
              139.66017891,
              35.65607184
            ]
          ]
        ]
      },
      "properties": {
        "mesh_id": 0,
        "source_feature_id": "310938,85068",
        "evaluation_class": "NOT_EVALUATED",
        "ground_truth": null,
        "detected": false,
        "review_status": "NOT_REVIEWED",
        "change_type": null,
        "source_change_type": null,
        "type_basis": null,
        "source_density": 0.0,
        "source_mean": 0.0,
        "density_rank": null,
        "interpreter_a_judgment": null,
        "interpreter_b_judgment": null,
        "interpreter_a_type": null,
        "interpreter_b_type": null,
        "interpreter_a_note": null,
        "interpreter_b_note": null,
        "interpreter_a_needs_check": null,
        "interpreter_b_needs_check": null,
        "experiment_id": "window-a-2019-2025-frozen"
      }
    },
    {
      "type": "Feature",
      "id": 1,
      "geometry": {
        "type": "Polygon",
        "coordinates": [
          [
            [
              139.66062806,
              35.65607184
            ],
            [
              139.66107722,
              35.65607184
            ],
            [
              139.66107722,
              35.65643679
            ],
            [
              139.66062806,
              35.65643679
            ],
            [
              139.66062806,
              35.65607184
            ]
          ]
        ]
      },
      "properties": {
        "mesh_id": 1,
        "source_feature_id": "310939,85068",
        "evaluation_class": "NOT_EVALUATED",
        "ground_truth": null,
        "detected": false,
        "review_status": "NOT_REVIEWED",
        "change_type": null,
        "source_change_type": null,
        "type_basis": null,
        "source_density": 0.0,
        "source_mean": 0.0,
        "density_rank": null,
        "interpreter_a_judgment": null,
        "interpreter_b_judgment": null,
        "interpreter_a_type": null,
        "interpreter_b_type": null,
        "interpreter_a_note": null,
        "interpreter_b_note": null,
        "interpreter_a_needs_check": null,
        "interpreter_b_needs_check": null,
        "experiment_id": "window-a-2019-2025-frozen"
      }
    },
    {
      "type": "Feature",
      "id": 2,
      "geometry": {
        "type": "Polygon",
        "coordinates": [
          [
            [
              139.66107722,
              35.65607184
            ],
            [
              139.66152638,
              35.65607184
            ],
            [
              139.66152638,
              35.65643679
            ],
            [
              139.66107722,
              35.65643679
            ],
            [
              139.66107722,
              35.65607184
            ]
          ]
        ]
      },
      "properties": {
        "mesh_id": 2,
        "source_feature_id": "310940,85068",
        "evaluation_class": "FN",
        "ground_truth": "CHANGE",
        "detected": false,
        "review_status": "AGREED",
        "change_type": null,
        "source_change_type": null,
        "type_basis": null,
        "source_density": 0.0,
        "source_mean": 0.0,
        "density_rank": null,
        "interpreter_a_judgment": "○",
        "interpreter_b_judgment": "○",
        "interpreter_a_type": "R",
        "interpreter_b_type": "N",
        "interpreter_a_note": null,
        "interpreter_b_note": null,
        "interpreter_a_needs_check": null,
        "interpreter_b_needs_check": null,
        "experiment_id": "window-a-2019-2025-frozen"
      }
    },
    {
      "type": "Feature",
      "id": 3,
      "geometry": {
        "type": "Polygon",
        "coordinates": [
          [
            [
              139.66152638,
              35.65607184
            ],
            [
              139.66197554,
              35.65607184
            ],
            [
              139.66197554,
              35.65643679
            ],
            [
              139.66152638,
              35.65643679
            ],
            [
              139.66152638,
              35.65607184
            ]
          ]
        ]
      },
      "properties": {
        "mesh_id": 3,
        "source_feature_id": "310941,85068",
        "evaluation_class": "NOT_EVALUATED",
        "ground_truth": null,
        "detected": false,
        "review_status": "NOT_REVIEWED",
        "change_type": null,
        "source_change_type": null,
        "type_basis": null,
        "source_density": 0.0,
        "source_mean": 0.0,
        "density_rank": null,
        "interpreter_a_judgment": null,
        "interpreter_b_judgment": null,
        "interpreter_a_type": null,
        "interpreter_b_type": null,
        "interpreter_a_note": null,
        "interpreter_b_note": null,
        "interpreter_a_needs_check": null,
        "interpreter_b_needs_check": null,
        "experiment_id": "window-a-2019-2025-frozen"
      }
    },
    {
      "type": "Feature",
      "id": 4,
      "geometry": {
        "type": "Polygon",
        "coordinates": [
          [
            [
              139.66197554,
              35.65607184
            ],
            [
              139.66242469,
              35.65607184
            ],
            [
              139.66242469,
              35.65643679
            ],
            [
              139.66197554,
              35.65643679
            ],
            [
              139.66197554,
              35.65607184
            ]
          ]
        ]
      },
      "properties": {
        "mesh_id": 4,
        "source_feature_id": "310942,85068",
        "evaluation_class": "NOT_EVALUATED",
        "ground_truth": null,
        "detected": false,
        "review_status": "NOT_REVIEWED",
        "change_type": null,
        "source_change_type": null,
        "type_basis": null,
        "source_density": 0.0,
        "source_mean": 0.0,
        "density_rank": null,
        "interpreter_a_judgment": null,
        "interpreter_b_judgment": null,
        "interpreter_a_type": null,
        "interpreter_b_type": null,
        "interpreter_a_note": null,
        "interpreter_b_note": null,
        "interpreter_a_needs_check": null,
        "interpreter_b_needs_check": null,
        "experiment_id": "window-a-2019-2025-frozen"
      }
    },
    {
      "type": "Feature",
      "id": 5,
      "geometry": {
        "type": "Polygon",
        "coordinates": [
          [
            [
              139.66242469,
              35.65607184
            ],
            [
              139.66287385,
              35.65607184
            ],
            [
              139.66287385,
              35.65643679
            ],
            [
              139.66242469,
              35.65643679
            ],
            [
              139.66242469,
              35.65607184
            ]
          ]
        ]
      },
      "properties": {
        "mesh_id": 5,
        "source_feature_id": "310943,85068",
        "evaluation_class": "NOT_EVALUATED",
        "ground_truth": null,
        "detected": false,
        "review_status": "NOT_REVIEWED",
        "change_type": null,
        "source_change_type": null,
        "type_basis": null,
        "source_density": 0.0,
        "source_mean": 0.0,
        "density_rank": null,
        "interpreter_a_judgment": null,
        "interpreter_b_judgment": null,
        "interpreter_a_type": null,
        "interpreter_b_type": null,
        "interpreter_a_note": null,
        "interpreter_b_note": null,
        "interpreter_a_needs_check": null,
        "interpreter_b_needs_check": null,
        "experiment_id": "window-a-2019-2025-frozen"
      }
    },
    {
      "type": "Feature",
      "id": 6,
      "geometry": {
        "type": "Polygon",
        "coordinates": [
          [
            [
              139.66287385,
              35.65607184
            ],
            [
              139.66332301,
              35.65607184
            ],
            [
              139.66332301,
              35.65643679
            ],
            [
              139.66287385,
              35.65643679
            ],
            [
              139.66287385,
              35.65607184
            ]
          ]
        ]
      },
      "properties": {
        "mesh_id": 6,
        "source_feature_id": "310944,85068",
        "evaluation_class": "NOT_EVALUATED",
        "ground_truth": null,
        "detected": false,
        "review_status": "NOT_REVIEWED",
        "change_type": null,
        "source_change_type": null,
        "type_basis": null,
        "source_density": 0.0,
        "source_mean": 0.0,
        "density_rank": null,
        "interpreter_a_judgment": null,
        "interpreter_b_judgment": null,
        "interpreter_a_type": null,
        "interpreter_b_type": null,
        "interpreter_a_note": null,
        "interpreter_b_note": null,
        "interpreter_a_needs_check": null,
        "interpreter_b_needs_check": null,
        "experiment_id": "window-a-2019-2025-frozen"
      }
    },
    {
      "type": "Feature",
      "id": 7,
      "geometry": {
        "type": "Polygon",
        "coordinates": [
          [
            [
              139.66332301,
              35.65607184
            ],
            [
              139.66377217,
              35.65607184
            ],
            [
              139.66377217,
              35.65643679
            ],
            [
              139.66332301,
              35.65643679
            ],
            [
              139.66332301,
              35.65607184
            ]
          ]
        ]
      },
      "properties": {
        "mesh_id": 7,
        "source_feature_id": "310945,85068",
        "evaluation_class": "NOT_EVALUATED",
        "ground_truth": null,
        "detected": false,
        "review_status": "NOT_REVIEWED",
        "change_type": null,
        "source_change_type": null,
        "type_basis": null,
        "source_density": 0.0,
        "source_mean": 0.0,
        "density_rank": null,
        "interpreter_a_judgment": null,
        "interpreter_b_judgment": null,
        "interpreter_a_type": null,
        "interpreter_b_type": null,
        "interpreter_a_note": null,
        "interpreter_b_note": null,
        "interpreter_a_needs_check": null,
        "interpreter_b_needs_check": null,
        "experiment_id": "window-a-2019-2025-frozen"
      }
    },
    {
      "type": "Feature",
      "id": 8,
      "geometry": {
        "type": "Polygon",
        "coordinates": [
          [
            [
              139.66377217,
              35.65607184
            ],
            [
              139.66422133,
              35.65607184
            ],
            [
              139.66422133,
              35.65643679
            ],
            [
              139.66377217,
              35.65643679
            ],
            [
              139.66377217,
              35.65607184
            ]
          ]
        ]
      },
      "properties": {
        "mesh_id": 8,
        "source_feature_id": "310946,85068",
        "evaluation_class": "NOT_EVALUATED",
        "ground_truth": null,
        "detected": false,
        "review_status": "NOT_REVIEWED",
        "change_type": null,
        "source_change_type": null,
        "type_basis": null,
        "source_density": 0.0,
        "source_mean": 0.0,
        "density_rank": null,
        "interpreter_a_judgment": null,
        "interpreter_b_judgment": null,
        "interpreter_a_type": null,
        "interpreter_b_type": null,
        "interpreter_a_note": null,
        "interpreter_b_note": null,
        "interpreter_a_needs_check": null,
        "interpreter_b_needs_check": null,
        "experiment_id": "window-a-2019-2025-frozen"
      }
    },
    {
      "type": "Feature",
      "id": 9,
      "geometry": {
        "type": "Polygon",
        "coordinates": [
          [
            [
              139.66422133,
              35.65607184
            ],
            [
              139.66467048,
              35.65607184
            ],
            [
              139.66467048,
              35.65643679
            ],
            [
              139.66422133,
              35.65643679
            ],
            [
              139.66422133,
              35.65607184
            ]
          ]
        ]
      },
      "properties": {
        "mesh_id": 9,
        "source_feature_id": "310947,85068",
        "evaluation_class": "NOT_EVALUATED",
        "ground_truth": null,
        "detected": false,
        "review_status": "NOT_REVIEWED",
        "change_type": null,
        "source_change_type": null,
        "type_basis": null,
        "source_density": 0.0,
        "source_mean": 0.0,
        "density_rank": null,
        "interpreter_a_judgment": null,
        "interpreter_b_judgment": null,
        "interpreter_a_type": null,
        "interpreter_b_type": null,
        "interpreter_a_note": null,
        "interpreter_b_note": null,
        "interpreter_a_needs_check": null,
        "interpreter_b_needs_check": null,
        "experiment_id": "window-a-2019-2025-frozen"
      }
    },
    {
      "type": "Feature",
      "id": 10,
      "geometry": {
        "type": "Polygon",
        "coordinates": [
          [
            [
              139.66467048,
              35.65607184
            ],
            [
              139.66511964,
              35.65607184
            ],
            [
              139.66511964,
              35.65643679
            ],
            [
              139.66467048,
              35.65643679
            ],
            [
              139.66467048,
              35.65607184
            ]
          ]
        ]
      },
      "properties": {
        "mesh_id": 10,
        "source_feature_id": "310948,85068",
        "evaluation_class": "FN",
        "ground_truth": "CHANGE",
        "detected": false,
        "review_status": "AGREED",
        "change_type": null,
        "source_change_type": null,
        "type_basis": null,
        "source_density": 0.0,
        "source_mean": 0.0,
        "density_rank": null,
        "interpreter_a_judgment": "○",
        "interpreter_b_judgment": "○",
        "interpreter_a_type": "D",
        "interpreter_b_type": "N",
        "interpreter_a_note": "（判読困難）→ 更地に",
        "interpreter_b_note": null,
        "interpreter_a_needs_check": "要確認",
        "interpreter_b_needs_check": null,
        "experiment_id": "window-a-2019-2025-frozen"
      }
    },
    {
      "type": "Feature",
      "id": 11,
      "geometry": {
        "type": "Polygon",
        "coordinates": [
          [
            [
              139.66511964,
              35.65607184
            ],
            [
              139.6655688,
              35.65607184
            ],
            [
              139.6655688,
              35.65643679
            ],
            [
              139.66511964,
              35.65643679
            ],
            [
              139.66511964,
              35.65607184
            ]
          ]
        ]
      },
      "properties": {
        "mesh_id": 11,
        "source_feature_id": "310949,85068",
        "evaluation_class": "NOT_EVALUATED",
        "ground_truth": null,
        "detected": false,
        "review_status": "NOT_REVIEWED",
        "change_type": null,
        "source_change_type": null,
        "type_basis": null,
        "source_density": 0.0,
        "source_mean": 0.0,
        "density_rank": null,
        "interpreter_a_judgment": null,
        "interpreter_b_judgment": null,
        "interpreter_a_type": null,
        "interpreter_b_type": null,
        "interpreter_a_note": null,
        "interpreter_b_note": null,
        "interpreter_a_needs_check": null,
        "interpreter_b_needs_check": null,
        "experiment_id": "window-a-2019-2025-frozen"
      }
    },
    {
      "type": "Feature",
      "id": 12,
      "geometry": {
        "type": "Polygon",
        "coordinates": [
          [
            [
              139.6655688,
              35.65607184
            ],
            [
              139.66601796,
              35.65607184
            ],
            [
              139.66601796,
              35.65643679
            ],
            [
              139.6655688,
              35.65643679
            ],
            [
              139.6655688,
              35.65607184
            ]
          ]
        ]
      },
      "properties": {
        "mesh_id": 12,
        "source_feature_id": "310950,85068",
        "evaluation_class": "NOT_EVALUATED",
        "ground_truth": null,
        "detected": false,
        "review_status": "NOT_REVIEWED",
        "change_type": null,
        "source_change_type": null,
        "type_basis": null,
        "source_density": 0.0,
        "source_mean": 0.0,
        "density_rank": null,
        "interpreter_a_judgment": null,
        "interpreter_b_judgment": null,
        "interpreter_a_type": null,
        "interpreter_b_type": null,
        "interpreter_a_note": null,
        "interpreter_b_note": null,
        "interpreter_a_needs_check": null,
        "interpreter_b_needs_check": null,
        "experiment_id": "window-a-2019-2025-frozen"
      }
    },
    {
      "type": "Feature",
      "id": 13,
      "geometry": {
        "type": "Polygon",
        "coordinates": [
          [
            [
              139.66601796,
              35.65607184
            ],
            [
              139.66646711,
              35.65607184
            ],
            [
              139.66646711,
              35.65643679
            ],
            [
              139.66601796,
              35.65643679
            ],
            [
              139.66601796,
              35.65607184
            ]
          ]
        ]
      },
      "properties": {
        "mesh_id": 13,
        "source_feature_id": "310951,85068",
        "evaluation_class": "NOT_EVALUATED",
        "ground_truth": null,
        "detected": false,
        "review_status": "NOT_REVIEWED",
        "change_type": null,
        "source_change_type": null,
        "type_basis": null,
        "source_density": 0.0,
        "source_mean": 0.0,
        "density_rank": null,
        "interpreter_a_judgment": null,
        "interpreter_b_judgment": null,
        "interpreter_a_type": null,
        "interpreter_b_type": null,
        "interpreter_a_note": null,
        "interpreter_b_note": null,
        "interpreter_a_needs_check": null,
        "interpreter_b_needs_check": null,
        "experiment_id": "window-a-2019-2025-frozen"
      }
    },
    {
      "type": "Feature",
      "id": 14,
      "geometry": {
        "type": "Polygon",
        "coordinates": [
          [
            [
              139.66646711,
              35.65607184
            ],
            [
              139.66691627,
              35.65607184
            ],
            [
              139.66691627,
              35.65643679
            ],
            [
              139.66646711,
              35.65643679
            ],
            [
              139.66646711,
              35.65607184
            ]
          ]
        ]
      },
      "properties": {
        "mesh_id": 14,
        "source_feature_id": "310952,85068",
        "evaluation_class": "NOT_EVALUATED",
        "ground_truth": null,
        "detected": false,
        "review_status": "NOT_REVIEWED",
        "change_type": null,
        "source_change_type": null,
        "type_basis": null,
        "source_density": 0.0,
        "source_mean": 0.0,
        "density_rank": null,
        "interpreter_a_judgment": null,
        "interpreter_b_judgment": null,
        "interpreter_a_type": null,
        "interpreter_b_type": null,
        "interpreter_a_note": null,
        "interpreter_b_note": null,
        "interpreter_a_needs_check": null,
        "interpreter_b_needs_check": null,
        "experiment_id": "window-a-2019-2025-frozen"
      }
    },
    {
      "type": "Feature",
      "id": 15,
      "geometry": {
        "type": "Polygon",
        "coordinates": [
          [
            [
              139.66691627,
              35.65607184
            ],
            [
              139.66736543,
              35.65607184
            ],
            [
              139.66736543,
              35.65643679
            ],
            [
              139.66691627,
              35.65643679
            ],
            [
              139.66691627,
              35.65607184
            ]
          ]
        ]
      },
      "properties": {
        "mesh_id": 15,
        "source_feature_id": "310953,85068",
        "evaluation_class": "NOT_EVALUATED",
        "ground_truth": null,
        "detected": false,
        "review_status": "NOT_REVIEWED",
        "change_type": null,
        "source_change_type": null,
        "type_basis": null,
        "source_density": 0.0,
        "source_mean": 0.0,
        "density_rank": null,
        "interpreter_a_judgment": null,
        "interpreter_b_judgment": null,
        "interpreter_a_type": null,
        "interpreter_b_type": null,
        "interpreter_a_note": null,
        "interpreter_b_note": null,
        "interpreter_a_needs_check": null,
        "interpreter_b_needs_check": null,
        "experiment_id": "window-a-2019-2025-frozen"
      }
    },
    {
      "type": "Feature",
      "id": 16,
      "geometry": {
        "type": "Polygon",
        "coordinates": [
          [
            [
              139.66736543,
              35.65607184
            ],
            [
              139.66781459,
              35.65607184
            ],
            [
              139.66781459,
              35.65643679
            ],
            [
              139.66736543,
              35.65643679
            ],
            [
              139.66736543,
              35.65607184
            ]
          ]
        ]
      },
      "properties": {
        "mesh_id": 16,
        "source_feature_id": "310954,85068",
        "evaluation_class": "NOT_EVALUATED",
        "ground_truth": null,
        "detected": true,
        "review_status": "DISAGREED",
        "change_type": null,
        "source_change_type": null,
        "type_basis": null,
        "source_density": 0.19691119691119685,
        "source_mean": 0.19691119691119685,
        "density_rank": 6,
        "interpreter_a_judgment": "△",
        "interpreter_b_judgment": "○",
        "interpreter_a_type": null,
        "interpreter_b_type": "N",
        "interpreter_a_note": "駐車場がなくなった（?）",
        "interpreter_b_note": "駐車場",
        "interpreter_a_needs_check": "要確認",
        "interpreter_b_needs_check": null,
        "experiment_id": "window-a-2019-2025-frozen"
      }
    },
    {
      "type": "Feature",
      "id": 17,
      "geometry": {
        "type": "Polygon",
        "coordinates": [
          [
            [
              139.66781459,
              35.65607184
            ],
            [
              139.66826374,
              35.65607184
            ],
            [
              139.66826374,
              35.65643679
            ],
            [
              139.66781459,
              35.65643679
            ],
            [
              139.66781459,
              35.65607184
            ]
          ]
        ]
      },
      "properties": {
        "mesh_id": 17,
        "source_feature_id": "310955,85068",
        "evaluation_class": "NOT_EVALUATED",
        "ground_truth": null,
        "detected": false,
        "review_status": "NOT_REVIEWED",
        "change_type": null,
        "source_change_type": null,
        "type_basis": null,
        "source_density": 0.0,
        "source_mean": 0.0,
        "density_rank": null,
        "interpreter_a_judgment": null,
        "interpreter_b_judgment": null,
        "interpreter_a_type": null,
        "interpreter_b_type": null,
        "interpreter_a_note": null,
        "interpreter_b_note": null,
        "interpreter_a_needs_check": null,
        "interpreter_b_needs_check": null,
        "experiment_id": "window-a-2019-2025-frozen"
      }
    },
    {
      "type": "Feature",
      "id": 18,
      "geometry": {
        "type": "Polygon",
        "coordinates": [
          [
            [
              139.66826374,
              35.65607184
            ],
            [
              139.6687129,
              35.65607184
            ],
            [
              139.6687129,
              35.65643679
            ],
            [
              139.66826374,
              35.65643679
            ],
            [
              139.66826374,
              35.65607184
            ]
          ]
        ]
      },
      "properties": {
        "mesh_id": 18,
        "source_feature_id": "310956,85068",
        "evaluation_class": "NOT_EVALUATED",
        "ground_truth": null,
        "detected": false,
        "review_status": "NOT_REVIEWED",
        "change_type": null,
        "source_change_type": null,
        "type_basis": null,
        "source_density": 0.0,
        "source_mean": 0.0,
        "density_rank": null,
        "interpreter_a_judgment": null,
        "interpreter_b_judgment": null,
        "interpreter_a_type": null,
        "interpreter_b_type": null,
        "interpreter_a_note": null,
        "interpreter_b_note": null,
        "interpreter_a_needs_check": null,
        "interpreter_b_needs_check": null,
        "experiment_id": "window-a-2019-2025-frozen"
      }
    },
    {
      "type": "Feature",
      "id": 19,
      "geometry": {
        "type": "Polygon",
        "coordinates": [
          [
            [
              139.6687129,
              35.65607184
            ],
            [
              139.66916206,
              35.65607184
            ],
            [
              139.66916206,
              35.65643679
            ],
            [
              139.6687129,
              35.65643679
            ],
            [
              139.6687129,
              35.65607184
            ]
          ]
        ]
      },
      "properties": {
        "mesh_id": 19,
        "source_feature_id": "310957,85068",
        "evaluation_class": "NOT_EVALUATED",
        "ground_truth": null,
        "detected": false,
        "review_status": "NOT_REVIEWED",
        "change_type": null,
        "source_change_type": null,
        "type_basis": null,
        "source_density": 0.0,
        "source_mean": 0.0,
        "density_rank": null,
        "interpreter_a_judgment": null,
        "interpreter_b_judgment": null,
        "interpreter_a_type": null,
        "interpreter_b_type": null,
        "interpreter_a_note": null,
        "interpreter_b_note": null,
        "interpreter_a_needs_check": null,
        "interpreter_b_needs_check": null,
        "experiment_id": "window-a-2019-2025-frozen"
      }
    },
    {
      "type": "Feature",
      "id": 20,
      "geometry": {
        "type": "Polygon",
        "coordinates": [
          [
            [
              139.66916206,
              35.65607184
            ],
            [
              139.66961122,
              35.65607184
            ],
            [
              139.66961122,
              35.65643679
            ],
            [
              139.66916206,
              35.65643679
            ],
            [
              139.66916206,
              35.65607184
            ]
          ]
        ]
      },
      "properties": {
        "mesh_id": 20,
        "source_feature_id": "310958,85068",
        "evaluation_class": "NOT_EVALUATED",
        "ground_truth": null,
        "detected": false,
        "review_status": "NOT_REVIEWED",
        "change_type": null,
        "source_change_type": null,
        "type_basis": null,
        "source_density": 0.0,
        "source_mean": 0.0,
        "density_rank": null,
        "interpreter_a_judgment": null,
        "interpreter_b_judgment": null,
        "interpreter_a_type": null,
        "interpreter_b_type": null,
        "interpreter_a_note": null,
        "interpreter_b_note": null,
        "interpreter_a_needs_check": null,
        "interpreter_b_needs_check": null,
        "experiment_id": "window-a-2019-2025-frozen"
      }
    },
    {
      "type": "Feature",
      "id": 21,
      "geometry": {
        "type": "Polygon",
        "coordinates": [
          [
            [
              139.66961122,
              35.65607184
            ],
            [
              139.67006037,
              35.65607184
            ],
            [
              139.67006037,
              35.65643679
            ],
            [
              139.66961122,
              35.65643679
            ],
            [
              139.66961122,
              35.65607184
            ]
          ]
        ]
      },
      "properties": {
        "mesh_id": 21,
        "source_feature_id": "310959,85068",
        "evaluation_class": "NOT_EVALUATED",
        "ground_truth": null,
        "detected": false,
        "review_status": "NOT_REVIEWED",
        "change_type": null,
        "source_change_type": null,
        "type_basis": null,
        "source_density": 0.0,
        "source_mean": 0.0,
        "density_rank": null,
        "interpreter_a_judgment": null,
        "interpreter_b_judgment": null,
        "interpreter_a_type": null,
        "interpreter_b_type": null,
        "interpreter_a_note": null,
        "interpreter_b_note": null,
        "interpreter_a_needs_check": null,
        "interpreter_b_needs_check": null,
        "experiment_id": "window-a-2019-2025-frozen"
      }
    },
    {
      "type": "Feature",
      "id": 22,
      "geometry": {
        "type": "Polygon",
        "coordinates": [
          [
            [
              139.67006037,
              35.65607184
            ],
            [
              139.67050953,
              35.65607184
            ],
            [
              139.67050953,
              35.65643679
            ],
            [
              139.67006037,
              35.65643679
            ],
            [
              139.67006037,
              35.65607184
            ]
          ]
        ]
      },
      "properties": {
        "mesh_id": 22,
        "source_feature_id": "310960,85068",
        "evaluation_class": "NOT_EVALUATED",
        "ground_truth": null,
        "detected": false,
        "review_status": "NOT_REVIEWED",
        "change_type": null,
        "source_change_type": null,
        "type_basis": null,
        "source_density": 0.0,
        "source_mean": 0.0,
        "density_rank": null,
        "interpreter_a_judgment": null,
        "interpreter_b_judgment": null,
        "interpreter_a_type": null,
        "interpreter_b_type": null,
        "interpreter_a_note": null,
        "interpreter_b_note": null,
        "interpreter_a_needs_check": null,
        "interpreter_b_needs_check": null,
        "experiment_id": "window-a-2019-2025-frozen"
      }
    },
    {
      "type": "Feature",
      "id": 23,
      "geometry": {
        "type": "Polygon",
        "coordinates": [
          [
            [
              139.67050953,
              35.65607184
            ],
            [
              139.67095869,
              35.65607184
            ],
            [
              139.67095869,
              35.65643679
            ],
            [
              139.67050953,
              35.65643679
            ],
            [
              139.67050953,
              35.65607184
            ]
          ]
        ]
      },
      "properties": {
        "mesh_id": 23,
        "source_feature_id": "310961,85068",
        "evaluation_class": "NOT_EVALUATED",
        "ground_truth": null,
        "detected": false,
        "review_status": "NOT_REVIEWED",
        "change_type": null,
        "source_change_type": null,
        "type_basis": null,
        "source_density": 0.0,
        "source_mean": 0.0,
        "density_rank": null,
        "interpreter_a_judgment": null,
        "interpreter_b_judgment": null,
        "interpreter_a_type": null,
        "interpreter_b_type": null,
        "interpreter_a_note": null,
        "interpreter_b_note": null,
        "interpreter_a_needs_check": null,
        "interpreter_b_needs_check": null,
        "experiment_id": "window-a-2019-2025-frozen"
      }
    },
    {
      "type": "Feature",
      "id": 24,
      "geometry": {
        "type": "Polygon",
        "coordinates": [
          [
            [
              139.67095869,
              35.65607184
            ],
            [
              139.67140785,
              35.65607184
            ],
            [
              139.67140785,
              35.65643679
            ],
            [
              139.67095869,
              35.65643679
            ],
            [
              139.67095869,
              35.65607184
            ]
          ]
        ]
      },
      "properties": {
        "mesh_id": 24,
        "source_feature_id": "310962,85068",
        "evaluation_class": "NOT_EVALUATED",
        "ground_truth": null,
        "detected": false,
        "review_status": "NOT_REVIEWED",
        "change_type": null,
        "source_change_type": null,
        "type_basis": null,
        "source_density": 0.0,
        "source_mean": 0.0,
        "density_rank": null,
        "interpreter_a_judgment": null,
        "interpreter_b_judgment": null,
        "interpreter_a_type": null,
        "interpreter_b_type": null,
        "interpreter_a_note": null,
        "interpreter_b_note": null,
        "interpreter_a_needs_check": null,
        "interpreter_b_needs_check": null,
        "experiment_id": "window-a-2019-2025-frozen"
      }
    },
    {
      "type": "Feature",
      "id": 25,
      "geometry": {
        "type": "Polygon",
        "coordinates": [
          [
            [
              139.67140785,
              35.65607184
            ],
            [
              139.67185701,
              35.65607184
            ],
            [
              139.67185701,
              35.65643679
            ],
            [
              139.67140785,
              35.65643679
            ],
            [
              139.67140785,
              35.65607184
            ]
          ]
        ]
      },
      "properties": {
        "mesh_id": 25,
        "source_feature_id": "310963,85068",
        "evaluation_class": "TP",
        "ground_truth": "CHANGE",
        "detected": true,
        "review_status": "AGREED",
        "change_type": "REBUILDING",
        "source_change_type": "R",
        "type_basis": "文字列完全一致",
        "source_density": 0.04922779922779921,
        "source_mean": 0.04922779922779921,
        "density_rank": 24,
        "interpreter_a_judgment": "○",
        "interpreter_b_judgment": "○",
        "interpreter_a_type": "R",
        "interpreter_b_type": "R",
        "interpreter_a_note": "新築か不明",
        "interpreter_b_note": "（×を訂正して○）",
        "interpreter_a_needs_check": "要確認",
        "interpreter_b_needs_check": "要確認",
        "experiment_id": "window-a-2019-2025-frozen"
      }
    },
    {
      "type": "Feature",
      "id": 26,
      "geometry": {
        "type": "Polygon",
        "coordinates": [
          [
            [
              139.66017891,
              35.65643679
            ],
            [
              139.66062806,
              35.65643679
            ],
            [
              139.66062806,
              35.65680174
            ],
            [
              139.66017891,
              35.65680174
            ],
            [
              139.66017891,
              35.65643679
            ]
          ]
        ]
      },
      "properties": {
        "mesh_id": 26,
        "source_feature_id": "310938,85069",
        "evaluation_class": "NOT_EVALUATED",
        "ground_truth": null,
        "detected": false,
        "review_status": "NOT_REVIEWED",
        "change_type": null,
        "source_change_type": null,
        "type_basis": null,
        "source_density": 0.0,
        "source_mean": 0.0,
        "density_rank": null,
        "interpreter_a_judgment": null,
        "interpreter_b_judgment": null,
        "interpreter_a_type": null,
        "interpreter_b_type": null,
        "interpreter_a_note": null,
        "interpreter_b_note": null,
        "interpreter_a_needs_check": null,
        "interpreter_b_needs_check": null,
        "experiment_id": "window-a-2019-2025-frozen"
      }
    },
    {
      "type": "Feature",
      "id": 27,
      "geometry": {
        "type": "Polygon",
        "coordinates": [
          [
            [
              139.66062806,
              35.65643679
            ],
            [
              139.66107722,
              35.65643679
            ],
            [
              139.66107722,
              35.65680174
            ],
            [
              139.66062806,
              35.65680174
            ],
            [
              139.66062806,
              35.65643679
            ]
          ]
        ]
      },
      "properties": {
        "mesh_id": 27,
        "source_feature_id": "310939,85069",
        "evaluation_class": "NOT_EVALUATED",
        "ground_truth": null,
        "detected": false,
        "review_status": "NOT_REVIEWED",
        "change_type": null,
        "source_change_type": null,
        "type_basis": null,
        "source_density": 0.0,
        "source_mean": 0.0,
        "density_rank": null,
        "interpreter_a_judgment": null,
        "interpreter_b_judgment": null,
        "interpreter_a_type": null,
        "interpreter_b_type": null,
        "interpreter_a_note": null,
        "interpreter_b_note": null,
        "interpreter_a_needs_check": null,
        "interpreter_b_needs_check": null,
        "experiment_id": "window-a-2019-2025-frozen"
      }
    },
    {
      "type": "Feature",
      "id": 28,
      "geometry": {
        "type": "Polygon",
        "coordinates": [
          [
            [
              139.66107722,
              35.65643679
            ],
            [
              139.66152638,
              35.65643679
            ],
            [
              139.66152638,
              35.65680174
            ],
            [
              139.66107722,
              35.65680174
            ],
            [
              139.66107722,
              35.65643679
            ]
          ]
        ]
      },
      "properties": {
        "mesh_id": 28,
        "source_feature_id": "310940,85069",
        "evaluation_class": "NOT_EVALUATED",
        "ground_truth": null,
        "detected": false,
        "review_status": "NOT_REVIEWED",
        "change_type": null,
        "source_change_type": null,
        "type_basis": null,
        "source_density": 0.0,
        "source_mean": 0.0,
        "density_rank": null,
        "interpreter_a_judgment": null,
        "interpreter_b_judgment": null,
        "interpreter_a_type": null,
        "interpreter_b_type": null,
        "interpreter_a_note": null,
        "interpreter_b_note": null,
        "interpreter_a_needs_check": null,
        "interpreter_b_needs_check": null,
        "experiment_id": "window-a-2019-2025-frozen"
      }
    },
    {
      "type": "Feature",
      "id": 29,
      "geometry": {
        "type": "Polygon",
        "coordinates": [
          [
            [
              139.66152638,
              35.65643679
            ],
            [
              139.66197554,
              35.65643679
            ],
            [
              139.66197554,
              35.65680174
            ],
            [
              139.66152638,
              35.65680174
            ],
            [
              139.66152638,
              35.65643679
            ]
          ]
        ]
      },
      "properties": {
        "mesh_id": 29,
        "source_feature_id": "310941,85069",
        "evaluation_class": "NOT_EVALUATED",
        "ground_truth": null,
        "detected": false,
        "review_status": "NOT_REVIEWED",
        "change_type": null,
        "source_change_type": null,
        "type_basis": null,
        "source_density": 0.0,
        "source_mean": 0.0,
        "density_rank": null,
        "interpreter_a_judgment": null,
        "interpreter_b_judgment": null,
        "interpreter_a_type": null,
        "interpreter_b_type": null,
        "interpreter_a_note": null,
        "interpreter_b_note": null,
        "interpreter_a_needs_check": null,
        "interpreter_b_needs_check": null,
        "experiment_id": "window-a-2019-2025-frozen"
      }
    },
    {
      "type": "Feature",
      "id": 30,
      "geometry": {
        "type": "Polygon",
        "coordinates": [
          [
            [
              139.66197554,
              35.65643679
            ],
            [
              139.66242469,
              35.65643679
            ],
            [
              139.66242469,
              35.65680174
            ],
            [
              139.66197554,
              35.65680174
            ],
            [
              139.66197554,
              35.65643679
            ]
          ]
        ]
      },
      "properties": {
        "mesh_id": 30,
        "source_feature_id": "310942,85069",
        "evaluation_class": "NOT_EVALUATED",
        "ground_truth": null,
        "detected": false,
        "review_status": "NOT_REVIEWED",
        "change_type": null,
        "source_change_type": null,
        "type_basis": null,
        "source_density": 0.0,
        "source_mean": 0.0,
        "density_rank": null,
        "interpreter_a_judgment": null,
        "interpreter_b_judgment": null,
        "interpreter_a_type": null,
        "interpreter_b_type": null,
        "interpreter_a_note": null,
        "interpreter_b_note": null,
        "interpreter_a_needs_check": null,
        "interpreter_b_needs_check": null,
        "experiment_id": "window-a-2019-2025-frozen"
      }
    },
    {
      "type": "Feature",
      "id": 31,
      "geometry": {
        "type": "Polygon",
        "coordinates": [
          [
            [
              139.66242469,
              35.65643679
            ],
            [
              139.66287385,
              35.65643679
            ],
            [
              139.66287385,
              35.65680174
            ],
            [
              139.66242469,
              35.65680174
            ],
            [
              139.66242469,
              35.65643679
            ]
          ]
        ]
      },
      "properties": {
        "mesh_id": 31,
        "source_feature_id": "310943,85069",
        "evaluation_class": "NOT_EVALUATED",
        "ground_truth": null,
        "detected": false,
        "review_status": "NOT_REVIEWED",
        "change_type": null,
        "source_change_type": null,
        "type_basis": null,
        "source_density": 0.0,
        "source_mean": 0.0,
        "density_rank": null,
        "interpreter_a_judgment": null,
        "interpreter_b_judgment": null,
        "interpreter_a_type": null,
        "interpreter_b_type": null,
        "interpreter_a_note": null,
        "interpreter_b_note": null,
        "interpreter_a_needs_check": null,
        "interpreter_b_needs_check": null,
        "experiment_id": "window-a-2019-2025-frozen"
      }
    },
    {
      "type": "Feature",
      "id": 32,
      "geometry": {
        "type": "Polygon",
        "coordinates": [
          [
            [
              139.66287385,
              35.65643679
            ],
            [
              139.66332301,
              35.65643679
            ],
            [
              139.66332301,
              35.65680174
            ],
            [
              139.66287385,
              35.65680174
            ],
            [
              139.66287385,
              35.65643679
            ]
          ]
        ]
      },
      "properties": {
        "mesh_id": 32,
        "source_feature_id": "310944,85069",
        "evaluation_class": "NOT_EVALUATED",
        "ground_truth": null,
        "detected": false,
        "review_status": "NOT_REVIEWED",
        "change_type": null,
        "source_change_type": null,
        "type_basis": null,
        "source_density": 0.0,
        "source_mean": 0.0,
        "density_rank": null,
        "interpreter_a_judgment": null,
        "interpreter_b_judgment": null,
        "interpreter_a_type": null,
        "interpreter_b_type": null,
        "interpreter_a_note": null,
        "interpreter_b_note": null,
        "interpreter_a_needs_check": null,
        "interpreter_b_needs_check": null,
        "experiment_id": "window-a-2019-2025-frozen"
      }
    },
    {
      "type": "Feature",
      "id": 33,
      "geometry": {
        "type": "Polygon",
        "coordinates": [
          [
            [
              139.66332301,
              35.65643679
            ],
            [
              139.66377217,
              35.65643679
            ],
            [
              139.66377217,
              35.65680174
            ],
            [
              139.66332301,
              35.65680174
            ],
            [
              139.66332301,
              35.65643679
            ]
          ]
        ]
      },
      "properties": {
        "mesh_id": 33,
        "source_feature_id": "310945,85069",
        "evaluation_class": "NOT_EVALUATED",
        "ground_truth": null,
        "detected": false,
        "review_status": "DISAGREED",
        "change_type": null,
        "source_change_type": null,
        "type_basis": null,
        "source_density": 0.0,
        "source_mean": 0.0,
        "density_rank": null,
        "interpreter_a_judgment": "×",
        "interpreter_b_judgment": "○",
        "interpreter_a_type": null,
        "interpreter_b_type": "R",
        "interpreter_a_note": null,
        "interpreter_b_note": null,
        "interpreter_a_needs_check": null,
        "interpreter_b_needs_check": null,
        "experiment_id": "window-a-2019-2025-frozen"
      }
    },
    {
      "type": "Feature",
      "id": 34,
      "geometry": {
        "type": "Polygon",
        "coordinates": [
          [
            [
              139.66377217,
              35.65643679
            ],
            [
              139.66422133,
              35.65643679
            ],
            [
              139.66422133,
              35.65680174
            ],
            [
              139.66377217,
              35.65680174
            ],
            [
              139.66377217,
              35.65643679
            ]
          ]
        ]
      },
      "properties": {
        "mesh_id": 34,
        "source_feature_id": "310946,85069",
        "evaluation_class": "NOT_EVALUATED",
        "ground_truth": null,
        "detected": false,
        "review_status": "NOT_REVIEWED",
        "change_type": null,
        "source_change_type": null,
        "type_basis": null,
        "source_density": 0.0,
        "source_mean": 0.0,
        "density_rank": null,
        "interpreter_a_judgment": null,
        "interpreter_b_judgment": null,
        "interpreter_a_type": null,
        "interpreter_b_type": null,
        "interpreter_a_note": null,
        "interpreter_b_note": null,
        "interpreter_a_needs_check": null,
        "interpreter_b_needs_check": null,
        "experiment_id": "window-a-2019-2025-frozen"
      }
    },
    {
      "type": "Feature",
      "id": 35,
      "geometry": {
        "type": "Polygon",
        "coordinates": [
          [
            [
              139.66422133,
              35.65643679
            ],
            [
              139.66467048,
              35.65643679
            ],
            [
              139.66467048,
              35.65680174
            ],
            [
              139.66422133,
              35.65680174
            ],
            [
              139.66422133,
              35.65643679
            ]
          ]
        ]
      },
      "properties": {
        "mesh_id": 35,
        "source_feature_id": "310947,85069",
        "evaluation_class": "NOT_EVALUATED",
        "ground_truth": null,
        "detected": false,
        "review_status": "NOT_REVIEWED",
        "change_type": null,
        "source_change_type": null,
        "type_basis": null,
        "source_density": 0.0,
        "source_mean": 0.0,
        "density_rank": null,
        "interpreter_a_judgment": null,
        "interpreter_b_judgment": null,
        "interpreter_a_type": null,
        "interpreter_b_type": null,
        "interpreter_a_note": null,
        "interpreter_b_note": null,
        "interpreter_a_needs_check": null,
        "interpreter_b_needs_check": null,
        "experiment_id": "window-a-2019-2025-frozen"
      }
    },
    {
      "type": "Feature",
      "id": 36,
      "geometry": {
        "type": "Polygon",
        "coordinates": [
          [
            [
              139.66467048,
              35.65643679
            ],
            [
              139.66511964,
              35.65643679
            ],
            [
              139.66511964,
              35.65680174
            ],
            [
              139.66467048,
              35.65680174
            ],
            [
              139.66467048,
              35.65643679
            ]
          ]
        ]
      },
      "properties": {
        "mesh_id": 36,
        "source_feature_id": "310948,85069",
        "evaluation_class": "NOT_EVALUATED",
        "ground_truth": null,
        "detected": false,
        "review_status": "NOT_REVIEWED",
        "change_type": null,
        "source_change_type": null,
        "type_basis": null,
        "source_density": 0.0,
        "source_mean": 0.0,
        "density_rank": null,
        "interpreter_a_judgment": null,
        "interpreter_b_judgment": null,
        "interpreter_a_type": null,
        "interpreter_b_type": null,
        "interpreter_a_note": null,
        "interpreter_b_note": null,
        "interpreter_a_needs_check": null,
        "interpreter_b_needs_check": null,
        "experiment_id": "window-a-2019-2025-frozen"
      }
    },
    {
      "type": "Feature",
      "id": 37,
      "geometry": {
        "type": "Polygon",
        "coordinates": [
          [
            [
              139.66511964,
              35.65643679
            ],
            [
              139.6655688,
              35.65643679
            ],
            [
              139.6655688,
              35.65680174
            ],
            [
              139.66511964,
              35.65680174
            ],
            [
              139.66511964,
              35.65643679
            ]
          ]
        ]
      },
      "properties": {
        "mesh_id": 37,
        "source_feature_id": "310949,85069",
        "evaluation_class": "NOT_EVALUATED",
        "ground_truth": null,
        "detected": false,
        "review_status": "NOT_REVIEWED",
        "change_type": null,
        "source_change_type": null,
        "type_basis": null,
        "source_density": 0.0,
        "source_mean": 0.0,
        "density_rank": null,
        "interpreter_a_judgment": null,
        "interpreter_b_judgment": null,
        "interpreter_a_type": null,
        "interpreter_b_type": null,
        "interpreter_a_note": null,
        "interpreter_b_note": null,
        "interpreter_a_needs_check": null,
        "interpreter_b_needs_check": null,
        "experiment_id": "window-a-2019-2025-frozen"
      }
    },
    {
      "type": "Feature",
      "id": 38,
      "geometry": {
        "type": "Polygon",
        "coordinates": [
          [
            [
              139.6655688,
              35.65643679
            ],
            [
              139.66601796,
              35.65643679
            ],
            [
              139.66601796,
              35.65680174
            ],
            [
              139.6655688,
              35.65680174
            ],
            [
              139.6655688,
              35.65643679
            ]
          ]
        ]
      },
      "properties": {
        "mesh_id": 38,
        "source_feature_id": "310950,85069",
        "evaluation_class": "NOT_EVALUATED",
        "ground_truth": null,
        "detected": false,
        "review_status": "NOT_REVIEWED",
        "change_type": null,
        "source_change_type": null,
        "type_basis": null,
        "source_density": 0.0,
        "source_mean": 0.0,
        "density_rank": null,
        "interpreter_a_judgment": null,
        "interpreter_b_judgment": null,
        "interpreter_a_type": null,
        "interpreter_b_type": null,
        "interpreter_a_note": null,
        "interpreter_b_note": null,
        "interpreter_a_needs_check": null,
        "interpreter_b_needs_check": null,
        "experiment_id": "window-a-2019-2025-frozen"
      }
    },
    {
      "type": "Feature",
      "id": 39,
      "geometry": {
        "type": "Polygon",
        "coordinates": [
          [
            [
              139.66601796,
              35.65643679
            ],
            [
              139.66646711,
              35.65643679
            ],
            [
              139.66646711,
              35.65680174
            ],
            [
              139.66601796,
              35.65680174
            ],
            [
              139.66601796,
              35.65643679
            ]
          ]
        ]
      },
      "properties": {
        "mesh_id": 39,
        "source_feature_id": "310951,85069",
        "evaluation_class": "NOT_EVALUATED",
        "ground_truth": null,
        "detected": false,
        "review_status": "NOT_REVIEWED",
        "change_type": null,
        "source_change_type": null,
        "type_basis": null,
        "source_density": 0.0,
        "source_mean": 0.0,
        "density_rank": null,
        "interpreter_a_judgment": null,
        "interpreter_b_judgment": null,
        "interpreter_a_type": null,
        "interpreter_b_type": null,
        "interpreter_a_note": null,
        "interpreter_b_note": null,
        "interpreter_a_needs_check": null,
        "interpreter_b_needs_check": null,
        "experiment_id": "window-a-2019-2025-frozen"
      }
    },
    {
      "type": "Feature",
      "id": 40,
      "geometry": {
        "type": "Polygon",
        "coordinates": [
          [
            [
              139.66646711,
              35.65643679
            ],
            [
              139.66691627,
              35.65643679
            ],
            [
              139.66691627,
              35.65680174
            ],
            [
              139.66646711,
              35.65680174
            ],
            [
              139.66646711,
              35.65643679
            ]
          ]
        ]
      },
      "properties": {
        "mesh_id": 40,
        "source_feature_id": "310952,85069",
        "evaluation_class": "NOT_EVALUATED",
        "ground_truth": null,
        "detected": false,
        "review_status": "NOT_REVIEWED",
        "change_type": null,
        "source_change_type": null,
        "type_basis": null,
        "source_density": 0.0,
        "source_mean": 0.0,
        "density_rank": null,
        "interpreter_a_judgment": null,
        "interpreter_b_judgment": null,
        "interpreter_a_type": null,
        "interpreter_b_type": null,
        "interpreter_a_note": null,
        "interpreter_b_note": null,
        "interpreter_a_needs_check": null,
        "interpreter_b_needs_check": null,
        "experiment_id": "window-a-2019-2025-frozen"
      }
    },
    {
      "type": "Feature",
      "id": 41,
      "geometry": {
        "type": "Polygon",
        "coordinates": [
          [
            [
              139.66691627,
              35.65643679
            ],
            [
              139.66736543,
              35.65643679
            ],
            [
              139.66736543,
              35.65680174
            ],
            [
              139.66691627,
              35.65680174
            ],
            [
              139.66691627,
              35.65643679
            ]
          ]
        ]
      },
      "properties": {
        "mesh_id": 41,
        "source_feature_id": "310953,85069",
        "evaluation_class": "NOT_EVALUATED",
        "ground_truth": null,
        "detected": false,
        "review_status": "NOT_REVIEWED",
        "change_type": null,
        "source_change_type": null,
        "type_basis": null,
        "source_density": 0.0,
        "source_mean": 0.0,
        "density_rank": null,
        "interpreter_a_judgment": null,
        "interpreter_b_judgment": null,
        "interpreter_a_type": null,
        "interpreter_b_type": null,
        "interpreter_a_note": null,
        "interpreter_b_note": null,
        "interpreter_a_needs_check": null,
        "interpreter_b_needs_check": null,
        "experiment_id": "window-a-2019-2025-frozen"
      }
    },
    {
      "type": "Feature",
      "id": 42,
      "geometry": {
        "type": "Polygon",
        "coordinates": [
          [
            [
              139.66736543,
              35.65643679
            ],
            [
              139.66781459,
              35.65643679
            ],
            [
              139.66781459,
              35.65680174
            ],
            [
              139.66736543,
              35.65680174
            ],
            [
              139.66736543,
              35.65643679
            ]
          ]
        ]
      },
      "properties": {
        "mesh_id": 42,
        "source_feature_id": "310954,85069",
        "evaluation_class": "NOT_EVALUATED",
        "ground_truth": null,
        "detected": false,
        "review_status": "NOT_REVIEWED",
        "change_type": null,
        "source_change_type": null,
        "type_basis": null,
        "source_density": 0.0,
        "source_mean": 0.0,
        "density_rank": null,
        "interpreter_a_judgment": null,
        "interpreter_b_judgment": null,
        "interpreter_a_type": null,
        "interpreter_b_type": null,
        "interpreter_a_note": null,
        "interpreter_b_note": null,
        "interpreter_a_needs_check": null,
        "interpreter_b_needs_check": null,
        "experiment_id": "window-a-2019-2025-frozen"
      }
    },
    {
      "type": "Feature",
      "id": 43,
      "geometry": {
        "type": "Polygon",
        "coordinates": [
          [
            [
              139.66781459,
              35.65643679
            ],
            [
              139.66826374,
              35.65643679
            ],
            [
              139.66826374,
              35.65680174
            ],
            [
              139.66781459,
              35.65680174
            ],
            [
              139.66781459,
              35.65643679
            ]
          ]
        ]
      },
      "properties": {
        "mesh_id": 43,
        "source_feature_id": "310955,85069",
        "evaluation_class": "NOT_EVALUATED",
        "ground_truth": null,
        "detected": false,
        "review_status": "NOT_REVIEWED",
        "change_type": null,
        "source_change_type": null,
        "type_basis": null,
        "source_density": 0.0,
        "source_mean": 0.0,
        "density_rank": null,
        "interpreter_a_judgment": null,
        "interpreter_b_judgment": null,
        "interpreter_a_type": null,
        "interpreter_b_type": null,
        "interpreter_a_note": null,
        "interpreter_b_note": null,
        "interpreter_a_needs_check": null,
        "interpreter_b_needs_check": null,
        "experiment_id": "window-a-2019-2025-frozen"
      }
    },
    {
      "type": "Feature",
      "id": 44,
      "geometry": {
        "type": "Polygon",
        "coordinates": [
          [
            [
              139.66826374,
              35.65643679
            ],
            [
              139.6687129,
              35.65643679
            ],
            [
              139.6687129,
              35.65680174
            ],
            [
              139.66826374,
              35.65680174
            ],
            [
              139.66826374,
              35.65643679
            ]
          ]
        ]
      },
      "properties": {
        "mesh_id": 44,
        "source_feature_id": "310956,85069",
        "evaluation_class": "NOT_EVALUATED",
        "ground_truth": null,
        "detected": false,
        "review_status": "NOT_REVIEWED",
        "change_type": null,
        "source_change_type": null,
        "type_basis": null,
        "source_density": 0.0,
        "source_mean": 0.0,
        "density_rank": null,
        "interpreter_a_judgment": null,
        "interpreter_b_judgment": null,
        "interpreter_a_type": null,
        "interpreter_b_type": null,
        "interpreter_a_note": null,
        "interpreter_b_note": null,
        "interpreter_a_needs_check": null,
        "interpreter_b_needs_check": null,
        "experiment_id": "window-a-2019-2025-frozen"
      }
    },
    {
      "type": "Feature",
      "id": 45,
      "geometry": {
        "type": "Polygon",
        "coordinates": [
          [
            [
              139.6687129,
              35.65643679
            ],
            [
              139.66916206,
              35.65643679
            ],
            [
              139.66916206,
              35.65680174
            ],
            [
              139.6687129,
              35.65680174
            ],
            [
              139.6687129,
              35.65643679
            ]
          ]
        ]
      },
      "properties": {
        "mesh_id": 45,
        "source_feature_id": "310957,85069",
        "evaluation_class": "NOT_EVALUATED",
        "ground_truth": null,
        "detected": false,
        "review_status": "NOT_REVIEWED",
        "change_type": null,
        "source_change_type": null,
        "type_basis": null,
        "source_density": 0.0,
        "source_mean": 0.0,
        "density_rank": null,
        "interpreter_a_judgment": null,
        "interpreter_b_judgment": null,
        "interpreter_a_type": null,
        "interpreter_b_type": null,
        "interpreter_a_note": null,
        "interpreter_b_note": null,
        "interpreter_a_needs_check": null,
        "interpreter_b_needs_check": null,
        "experiment_id": "window-a-2019-2025-frozen"
      }
    },
    {
      "type": "Feature",
      "id": 46,
      "geometry": {
        "type": "Polygon",
        "coordinates": [
          [
            [
              139.66916206,
              35.65643679
            ],
            [
              139.66961122,
              35.65643679
            ],
            [
              139.66961122,
              35.65680174
            ],
            [
              139.66916206,
              35.65680174
            ],
            [
              139.66916206,
              35.65643679
            ]
          ]
        ]
      },
      "properties": {
        "mesh_id": 46,
        "source_feature_id": "310958,85069",
        "evaluation_class": "NOT_EVALUATED",
        "ground_truth": null,
        "detected": false,
        "review_status": "NOT_REVIEWED",
        "change_type": null,
        "source_change_type": null,
        "type_basis": null,
        "source_density": 0.0,
        "source_mean": 0.0,
        "density_rank": null,
        "interpreter_a_judgment": null,
        "interpreter_b_judgment": null,
        "interpreter_a_type": null,
        "interpreter_b_type": null,
        "interpreter_a_note": null,
        "interpreter_b_note": null,
        "interpreter_a_needs_check": null,
        "interpreter_b_needs_check": null,
        "experiment_id": "window-a-2019-2025-frozen"
      }
    },
    {
      "type": "Feature",
      "id": 47,
      "geometry": {
        "type": "Polygon",
        "coordinates": [
          [
            [
              139.66961122,
              35.65643679
            ],
            [
              139.67006037,
              35.65643679
            ],
            [
              139.67006037,
              35.65680174
            ],
            [
              139.66961122,
              35.65680174
            ],
            [
              139.66961122,
              35.65643679
            ]
          ]
        ]
      },
      "properties": {
        "mesh_id": 47,
        "source_feature_id": "310959,85069",
        "evaluation_class": "TP",
        "ground_truth": "CHANGE",
        "detected": true,
        "review_status": "AGREED",
        "change_type": null,
        "source_change_type": null,
        "type_basis": null,
        "source_density": 0.04922779922779921,
        "source_mean": 0.04922779922779921,
        "density_rank": 24,
        "interpreter_a_judgment": "○",
        "interpreter_b_judgment": "○",
        "interpreter_a_type": "R/N",
        "interpreter_b_type": "R",
        "interpreter_a_note": "奥は確実だが、手前は色が変わっただけか",
        "interpreter_b_note": null,
        "interpreter_a_needs_check": "要確認",
        "interpreter_b_needs_check": null,
        "experiment_id": "window-a-2019-2025-frozen"
      }
    },
    {
      "type": "Feature",
      "id": 48,
      "geometry": {
        "type": "Polygon",
        "coordinates": [
          [
            [
              139.67006037,
              35.65643679
            ],
            [
              139.67050953,
              35.65643679
            ],
            [
              139.67050953,
              35.65680174
            ],
            [
              139.67006037,
              35.65680174
            ],
            [
              139.67006037,
              35.65643679
            ]
          ]
        ]
      },
      "properties": {
        "mesh_id": 48,
        "source_feature_id": "310960,85069",
        "evaluation_class": "NOT_EVALUATED",
        "ground_truth": null,
        "detected": false,
        "review_status": "NOT_REVIEWED",
        "change_type": null,
        "source_change_type": null,
        "type_basis": null,
        "source_density": 0.0,
        "source_mean": 0.0,
        "density_rank": null,
        "interpreter_a_judgment": null,
        "interpreter_b_judgment": null,
        "interpreter_a_type": null,
        "interpreter_b_type": null,
        "interpreter_a_note": null,
        "interpreter_b_note": null,
        "interpreter_a_needs_check": null,
        "interpreter_b_needs_check": null,
        "experiment_id": "window-a-2019-2025-frozen"
      }
    },
    {
      "type": "Feature",
      "id": 49,
      "geometry": {
        "type": "Polygon",
        "coordinates": [
          [
            [
              139.67050953,
              35.65643679
            ],
            [
              139.67095869,
              35.65643679
            ],
            [
              139.67095869,
              35.65680174
            ],
            [
              139.67050953,
              35.65680174
            ],
            [
              139.67050953,
              35.65643679
            ]
          ]
        ]
      },
      "properties": {
        "mesh_id": 49,
        "source_feature_id": "310961,85069",
        "evaluation_class": "NOT_EVALUATED",
        "ground_truth": null,
        "detected": false,
        "review_status": "NOT_REVIEWED",
        "change_type": null,
        "source_change_type": null,
        "type_basis": null,
        "source_density": 0.0,
        "source_mean": 0.0,
        "density_rank": null,
        "interpreter_a_judgment": null,
        "interpreter_b_judgment": null,
        "interpreter_a_type": null,
        "interpreter_b_type": null,
        "interpreter_a_note": null,
        "interpreter_b_note": null,
        "interpreter_a_needs_check": null,
        "interpreter_b_needs_check": null,
        "experiment_id": "window-a-2019-2025-frozen"
      }
    },
    {
      "type": "Feature",
      "id": 50,
      "geometry": {
        "type": "Polygon",
        "coordinates": [
          [
            [
              139.67095869,
              35.65643679
            ],
            [
              139.67140785,
              35.65643679
            ],
            [
              139.67140785,
              35.65680174
            ],
            [
              139.67095869,
              35.65680174
            ],
            [
              139.67095869,
              35.65643679
            ]
          ]
        ]
      },
      "properties": {
        "mesh_id": 50,
        "source_feature_id": "310962,85069",
        "evaluation_class": "NOT_EVALUATED",
        "ground_truth": null,
        "detected": false,
        "review_status": "NOT_REVIEWED",
        "change_type": null,
        "source_change_type": null,
        "type_basis": null,
        "source_density": 0.0,
        "source_mean": 0.0,
        "density_rank": null,
        "interpreter_a_judgment": null,
        "interpreter_b_judgment": null,
        "interpreter_a_type": null,
        "interpreter_b_type": null,
        "interpreter_a_note": null,
        "interpreter_b_note": null,
        "interpreter_a_needs_check": null,
        "interpreter_b_needs_check": null,
        "experiment_id": "window-a-2019-2025-frozen"
      }
    },
    {
      "type": "Feature",
      "id": 51,
      "geometry": {
        "type": "Polygon",
        "coordinates": [
          [
            [
              139.67140785,
              35.65643679
            ],
            [
              139.67185701,
              35.65643679
            ],
            [
              139.67185701,
              35.65680174
            ],
            [
              139.67140785,
              35.65680174
            ],
            [
              139.67140785,
              35.65643679
            ]
          ]
        ]
      },
      "properties": {
        "mesh_id": 51,
        "source_feature_id": "310963,85069",
        "evaluation_class": "NOT_EVALUATED",
        "ground_truth": null,
        "detected": false,
        "review_status": "NOT_REVIEWED",
        "change_type": null,
        "source_change_type": null,
        "type_basis": null,
        "source_density": 0.0,
        "source_mean": 0.0,
        "density_rank": null,
        "interpreter_a_judgment": null,
        "interpreter_b_judgment": null,
        "interpreter_a_type": null,
        "interpreter_b_type": null,
        "interpreter_a_note": null,
        "interpreter_b_note": null,
        "interpreter_a_needs_check": null,
        "interpreter_b_needs_check": null,
        "experiment_id": "window-a-2019-2025-frozen"
      }
    },
    {
      "type": "Feature",
      "id": 52,
      "geometry": {
        "type": "Polygon",
        "coordinates": [
          [
            [
              139.66017891,
              35.65680174
            ],
            [
              139.66062806,
              35.65680174
            ],
            [
              139.66062806,
              35.65716669
            ],
            [
              139.66017891,
              35.65716669
            ],
            [
              139.66017891,
              35.65680174
            ]
          ]
        ]
      },
      "properties": {
        "mesh_id": 52,
        "source_feature_id": "310938,85070",
        "evaluation_class": "NOT_EVALUATED",
        "ground_truth": null,
        "detected": false,
        "review_status": "NOT_REVIEWED",
        "change_type": null,
        "source_change_type": null,
        "type_basis": null,
        "source_density": 0.0,
        "source_mean": 0.0,
        "density_rank": null,
        "interpreter_a_judgment": null,
        "interpreter_b_judgment": null,
        "interpreter_a_type": null,
        "interpreter_b_type": null,
        "interpreter_a_note": null,
        "interpreter_b_note": null,
        "interpreter_a_needs_check": null,
        "interpreter_b_needs_check": null,
        "experiment_id": "window-a-2019-2025-frozen"
      }
    },
    {
      "type": "Feature",
      "id": 53,
      "geometry": {
        "type": "Polygon",
        "coordinates": [
          [
            [
              139.66062806,
              35.65680174
            ],
            [
              139.66107722,
              35.65680174
            ],
            [
              139.66107722,
              35.65716669
            ],
            [
              139.66062806,
              35.65716669
            ],
            [
              139.66062806,
              35.65680174
            ]
          ]
        ]
      },
      "properties": {
        "mesh_id": 53,
        "source_feature_id": "310939,85070",
        "evaluation_class": "NOT_EVALUATED",
        "ground_truth": null,
        "detected": false,
        "review_status": "NOT_REVIEWED",
        "change_type": null,
        "source_change_type": null,
        "type_basis": null,
        "source_density": 0.0,
        "source_mean": 0.0,
        "density_rank": null,
        "interpreter_a_judgment": null,
        "interpreter_b_judgment": null,
        "interpreter_a_type": null,
        "interpreter_b_type": null,
        "interpreter_a_note": null,
        "interpreter_b_note": null,
        "interpreter_a_needs_check": null,
        "interpreter_b_needs_check": null,
        "experiment_id": "window-a-2019-2025-frozen"
      }
    },
    {
      "type": "Feature",
      "id": 54,
      "geometry": {
        "type": "Polygon",
        "coordinates": [
          [
            [
              139.66107722,
              35.65680174
            ],
            [
              139.66152638,
              35.65680174
            ],
            [
              139.66152638,
              35.65716669
            ],
            [
              139.66107722,
              35.65716669
            ],
            [
              139.66107722,
              35.65680174
            ]
          ]
        ]
      },
      "properties": {
        "mesh_id": 54,
        "source_feature_id": "310940,85070",
        "evaluation_class": "NOT_EVALUATED",
        "ground_truth": null,
        "detected": false,
        "review_status": "NOT_REVIEWED",
        "change_type": null,
        "source_change_type": null,
        "type_basis": null,
        "source_density": 0.0,
        "source_mean": 0.0,
        "density_rank": null,
        "interpreter_a_judgment": null,
        "interpreter_b_judgment": null,
        "interpreter_a_type": null,
        "interpreter_b_type": null,
        "interpreter_a_note": null,
        "interpreter_b_note": null,
        "interpreter_a_needs_check": null,
        "interpreter_b_needs_check": null,
        "experiment_id": "window-a-2019-2025-frozen"
      }
    },
    {
      "type": "Feature",
      "id": 55,
      "geometry": {
        "type": "Polygon",
        "coordinates": [
          [
            [
              139.66152638,
              35.65680174
            ],
            [
              139.66197554,
              35.65680174
            ],
            [
              139.66197554,
              35.65716669
            ],
            [
              139.66152638,
              35.65716669
            ],
            [
              139.66152638,
              35.65680174
            ]
          ]
        ]
      },
      "properties": {
        "mesh_id": 55,
        "source_feature_id": "310941,85070",
        "evaluation_class": "NOT_EVALUATED",
        "ground_truth": null,
        "detected": false,
        "review_status": "NOT_REVIEWED",
        "change_type": null,
        "source_change_type": null,
        "type_basis": null,
        "source_density": 0.0,
        "source_mean": 0.0,
        "density_rank": null,
        "interpreter_a_judgment": null,
        "interpreter_b_judgment": null,
        "interpreter_a_type": null,
        "interpreter_b_type": null,
        "interpreter_a_note": null,
        "interpreter_b_note": null,
        "interpreter_a_needs_check": null,
        "interpreter_b_needs_check": null,
        "experiment_id": "window-a-2019-2025-frozen"
      }
    },
    {
      "type": "Feature",
      "id": 56,
      "geometry": {
        "type": "Polygon",
        "coordinates": [
          [
            [
              139.66197554,
              35.65680174
            ],
            [
              139.66242469,
              35.65680174
            ],
            [
              139.66242469,
              35.65716669
            ],
            [
              139.66197554,
              35.65716669
            ],
            [
              139.66197554,
              35.65680174
            ]
          ]
        ]
      },
      "properties": {
        "mesh_id": 56,
        "source_feature_id": "310942,85070",
        "evaluation_class": "NOT_EVALUATED",
        "ground_truth": null,
        "detected": false,
        "review_status": "NOT_REVIEWED",
        "change_type": null,
        "source_change_type": null,
        "type_basis": null,
        "source_density": 0.0,
        "source_mean": 0.0,
        "density_rank": null,
        "interpreter_a_judgment": null,
        "interpreter_b_judgment": null,
        "interpreter_a_type": null,
        "interpreter_b_type": null,
        "interpreter_a_note": null,
        "interpreter_b_note": null,
        "interpreter_a_needs_check": null,
        "interpreter_b_needs_check": null,
        "experiment_id": "window-a-2019-2025-frozen"
      }
    },
    {
      "type": "Feature",
      "id": 57,
      "geometry": {
        "type": "Polygon",
        "coordinates": [
          [
            [
              139.66242469,
              35.65680174
            ],
            [
              139.66287385,
              35.65680174
            ],
            [
              139.66287385,
              35.65716669
            ],
            [
              139.66242469,
              35.65716669
            ],
            [
              139.66242469,
              35.65680174
            ]
          ]
        ]
      },
      "properties": {
        "mesh_id": 57,
        "source_feature_id": "310943,85070",
        "evaluation_class": "NOT_EVALUATED",
        "ground_truth": null,
        "detected": false,
        "review_status": "DISAGREED",
        "change_type": null,
        "source_change_type": null,
        "type_basis": null,
        "source_density": 0.0,
        "source_mean": 0.0,
        "density_rank": null,
        "interpreter_a_judgment": "×",
        "interpreter_b_judgment": "△",
        "interpreter_a_type": null,
        "interpreter_b_type": null,
        "interpreter_a_note": null,
        "interpreter_b_note": "屋根の色",
        "interpreter_a_needs_check": null,
        "interpreter_b_needs_check": null,
        "experiment_id": "window-a-2019-2025-frozen"
      }
    },
    {
      "type": "Feature",
      "id": 58,
      "geometry": {
        "type": "Polygon",
        "coordinates": [
          [
            [
              139.66287385,
              35.65680174
            ],
            [
              139.66332301,
              35.65680174
            ],
            [
              139.66332301,
              35.65716669
            ],
            [
              139.66287385,
              35.65716669
            ],
            [
              139.66287385,
              35.65680174
            ]
          ]
        ]
      },
      "properties": {
        "mesh_id": 58,
        "source_feature_id": "310944,85070",
        "evaluation_class": "TN",
        "ground_truth": "NO_CHANGE",
        "detected": false,
        "review_status": "AGREED",
        "change_type": null,
        "source_change_type": null,
        "type_basis": null,
        "source_density": 0.0,
        "source_mean": 0.0,
        "density_rank": null,
        "interpreter_a_judgment": "×",
        "interpreter_b_judgment": "×",
        "interpreter_a_type": null,
        "interpreter_b_type": null,
        "interpreter_a_note": null,
        "interpreter_b_note": null,
        "interpreter_a_needs_check": null,
        "interpreter_b_needs_check": null,
        "experiment_id": "window-a-2019-2025-frozen"
      }
    },
    {
      "type": "Feature",
      "id": 59,
      "geometry": {
        "type": "Polygon",
        "coordinates": [
          [
            [
              139.66332301,
              35.65680174
            ],
            [
              139.66377217,
              35.65680174
            ],
            [
              139.66377217,
              35.65716669
            ],
            [
              139.66332301,
              35.65716669
            ],
            [
              139.66332301,
              35.65680174
            ]
          ]
        ]
      },
      "properties": {
        "mesh_id": 59,
        "source_feature_id": "310945,85070",
        "evaluation_class": "NOT_EVALUATED",
        "ground_truth": null,
        "detected": false,
        "review_status": "NOT_REVIEWED",
        "change_type": null,
        "source_change_type": null,
        "type_basis": null,
        "source_density": 0.0,
        "source_mean": 0.0,
        "density_rank": null,
        "interpreter_a_judgment": null,
        "interpreter_b_judgment": null,
        "interpreter_a_type": null,
        "interpreter_b_type": null,
        "interpreter_a_note": null,
        "interpreter_b_note": null,
        "interpreter_a_needs_check": null,
        "interpreter_b_needs_check": null,
        "experiment_id": "window-a-2019-2025-frozen"
      }
    },
    {
      "type": "Feature",
      "id": 60,
      "geometry": {
        "type": "Polygon",
        "coordinates": [
          [
            [
              139.66377217,
              35.65680174
            ],
            [
              139.66422133,
              35.65680174
            ],
            [
              139.66422133,
              35.65716669
            ],
            [
              139.66377217,
              35.65716669
            ],
            [
              139.66377217,
              35.65680174
            ]
          ]
        ]
      },
      "properties": {
        "mesh_id": 60,
        "source_feature_id": "310946,85070",
        "evaluation_class": "NOT_EVALUATED",
        "ground_truth": null,
        "detected": false,
        "review_status": "NOT_REVIEWED",
        "change_type": null,
        "source_change_type": null,
        "type_basis": null,
        "source_density": 0.0,
        "source_mean": 0.0,
        "density_rank": null,
        "interpreter_a_judgment": null,
        "interpreter_b_judgment": null,
        "interpreter_a_type": null,
        "interpreter_b_type": null,
        "interpreter_a_note": null,
        "interpreter_b_note": null,
        "interpreter_a_needs_check": null,
        "interpreter_b_needs_check": null,
        "experiment_id": "window-a-2019-2025-frozen"
      }
    },
    {
      "type": "Feature",
      "id": 61,
      "geometry": {
        "type": "Polygon",
        "coordinates": [
          [
            [
              139.66422133,
              35.65680174
            ],
            [
              139.66467048,
              35.65680174
            ],
            [
              139.66467048,
              35.65716669
            ],
            [
              139.66422133,
              35.65716669
            ],
            [
              139.66422133,
              35.65680174
            ]
          ]
        ]
      },
      "properties": {
        "mesh_id": 61,
        "source_feature_id": "310947,85070",
        "evaluation_class": "NOT_EVALUATED",
        "ground_truth": null,
        "detected": false,
        "review_status": "NOT_REVIEWED",
        "change_type": null,
        "source_change_type": null,
        "type_basis": null,
        "source_density": 0.0,
        "source_mean": 0.0,
        "density_rank": null,
        "interpreter_a_judgment": null,
        "interpreter_b_judgment": null,
        "interpreter_a_type": null,
        "interpreter_b_type": null,
        "interpreter_a_note": null,
        "interpreter_b_note": null,
        "interpreter_a_needs_check": null,
        "interpreter_b_needs_check": null,
        "experiment_id": "window-a-2019-2025-frozen"
      }
    },
    {
      "type": "Feature",
      "id": 62,
      "geometry": {
        "type": "Polygon",
        "coordinates": [
          [
            [
              139.66467048,
              35.65680174
            ],
            [
              139.66511964,
              35.65680174
            ],
            [
              139.66511964,
              35.65716669
            ],
            [
              139.66467048,
              35.65716669
            ],
            [
              139.66467048,
              35.65680174
            ]
          ]
        ]
      },
      "properties": {
        "mesh_id": 62,
        "source_feature_id": "310948,85070",
        "evaluation_class": "NOT_EVALUATED",
        "ground_truth": null,
        "detected": false,
        "review_status": "NOT_REVIEWED",
        "change_type": null,
        "source_change_type": null,
        "type_basis": null,
        "source_density": 0.0,
        "source_mean": 0.0,
        "density_rank": null,
        "interpreter_a_judgment": null,
        "interpreter_b_judgment": null,
        "interpreter_a_type": null,
        "interpreter_b_type": null,
        "interpreter_a_note": null,
        "interpreter_b_note": null,
        "interpreter_a_needs_check": null,
        "interpreter_b_needs_check": null,
        "experiment_id": "window-a-2019-2025-frozen"
      }
    },
    {
      "type": "Feature",
      "id": 63,
      "geometry": {
        "type": "Polygon",
        "coordinates": [
          [
            [
              139.66511964,
              35.65680174
            ],
            [
              139.6655688,
              35.65680174
            ],
            [
              139.6655688,
              35.65716669
            ],
            [
              139.66511964,
              35.65716669
            ],
            [
              139.66511964,
              35.65680174
            ]
          ]
        ]
      },
      "properties": {
        "mesh_id": 63,
        "source_feature_id": "310949,85070",
        "evaluation_class": "NOT_EVALUATED",
        "ground_truth": null,
        "detected": false,
        "review_status": "NOT_REVIEWED",
        "change_type": null,
        "source_change_type": null,
        "type_basis": null,
        "source_density": 0.0,
        "source_mean": 0.0,
        "density_rank": null,
        "interpreter_a_judgment": null,
        "interpreter_b_judgment": null,
        "interpreter_a_type": null,
        "interpreter_b_type": null,
        "interpreter_a_note": null,
        "interpreter_b_note": null,
        "interpreter_a_needs_check": null,
        "interpreter_b_needs_check": null,
        "experiment_id": "window-a-2019-2025-frozen"
      }
    },
    {
      "type": "Feature",
      "id": 64,
      "geometry": {
        "type": "Polygon",
        "coordinates": [
          [
            [
              139.6655688,
              35.65680174
            ],
            [
              139.66601796,
              35.65680174
            ],
            [
              139.66601796,
              35.65716669
            ],
            [
              139.6655688,
              35.65716669
            ],
            [
              139.6655688,
              35.65680174
            ]
          ]
        ]
      },
      "properties": {
        "mesh_id": 64,
        "source_feature_id": "310950,85070",
        "evaluation_class": "NOT_EVALUATED",
        "ground_truth": null,
        "detected": false,
        "review_status": "NOT_REVIEWED",
        "change_type": null,
        "source_change_type": null,
        "type_basis": null,
        "source_density": 0.0,
        "source_mean": 0.0,
        "density_rank": null,
        "interpreter_a_judgment": null,
        "interpreter_b_judgment": null,
        "interpreter_a_type": null,
        "interpreter_b_type": null,
        "interpreter_a_note": null,
        "interpreter_b_note": null,
        "interpreter_a_needs_check": null,
        "interpreter_b_needs_check": null,
        "experiment_id": "window-a-2019-2025-frozen"
      }
    },
    {
      "type": "Feature",
      "id": 65,
      "geometry": {
        "type": "Polygon",
        "coordinates": [
          [
            [
              139.66601796,
              35.65680174
            ],
            [
              139.66646711,
              35.65680174
            ],
            [
              139.66646711,
              35.65716669
            ],
            [
              139.66601796,
              35.65716669
            ],
            [
              139.66601796,
              35.65680174
            ]
          ]
        ]
      },
      "properties": {
        "mesh_id": 65,
        "source_feature_id": "310951,85070",
        "evaluation_class": "NOT_EVALUATED",
        "ground_truth": null,
        "detected": false,
        "review_status": "NOT_REVIEWED",
        "change_type": null,
        "source_change_type": null,
        "type_basis": null,
        "source_density": 0.0,
        "source_mean": 0.0,
        "density_rank": null,
        "interpreter_a_judgment": null,
        "interpreter_b_judgment": null,
        "interpreter_a_type": null,
        "interpreter_b_type": null,
        "interpreter_a_note": null,
        "interpreter_b_note": null,
        "interpreter_a_needs_check": null,
        "interpreter_b_needs_check": null,
        "experiment_id": "window-a-2019-2025-frozen"
      }
    },
    {
      "type": "Feature",
      "id": 66,
      "geometry": {
        "type": "Polygon",
        "coordinates": [
          [
            [
              139.66646711,
              35.65680174
            ],
            [
              139.66691627,
              35.65680174
            ],
            [
              139.66691627,
              35.65716669
            ],
            [
              139.66646711,
              35.65716669
            ],
            [
              139.66646711,
              35.65680174
            ]
          ]
        ]
      },
      "properties": {
        "mesh_id": 66,
        "source_feature_id": "310952,85070",
        "evaluation_class": "NOT_EVALUATED",
        "ground_truth": null,
        "detected": false,
        "review_status": "DISAGREED",
        "change_type": null,
        "source_change_type": null,
        "type_basis": null,
        "source_density": 0.0,
        "source_mean": 0.0,
        "density_rank": null,
        "interpreter_a_judgment": "○",
        "interpreter_b_judgment": "△",
        "interpreter_a_type": "R",
        "interpreter_b_type": null,
        "interpreter_a_note": "ブルーシートがかかる",
        "interpreter_b_note": "工事中",
        "interpreter_a_needs_check": null,
        "interpreter_b_needs_check": null,
        "experiment_id": "window-a-2019-2025-frozen"
      }
    },
    {
      "type": "Feature",
      "id": 67,
      "geometry": {
        "type": "Polygon",
        "coordinates": [
          [
            [
              139.66691627,
              35.65680174
            ],
            [
              139.66736543,
              35.65680174
            ],
            [
              139.66736543,
              35.65716669
            ],
            [
              139.66691627,
              35.65716669
            ],
            [
              139.66691627,
              35.65680174
            ]
          ]
        ]
      },
      "properties": {
        "mesh_id": 67,
        "source_feature_id": "310953,85070",
        "evaluation_class": "NOT_EVALUATED",
        "ground_truth": null,
        "detected": false,
        "review_status": "NOT_REVIEWED",
        "change_type": null,
        "source_change_type": null,
        "type_basis": null,
        "source_density": 0.0,
        "source_mean": 0.0,
        "density_rank": null,
        "interpreter_a_judgment": null,
        "interpreter_b_judgment": null,
        "interpreter_a_type": null,
        "interpreter_b_type": null,
        "interpreter_a_note": null,
        "interpreter_b_note": null,
        "interpreter_a_needs_check": null,
        "interpreter_b_needs_check": null,
        "experiment_id": "window-a-2019-2025-frozen"
      }
    },
    {
      "type": "Feature",
      "id": 68,
      "geometry": {
        "type": "Polygon",
        "coordinates": [
          [
            [
              139.66736543,
              35.65680174
            ],
            [
              139.66781459,
              35.65680174
            ],
            [
              139.66781459,
              35.65716669
            ],
            [
              139.66736543,
              35.65716669
            ],
            [
              139.66736543,
              35.65680174
            ]
          ]
        ]
      },
      "properties": {
        "mesh_id": 68,
        "source_feature_id": "310954,85070",
        "evaluation_class": "NOT_EVALUATED",
        "ground_truth": null,
        "detected": false,
        "review_status": "NOT_REVIEWED",
        "change_type": null,
        "source_change_type": null,
        "type_basis": null,
        "source_density": 0.0,
        "source_mean": 0.0,
        "density_rank": null,
        "interpreter_a_judgment": null,
        "interpreter_b_judgment": null,
        "interpreter_a_type": null,
        "interpreter_b_type": null,
        "interpreter_a_note": null,
        "interpreter_b_note": null,
        "interpreter_a_needs_check": null,
        "interpreter_b_needs_check": null,
        "experiment_id": "window-a-2019-2025-frozen"
      }
    },
    {
      "type": "Feature",
      "id": 69,
      "geometry": {
        "type": "Polygon",
        "coordinates": [
          [
            [
              139.66781459,
              35.65680174
            ],
            [
              139.66826374,
              35.65680174
            ],
            [
              139.66826374,
              35.65716669
            ],
            [
              139.66781459,
              35.65716669
            ],
            [
              139.66781459,
              35.65680174
            ]
          ]
        ]
      },
      "properties": {
        "mesh_id": 69,
        "source_feature_id": "310955,85070",
        "evaluation_class": "NOT_EVALUATED",
        "ground_truth": null,
        "detected": false,
        "review_status": "NOT_REVIEWED",
        "change_type": null,
        "source_change_type": null,
        "type_basis": null,
        "source_density": 0.0,
        "source_mean": 0.0,
        "density_rank": null,
        "interpreter_a_judgment": null,
        "interpreter_b_judgment": null,
        "interpreter_a_type": null,
        "interpreter_b_type": null,
        "interpreter_a_note": null,
        "interpreter_b_note": null,
        "interpreter_a_needs_check": null,
        "interpreter_b_needs_check": null,
        "experiment_id": "window-a-2019-2025-frozen"
      }
    },
    {
      "type": "Feature",
      "id": 70,
      "geometry": {
        "type": "Polygon",
        "coordinates": [
          [
            [
              139.66826374,
              35.65680174
            ],
            [
              139.6687129,
              35.65680174
            ],
            [
              139.6687129,
              35.65716669
            ],
            [
              139.66826374,
              35.65716669
            ],
            [
              139.66826374,
              35.65680174
            ]
          ]
        ]
      },
      "properties": {
        "mesh_id": 70,
        "source_feature_id": "310956,85070",
        "evaluation_class": "NOT_EVALUATED",
        "ground_truth": null,
        "detected": false,
        "review_status": "NOT_REVIEWED",
        "change_type": null,
        "source_change_type": null,
        "type_basis": null,
        "source_density": 0.0,
        "source_mean": 0.0,
        "density_rank": null,
        "interpreter_a_judgment": null,
        "interpreter_b_judgment": null,
        "interpreter_a_type": null,
        "interpreter_b_type": null,
        "interpreter_a_note": null,
        "interpreter_b_note": null,
        "interpreter_a_needs_check": null,
        "interpreter_b_needs_check": null,
        "experiment_id": "window-a-2019-2025-frozen"
      }
    },
    {
      "type": "Feature",
      "id": 71,
      "geometry": {
        "type": "Polygon",
        "coordinates": [
          [
            [
              139.6687129,
              35.65680174
            ],
            [
              139.66916206,
              35.65680174
            ],
            [
              139.66916206,
              35.65716669
            ],
            [
              139.6687129,
              35.65716669
            ],
            [
              139.6687129,
              35.65680174
            ]
          ]
        ]
      },
      "properties": {
        "mesh_id": 71,
        "source_feature_id": "310957,85070",
        "evaluation_class": "NOT_EVALUATED",
        "ground_truth": null,
        "detected": false,
        "review_status": "NOT_REVIEWED",
        "change_type": null,
        "source_change_type": null,
        "type_basis": null,
        "source_density": 0.0,
        "source_mean": 0.0,
        "density_rank": null,
        "interpreter_a_judgment": null,
        "interpreter_b_judgment": null,
        "interpreter_a_type": null,
        "interpreter_b_type": null,
        "interpreter_a_note": null,
        "interpreter_b_note": null,
        "interpreter_a_needs_check": null,
        "interpreter_b_needs_check": null,
        "experiment_id": "window-a-2019-2025-frozen"
      }
    },
    {
      "type": "Feature",
      "id": 72,
      "geometry": {
        "type": "Polygon",
        "coordinates": [
          [
            [
              139.66916206,
              35.65680174
            ],
            [
              139.66961122,
              35.65680174
            ],
            [
              139.66961122,
              35.65716669
            ],
            [
              139.66916206,
              35.65716669
            ],
            [
              139.66916206,
              35.65680174
            ]
          ]
        ]
      },
      "properties": {
        "mesh_id": 72,
        "source_feature_id": "310958,85070",
        "evaluation_class": "NOT_EVALUATED",
        "ground_truth": null,
        "detected": false,
        "review_status": "DISAGREED",
        "change_type": null,
        "source_change_type": null,
        "type_basis": null,
        "source_density": 0.0,
        "source_mean": 0.0,
        "density_rank": null,
        "interpreter_a_judgment": "○",
        "interpreter_b_judgment": "×",
        "interpreter_a_type": "R",
        "interpreter_b_type": null,
        "interpreter_a_note": null,
        "interpreter_b_note": null,
        "interpreter_a_needs_check": null,
        "interpreter_b_needs_check": null,
        "experiment_id": "window-a-2019-2025-frozen"
      }
    },
    {
      "type": "Feature",
      "id": 73,
      "geometry": {
        "type": "Polygon",
        "coordinates": [
          [
            [
              139.66961122,
              35.65680174
            ],
            [
              139.67006037,
              35.65680174
            ],
            [
              139.67006037,
              35.65716669
            ],
            [
              139.66961122,
              35.65716669
            ],
            [
              139.66961122,
              35.65680174
            ]
          ]
        ]
      },
      "properties": {
        "mesh_id": 73,
        "source_feature_id": "310959,85070",
        "evaluation_class": "NOT_EVALUATED",
        "ground_truth": null,
        "detected": false,
        "review_status": "NOT_REVIEWED",
        "change_type": null,
        "source_change_type": null,
        "type_basis": null,
        "source_density": 0.0,
        "source_mean": 0.0,
        "density_rank": null,
        "interpreter_a_judgment": null,
        "interpreter_b_judgment": null,
        "interpreter_a_type": null,
        "interpreter_b_type": null,
        "interpreter_a_note": null,
        "interpreter_b_note": null,
        "interpreter_a_needs_check": null,
        "interpreter_b_needs_check": null,
        "experiment_id": "window-a-2019-2025-frozen"
      }
    },
    {
      "type": "Feature",
      "id": 74,
      "geometry": {
        "type": "Polygon",
        "coordinates": [
          [
            [
              139.67006037,
              35.65680174
            ],
            [
              139.67050953,
              35.65680174
            ],
            [
              139.67050953,
              35.65716669
            ],
            [
              139.67006037,
              35.65716669
            ],
            [
              139.67006037,
              35.65680174
            ]
          ]
        ]
      },
      "properties": {
        "mesh_id": 74,
        "source_feature_id": "310960,85070",
        "evaluation_class": "NOT_EVALUATED",
        "ground_truth": null,
        "detected": false,
        "review_status": "NOT_REVIEWED",
        "change_type": null,
        "source_change_type": null,
        "type_basis": null,
        "source_density": 0.0,
        "source_mean": 0.0,
        "density_rank": null,
        "interpreter_a_judgment": null,
        "interpreter_b_judgment": null,
        "interpreter_a_type": null,
        "interpreter_b_type": null,
        "interpreter_a_note": null,
        "interpreter_b_note": null,
        "interpreter_a_needs_check": null,
        "interpreter_b_needs_check": null,
        "experiment_id": "window-a-2019-2025-frozen"
      }
    },
    {
      "type": "Feature",
      "id": 75,
      "geometry": {
        "type": "Polygon",
        "coordinates": [
          [
            [
              139.67050953,
              35.65680174
            ],
            [
              139.67095869,
              35.65680174
            ],
            [
              139.67095869,
              35.65716669
            ],
            [
              139.67050953,
              35.65716669
            ],
            [
              139.67050953,
              35.65680174
            ]
          ]
        ]
      },
      "properties": {
        "mesh_id": 75,
        "source_feature_id": "310961,85070",
        "evaluation_class": "FN",
        "ground_truth": "CHANGE",
        "detected": false,
        "review_status": "AGREED",
        "change_type": null,
        "source_change_type": null,
        "type_basis": null,
        "source_density": 0.0,
        "source_mean": 0.0,
        "density_rank": null,
        "interpreter_a_judgment": "○",
        "interpreter_b_judgment": "○",
        "interpreter_a_type": "R",
        "interpreter_b_type": "N/D",
        "interpreter_a_note": "2017 工事中 / 2021 完成。家が太陽光になっている",
        "interpreter_b_note": null,
        "interpreter_a_needs_check": "要確認",
        "interpreter_b_needs_check": null,
        "experiment_id": "window-a-2019-2025-frozen"
      }
    },
    {
      "type": "Feature",
      "id": 76,
      "geometry": {
        "type": "Polygon",
        "coordinates": [
          [
            [
              139.67095869,
              35.65680174
            ],
            [
              139.67140785,
              35.65680174
            ],
            [
              139.67140785,
              35.65716669
            ],
            [
              139.67095869,
              35.65716669
            ],
            [
              139.67095869,
              35.65680174
            ]
          ]
        ]
      },
      "properties": {
        "mesh_id": 76,
        "source_feature_id": "310962,85070",
        "evaluation_class": "NOT_EVALUATED",
        "ground_truth": null,
        "detected": false,
        "review_status": "NOT_REVIEWED",
        "change_type": null,
        "source_change_type": null,
        "type_basis": null,
        "source_density": 0.0,
        "source_mean": 0.0,
        "density_rank": null,
        "interpreter_a_judgment": null,
        "interpreter_b_judgment": null,
        "interpreter_a_type": null,
        "interpreter_b_type": null,
        "interpreter_a_note": null,
        "interpreter_b_note": null,
        "interpreter_a_needs_check": null,
        "interpreter_b_needs_check": null,
        "experiment_id": "window-a-2019-2025-frozen"
      }
    },
    {
      "type": "Feature",
      "id": 77,
      "geometry": {
        "type": "Polygon",
        "coordinates": [
          [
            [
              139.67140785,
              35.65680174
            ],
            [
              139.67185701,
              35.65680174
            ],
            [
              139.67185701,
              35.65716669
            ],
            [
              139.67140785,
              35.65716669
            ],
            [
              139.67140785,
              35.65680174
            ]
          ]
        ]
      },
      "properties": {
        "mesh_id": 77,
        "source_feature_id": "310963,85070",
        "evaluation_class": "NOT_EVALUATED",
        "ground_truth": null,
        "detected": false,
        "review_status": "NOT_REVIEWED",
        "change_type": null,
        "source_change_type": null,
        "type_basis": null,
        "source_density": 0.0,
        "source_mean": 0.0,
        "density_rank": null,
        "interpreter_a_judgment": null,
        "interpreter_b_judgment": null,
        "interpreter_a_type": null,
        "interpreter_b_type": null,
        "interpreter_a_note": null,
        "interpreter_b_note": null,
        "interpreter_a_needs_check": null,
        "interpreter_b_needs_check": null,
        "experiment_id": "window-a-2019-2025-frozen"
      }
    },
    {
      "type": "Feature",
      "id": 78,
      "geometry": {
        "type": "Polygon",
        "coordinates": [
          [
            [
              139.66017891,
              35.65716669
            ],
            [
              139.66062806,
              35.65716669
            ],
            [
              139.66062806,
              35.65753164
            ],
            [
              139.66017891,
              35.65753164
            ],
            [
              139.66017891,
              35.65716669
            ]
          ]
        ]
      },
      "properties": {
        "mesh_id": 78,
        "source_feature_id": "310938,85071",
        "evaluation_class": "NOT_EVALUATED",
        "ground_truth": null,
        "detected": false,
        "review_status": "NOT_REVIEWED",
        "change_type": null,
        "source_change_type": null,
        "type_basis": null,
        "source_density": 0.0,
        "source_mean": 0.0,
        "density_rank": null,
        "interpreter_a_judgment": null,
        "interpreter_b_judgment": null,
        "interpreter_a_type": null,
        "interpreter_b_type": null,
        "interpreter_a_note": null,
        "interpreter_b_note": null,
        "interpreter_a_needs_check": null,
        "interpreter_b_needs_check": null,
        "experiment_id": "window-a-2019-2025-frozen"
      }
    },
    {
      "type": "Feature",
      "id": 79,
      "geometry": {
        "type": "Polygon",
        "coordinates": [
          [
            [
              139.66062806,
              35.65716669
            ],
            [
              139.66107722,
              35.65716669
            ],
            [
              139.66107722,
              35.65753164
            ],
            [
              139.66062806,
              35.65753164
            ],
            [
              139.66062806,
              35.65716669
            ]
          ]
        ]
      },
      "properties": {
        "mesh_id": 79,
        "source_feature_id": "310939,85071",
        "evaluation_class": "TN",
        "ground_truth": "NO_CHANGE",
        "detected": false,
        "review_status": "AGREED",
        "change_type": null,
        "source_change_type": null,
        "type_basis": null,
        "source_density": 0.0,
        "source_mean": 0.0,
        "density_rank": null,
        "interpreter_a_judgment": "×",
        "interpreter_b_judgment": "×",
        "interpreter_a_type": null,
        "interpreter_b_type": null,
        "interpreter_a_note": null,
        "interpreter_b_note": null,
        "interpreter_a_needs_check": null,
        "interpreter_b_needs_check": null,
        "experiment_id": "window-a-2019-2025-frozen"
      }
    },
    {
      "type": "Feature",
      "id": 80,
      "geometry": {
        "type": "Polygon",
        "coordinates": [
          [
            [
              139.66107722,
              35.65716669
            ],
            [
              139.66152638,
              35.65716669
            ],
            [
              139.66152638,
              35.65753164
            ],
            [
              139.66107722,
              35.65753164
            ],
            [
              139.66107722,
              35.65716669
            ]
          ]
        ]
      },
      "properties": {
        "mesh_id": 80,
        "source_feature_id": "310940,85071",
        "evaluation_class": "NOT_EVALUATED",
        "ground_truth": null,
        "detected": false,
        "review_status": "NOT_REVIEWED",
        "change_type": null,
        "source_change_type": null,
        "type_basis": null,
        "source_density": 0.0,
        "source_mean": 0.0,
        "density_rank": null,
        "interpreter_a_judgment": null,
        "interpreter_b_judgment": null,
        "interpreter_a_type": null,
        "interpreter_b_type": null,
        "interpreter_a_note": null,
        "interpreter_b_note": null,
        "interpreter_a_needs_check": null,
        "interpreter_b_needs_check": null,
        "experiment_id": "window-a-2019-2025-frozen"
      }
    },
    {
      "type": "Feature",
      "id": 81,
      "geometry": {
        "type": "Polygon",
        "coordinates": [
          [
            [
              139.66152638,
              35.65716669
            ],
            [
              139.66197554,
              35.65716669
            ],
            [
              139.66197554,
              35.65753164
            ],
            [
              139.66152638,
              35.65753164
            ],
            [
              139.66152638,
              35.65716669
            ]
          ]
        ]
      },
      "properties": {
        "mesh_id": 81,
        "source_feature_id": "310941,85071",
        "evaluation_class": "NOT_EVALUATED",
        "ground_truth": null,
        "detected": false,
        "review_status": "NOT_REVIEWED",
        "change_type": null,
        "source_change_type": null,
        "type_basis": null,
        "source_density": 0.0,
        "source_mean": 0.0,
        "density_rank": null,
        "interpreter_a_judgment": null,
        "interpreter_b_judgment": null,
        "interpreter_a_type": null,
        "interpreter_b_type": null,
        "interpreter_a_note": null,
        "interpreter_b_note": null,
        "interpreter_a_needs_check": null,
        "interpreter_b_needs_check": null,
        "experiment_id": "window-a-2019-2025-frozen"
      }
    },
    {
      "type": "Feature",
      "id": 82,
      "geometry": {
        "type": "Polygon",
        "coordinates": [
          [
            [
              139.66197554,
              35.65716669
            ],
            [
              139.66242469,
              35.65716669
            ],
            [
              139.66242469,
              35.65753164
            ],
            [
              139.66197554,
              35.65753164
            ],
            [
              139.66197554,
              35.65716669
            ]
          ]
        ]
      },
      "properties": {
        "mesh_id": 82,
        "source_feature_id": "310942,85071",
        "evaluation_class": "NOT_EVALUATED",
        "ground_truth": null,
        "detected": false,
        "review_status": "NOT_REVIEWED",
        "change_type": null,
        "source_change_type": null,
        "type_basis": null,
        "source_density": 0.0,
        "source_mean": 0.0,
        "density_rank": null,
        "interpreter_a_judgment": null,
        "interpreter_b_judgment": null,
        "interpreter_a_type": null,
        "interpreter_b_type": null,
        "interpreter_a_note": null,
        "interpreter_b_note": null,
        "interpreter_a_needs_check": null,
        "interpreter_b_needs_check": null,
        "experiment_id": "window-a-2019-2025-frozen"
      }
    },
    {
      "type": "Feature",
      "id": 83,
      "geometry": {
        "type": "Polygon",
        "coordinates": [
          [
            [
              139.66242469,
              35.65716669
            ],
            [
              139.66287385,
              35.65716669
            ],
            [
              139.66287385,
              35.65753164
            ],
            [
              139.66242469,
              35.65753164
            ],
            [
              139.66242469,
              35.65716669
            ]
          ]
        ]
      },
      "properties": {
        "mesh_id": 83,
        "source_feature_id": "310943,85071",
        "evaluation_class": "NOT_EVALUATED",
        "ground_truth": null,
        "detected": false,
        "review_status": "NOT_REVIEWED",
        "change_type": null,
        "source_change_type": null,
        "type_basis": null,
        "source_density": 0.0,
        "source_mean": 0.0,
        "density_rank": null,
        "interpreter_a_judgment": null,
        "interpreter_b_judgment": null,
        "interpreter_a_type": null,
        "interpreter_b_type": null,
        "interpreter_a_note": null,
        "interpreter_b_note": null,
        "interpreter_a_needs_check": null,
        "interpreter_b_needs_check": null,
        "experiment_id": "window-a-2019-2025-frozen"
      }
    },
    {
      "type": "Feature",
      "id": 84,
      "geometry": {
        "type": "Polygon",
        "coordinates": [
          [
            [
              139.66287385,
              35.65716669
            ],
            [
              139.66332301,
              35.65716669
            ],
            [
              139.66332301,
              35.65753164
            ],
            [
              139.66287385,
              35.65753164
            ],
            [
              139.66287385,
              35.65716669
            ]
          ]
        ]
      },
      "properties": {
        "mesh_id": 84,
        "source_feature_id": "310944,85071",
        "evaluation_class": "TN",
        "ground_truth": "NO_CHANGE",
        "detected": false,
        "review_status": "AGREED",
        "change_type": null,
        "source_change_type": null,
        "type_basis": null,
        "source_density": 0.0,
        "source_mean": 0.0,
        "density_rank": null,
        "interpreter_a_judgment": "×",
        "interpreter_b_judgment": "×",
        "interpreter_a_type": null,
        "interpreter_b_type": null,
        "interpreter_a_note": null,
        "interpreter_b_note": null,
        "interpreter_a_needs_check": null,
        "interpreter_b_needs_check": null,
        "experiment_id": "window-a-2019-2025-frozen"
      }
    },
    {
      "type": "Feature",
      "id": 85,
      "geometry": {
        "type": "Polygon",
        "coordinates": [
          [
            [
              139.66332301,
              35.65716669
            ],
            [
              139.66377217,
              35.65716669
            ],
            [
              139.66377217,
              35.65753164
            ],
            [
              139.66332301,
              35.65753164
            ],
            [
              139.66332301,
              35.65716669
            ]
          ]
        ]
      },
      "properties": {
        "mesh_id": 85,
        "source_feature_id": "310945,85071",
        "evaluation_class": "NOT_EVALUATED",
        "ground_truth": null,
        "detected": false,
        "review_status": "NOT_REVIEWED",
        "change_type": null,
        "source_change_type": null,
        "type_basis": null,
        "source_density": 0.0,
        "source_mean": 0.0,
        "density_rank": null,
        "interpreter_a_judgment": null,
        "interpreter_b_judgment": null,
        "interpreter_a_type": null,
        "interpreter_b_type": null,
        "interpreter_a_note": null,
        "interpreter_b_note": null,
        "interpreter_a_needs_check": null,
        "interpreter_b_needs_check": null,
        "experiment_id": "window-a-2019-2025-frozen"
      }
    },
    {
      "type": "Feature",
      "id": 86,
      "geometry": {
        "type": "Polygon",
        "coordinates": [
          [
            [
              139.66377217,
              35.65716669
            ],
            [
              139.66422133,
              35.65716669
            ],
            [
              139.66422133,
              35.65753164
            ],
            [
              139.66377217,
              35.65753164
            ],
            [
              139.66377217,
              35.65716669
            ]
          ]
        ]
      },
      "properties": {
        "mesh_id": 86,
        "source_feature_id": "310946,85071",
        "evaluation_class": "NOT_EVALUATED",
        "ground_truth": null,
        "detected": false,
        "review_status": "NOT_REVIEWED",
        "change_type": null,
        "source_change_type": null,
        "type_basis": null,
        "source_density": 0.0,
        "source_mean": 0.0,
        "density_rank": null,
        "interpreter_a_judgment": null,
        "interpreter_b_judgment": null,
        "interpreter_a_type": null,
        "interpreter_b_type": null,
        "interpreter_a_note": null,
        "interpreter_b_note": null,
        "interpreter_a_needs_check": null,
        "interpreter_b_needs_check": null,
        "experiment_id": "window-a-2019-2025-frozen"
      }
    },
    {
      "type": "Feature",
      "id": 87,
      "geometry": {
        "type": "Polygon",
        "coordinates": [
          [
            [
              139.66422133,
              35.65716669
            ],
            [
              139.66467048,
              35.65716669
            ],
            [
              139.66467048,
              35.65753164
            ],
            [
              139.66422133,
              35.65753164
            ],
            [
              139.66422133,
              35.65716669
            ]
          ]
        ]
      },
      "properties": {
        "mesh_id": 87,
        "source_feature_id": "310947,85071",
        "evaluation_class": "NOT_EVALUATED",
        "ground_truth": null,
        "detected": false,
        "review_status": "NOT_REVIEWED",
        "change_type": null,
        "source_change_type": null,
        "type_basis": null,
        "source_density": 0.0,
        "source_mean": 0.0,
        "density_rank": null,
        "interpreter_a_judgment": null,
        "interpreter_b_judgment": null,
        "interpreter_a_type": null,
        "interpreter_b_type": null,
        "interpreter_a_note": null,
        "interpreter_b_note": null,
        "interpreter_a_needs_check": null,
        "interpreter_b_needs_check": null,
        "experiment_id": "window-a-2019-2025-frozen"
      }
    },
    {
      "type": "Feature",
      "id": 88,
      "geometry": {
        "type": "Polygon",
        "coordinates": [
          [
            [
              139.66467048,
              35.65716669
            ],
            [
              139.66511964,
              35.65716669
            ],
            [
              139.66511964,
              35.65753164
            ],
            [
              139.66467048,
              35.65753164
            ],
            [
              139.66467048,
              35.65716669
            ]
          ]
        ]
      },
      "properties": {
        "mesh_id": 88,
        "source_feature_id": "310948,85071",
        "evaluation_class": "NOT_EVALUATED",
        "ground_truth": null,
        "detected": false,
        "review_status": "NOT_REVIEWED",
        "change_type": null,
        "source_change_type": null,
        "type_basis": null,
        "source_density": 0.0,
        "source_mean": 0.0,
        "density_rank": null,
        "interpreter_a_judgment": null,
        "interpreter_b_judgment": null,
        "interpreter_a_type": null,
        "interpreter_b_type": null,
        "interpreter_a_note": null,
        "interpreter_b_note": null,
        "interpreter_a_needs_check": null,
        "interpreter_b_needs_check": null,
        "experiment_id": "window-a-2019-2025-frozen"
      }
    },
    {
      "type": "Feature",
      "id": 89,
      "geometry": {
        "type": "Polygon",
        "coordinates": [
          [
            [
              139.66511964,
              35.65716669
            ],
            [
              139.6655688,
              35.65716669
            ],
            [
              139.6655688,
              35.65753164
            ],
            [
              139.66511964,
              35.65753164
            ],
            [
              139.66511964,
              35.65716669
            ]
          ]
        ]
      },
      "properties": {
        "mesh_id": 89,
        "source_feature_id": "310949,85071",
        "evaluation_class": "NOT_EVALUATED",
        "ground_truth": null,
        "detected": false,
        "review_status": "NOT_REVIEWED",
        "change_type": null,
        "source_change_type": null,
        "type_basis": null,
        "source_density": 0.0,
        "source_mean": 0.0,
        "density_rank": null,
        "interpreter_a_judgment": null,
        "interpreter_b_judgment": null,
        "interpreter_a_type": null,
        "interpreter_b_type": null,
        "interpreter_a_note": null,
        "interpreter_b_note": null,
        "interpreter_a_needs_check": null,
        "interpreter_b_needs_check": null,
        "experiment_id": "window-a-2019-2025-frozen"
      }
    },
    {
      "type": "Feature",
      "id": 90,
      "geometry": {
        "type": "Polygon",
        "coordinates": [
          [
            [
              139.6655688,
              35.65716669
            ],
            [
              139.66601796,
              35.65716669
            ],
            [
              139.66601796,
              35.65753164
            ],
            [
              139.6655688,
              35.65753164
            ],
            [
              139.6655688,
              35.65716669
            ]
          ]
        ]
      },
      "properties": {
        "mesh_id": 90,
        "source_feature_id": "310950,85071",
        "evaluation_class": "NOT_EVALUATED",
        "ground_truth": null,
        "detected": false,
        "review_status": "NOT_REVIEWED",
        "change_type": null,
        "source_change_type": null,
        "type_basis": null,
        "source_density": 0.0,
        "source_mean": 0.0,
        "density_rank": null,
        "interpreter_a_judgment": null,
        "interpreter_b_judgment": null,
        "interpreter_a_type": null,
        "interpreter_b_type": null,
        "interpreter_a_note": null,
        "interpreter_b_note": null,
        "interpreter_a_needs_check": null,
        "interpreter_b_needs_check": null,
        "experiment_id": "window-a-2019-2025-frozen"
      }
    },
    {
      "type": "Feature",
      "id": 91,
      "geometry": {
        "type": "Polygon",
        "coordinates": [
          [
            [
              139.66601796,
              35.65716669
            ],
            [
              139.66646711,
              35.65716669
            ],
            [
              139.66646711,
              35.65753164
            ],
            [
              139.66601796,
              35.65753164
            ],
            [
              139.66601796,
              35.65716669
            ]
          ]
        ]
      },
      "properties": {
        "mesh_id": 91,
        "source_feature_id": "310951,85071",
        "evaluation_class": "NOT_EVALUATED",
        "ground_truth": null,
        "detected": false,
        "review_status": "NOT_REVIEWED",
        "change_type": null,
        "source_change_type": null,
        "type_basis": null,
        "source_density": 0.0,
        "source_mean": 0.0,
        "density_rank": null,
        "interpreter_a_judgment": null,
        "interpreter_b_judgment": null,
        "interpreter_a_type": null,
        "interpreter_b_type": null,
        "interpreter_a_note": null,
        "interpreter_b_note": null,
        "interpreter_a_needs_check": null,
        "interpreter_b_needs_check": null,
        "experiment_id": "window-a-2019-2025-frozen"
      }
    },
    {
      "type": "Feature",
      "id": 92,
      "geometry": {
        "type": "Polygon",
        "coordinates": [
          [
            [
              139.66646711,
              35.65716669
            ],
            [
              139.66691627,
              35.65716669
            ],
            [
              139.66691627,
              35.65753164
            ],
            [
              139.66646711,
              35.65753164
            ],
            [
              139.66646711,
              35.65716669
            ]
          ]
        ]
      },
      "properties": {
        "mesh_id": 92,
        "source_feature_id": "310952,85071",
        "evaluation_class": "FP",
        "ground_truth": "NO_CHANGE",
        "detected": true,
        "review_status": "AGREED",
        "change_type": null,
        "source_change_type": null,
        "type_basis": null,
        "source_density": 0.08146718146718145,
        "source_mean": 0.08146718146718145,
        "density_rank": 17,
        "interpreter_a_judgment": "×",
        "interpreter_b_judgment": "×",
        "interpreter_a_type": null,
        "interpreter_b_type": null,
        "interpreter_a_note": null,
        "interpreter_b_note": null,
        "interpreter_a_needs_check": null,
        "interpreter_b_needs_check": null,
        "experiment_id": "window-a-2019-2025-frozen"
      }
    },
    {
      "type": "Feature",
      "id": 93,
      "geometry": {
        "type": "Polygon",
        "coordinates": [
          [
            [
              139.66691627,
              35.65716669
            ],
            [
              139.66736543,
              35.65716669
            ],
            [
              139.66736543,
              35.65753164
            ],
            [
              139.66691627,
              35.65753164
            ],
            [
              139.66691627,
              35.65716669
            ]
          ]
        ]
      },
      "properties": {
        "mesh_id": 93,
        "source_feature_id": "310953,85071",
        "evaluation_class": "NOT_EVALUATED",
        "ground_truth": null,
        "detected": false,
        "review_status": "NOT_REVIEWED",
        "change_type": null,
        "source_change_type": null,
        "type_basis": null,
        "source_density": 0.0,
        "source_mean": 0.0,
        "density_rank": null,
        "interpreter_a_judgment": null,
        "interpreter_b_judgment": null,
        "interpreter_a_type": null,
        "interpreter_b_type": null,
        "interpreter_a_note": null,
        "interpreter_b_note": null,
        "interpreter_a_needs_check": null,
        "interpreter_b_needs_check": null,
        "experiment_id": "window-a-2019-2025-frozen"
      }
    },
    {
      "type": "Feature",
      "id": 94,
      "geometry": {
        "type": "Polygon",
        "coordinates": [
          [
            [
              139.66736543,
              35.65716669
            ],
            [
              139.66781459,
              35.65716669
            ],
            [
              139.66781459,
              35.65753164
            ],
            [
              139.66736543,
              35.65753164
            ],
            [
              139.66736543,
              35.65716669
            ]
          ]
        ]
      },
      "properties": {
        "mesh_id": 94,
        "source_feature_id": "310954,85071",
        "evaluation_class": "NOT_EVALUATED",
        "ground_truth": null,
        "detected": false,
        "review_status": "NOT_REVIEWED",
        "change_type": null,
        "source_change_type": null,
        "type_basis": null,
        "source_density": 0.0,
        "source_mean": 0.0,
        "density_rank": null,
        "interpreter_a_judgment": null,
        "interpreter_b_judgment": null,
        "interpreter_a_type": null,
        "interpreter_b_type": null,
        "interpreter_a_note": null,
        "interpreter_b_note": null,
        "interpreter_a_needs_check": null,
        "interpreter_b_needs_check": null,
        "experiment_id": "window-a-2019-2025-frozen"
      }
    },
    {
      "type": "Feature",
      "id": 95,
      "geometry": {
        "type": "Polygon",
        "coordinates": [
          [
            [
              139.66781459,
              35.65716669
            ],
            [
              139.66826374,
              35.65716669
            ],
            [
              139.66826374,
              35.65753164
            ],
            [
              139.66781459,
              35.65753164
            ],
            [
              139.66781459,
              35.65716669
            ]
          ]
        ]
      },
      "properties": {
        "mesh_id": 95,
        "source_feature_id": "310955,85071",
        "evaluation_class": "NOT_EVALUATED",
        "ground_truth": null,
        "detected": false,
        "review_status": "NOT_REVIEWED",
        "change_type": null,
        "source_change_type": null,
        "type_basis": null,
        "source_density": 0.0,
        "source_mean": 0.0,
        "density_rank": null,
        "interpreter_a_judgment": null,
        "interpreter_b_judgment": null,
        "interpreter_a_type": null,
        "interpreter_b_type": null,
        "interpreter_a_note": null,
        "interpreter_b_note": null,
        "interpreter_a_needs_check": null,
        "interpreter_b_needs_check": null,
        "experiment_id": "window-a-2019-2025-frozen"
      }
    },
    {
      "type": "Feature",
      "id": 96,
      "geometry": {
        "type": "Polygon",
        "coordinates": [
          [
            [
              139.66826374,
              35.65716669
            ],
            [
              139.6687129,
              35.65716669
            ],
            [
              139.6687129,
              35.65753164
            ],
            [
              139.66826374,
              35.65753164
            ],
            [
              139.66826374,
              35.65716669
            ]
          ]
        ]
      },
      "properties": {
        "mesh_id": 96,
        "source_feature_id": "310956,85071",
        "evaluation_class": "NOT_EVALUATED",
        "ground_truth": null,
        "detected": false,
        "review_status": "NOT_REVIEWED",
        "change_type": null,
        "source_change_type": null,
        "type_basis": null,
        "source_density": 0.0,
        "source_mean": 0.0,
        "density_rank": null,
        "interpreter_a_judgment": null,
        "interpreter_b_judgment": null,
        "interpreter_a_type": null,
        "interpreter_b_type": null,
        "interpreter_a_note": null,
        "interpreter_b_note": null,
        "interpreter_a_needs_check": null,
        "interpreter_b_needs_check": null,
        "experiment_id": "window-a-2019-2025-frozen"
      }
    },
    {
      "type": "Feature",
      "id": 97,
      "geometry": {
        "type": "Polygon",
        "coordinates": [
          [
            [
              139.6687129,
              35.65716669
            ],
            [
              139.66916206,
              35.65716669
            ],
            [
              139.66916206,
              35.65753164
            ],
            [
              139.6687129,
              35.65753164
            ],
            [
              139.6687129,
              35.65716669
            ]
          ]
        ]
      },
      "properties": {
        "mesh_id": 97,
        "source_feature_id": "310957,85071",
        "evaluation_class": "NOT_EVALUATED",
        "ground_truth": null,
        "detected": false,
        "review_status": "NOT_REVIEWED",
        "change_type": null,
        "source_change_type": null,
        "type_basis": null,
        "source_density": 0.0,
        "source_mean": 0.0,
        "density_rank": null,
        "interpreter_a_judgment": null,
        "interpreter_b_judgment": null,
        "interpreter_a_type": null,
        "interpreter_b_type": null,
        "interpreter_a_note": null,
        "interpreter_b_note": null,
        "interpreter_a_needs_check": null,
        "interpreter_b_needs_check": null,
        "experiment_id": "window-a-2019-2025-frozen"
      }
    },
    {
      "type": "Feature",
      "id": 98,
      "geometry": {
        "type": "Polygon",
        "coordinates": [
          [
            [
              139.66916206,
              35.65716669
            ],
            [
              139.66961122,
              35.65716669
            ],
            [
              139.66961122,
              35.65753164
            ],
            [
              139.66916206,
              35.65753164
            ],
            [
              139.66916206,
              35.65716669
            ]
          ]
        ]
      },
      "properties": {
        "mesh_id": 98,
        "source_feature_id": "310958,85071",
        "evaluation_class": "NOT_EVALUATED",
        "ground_truth": null,
        "detected": false,
        "review_status": "NOT_REVIEWED",
        "change_type": null,
        "source_change_type": null,
        "type_basis": null,
        "source_density": 0.0,
        "source_mean": 0.0,
        "density_rank": null,
        "interpreter_a_judgment": null,
        "interpreter_b_judgment": null,
        "interpreter_a_type": null,
        "interpreter_b_type": null,
        "interpreter_a_note": null,
        "interpreter_b_note": null,
        "interpreter_a_needs_check": null,
        "interpreter_b_needs_check": null,
        "experiment_id": "window-a-2019-2025-frozen"
      }
    },
    {
      "type": "Feature",
      "id": 99,
      "geometry": {
        "type": "Polygon",
        "coordinates": [
          [
            [
              139.66961122,
              35.65716669
            ],
            [
              139.67006037,
              35.65716669
            ],
            [
              139.67006037,
              35.65753164
            ],
            [
              139.66961122,
              35.65753164
            ],
            [
              139.66961122,
              35.65716669
            ]
          ]
        ]
      },
      "properties": {
        "mesh_id": 99,
        "source_feature_id": "310959,85071",
        "evaluation_class": "NOT_EVALUATED",
        "ground_truth": null,
        "detected": false,
        "review_status": "NOT_REVIEWED",
        "change_type": null,
        "source_change_type": null,
        "type_basis": null,
        "source_density": 0.0,
        "source_mean": 0.0,
        "density_rank": null,
        "interpreter_a_judgment": null,
        "interpreter_b_judgment": null,
        "interpreter_a_type": null,
        "interpreter_b_type": null,
        "interpreter_a_note": null,
        "interpreter_b_note": null,
        "interpreter_a_needs_check": null,
        "interpreter_b_needs_check": null,
        "experiment_id": "window-a-2019-2025-frozen"
      }
    },
    {
      "type": "Feature",
      "id": 100,
      "geometry": {
        "type": "Polygon",
        "coordinates": [
          [
            [
              139.67006037,
              35.65716669
            ],
            [
              139.67050953,
              35.65716669
            ],
            [
              139.67050953,
              35.65753164
            ],
            [
              139.67006037,
              35.65753164
            ],
            [
              139.67006037,
              35.65716669
            ]
          ]
        ]
      },
      "properties": {
        "mesh_id": 100,
        "source_feature_id": "310960,85071",
        "evaluation_class": "NOT_EVALUATED",
        "ground_truth": null,
        "detected": false,
        "review_status": "NOT_REVIEWED",
        "change_type": null,
        "source_change_type": null,
        "type_basis": null,
        "source_density": 0.0,
        "source_mean": 0.0,
        "density_rank": null,
        "interpreter_a_judgment": null,
        "interpreter_b_judgment": null,
        "interpreter_a_type": null,
        "interpreter_b_type": null,
        "interpreter_a_note": null,
        "interpreter_b_note": null,
        "interpreter_a_needs_check": null,
        "interpreter_b_needs_check": null,
        "experiment_id": "window-a-2019-2025-frozen"
      }
    },
    {
      "type": "Feature",
      "id": 101,
      "geometry": {
        "type": "Polygon",
        "coordinates": [
          [
            [
              139.67050953,
              35.65716669
            ],
            [
              139.67095869,
              35.65716669
            ],
            [
              139.67095869,
              35.65753164
            ],
            [
              139.67050953,
              35.65753164
            ],
            [
              139.67050953,
              35.65716669
            ]
          ]
        ]
      },
      "properties": {
        "mesh_id": 101,
        "source_feature_id": "310961,85071",
        "evaluation_class": "NOT_EVALUATED",
        "ground_truth": null,
        "detected": false,
        "review_status": "NOT_REVIEWED",
        "change_type": null,
        "source_change_type": null,
        "type_basis": null,
        "source_density": 0.0,
        "source_mean": 0.0,
        "density_rank": null,
        "interpreter_a_judgment": null,
        "interpreter_b_judgment": null,
        "interpreter_a_type": null,
        "interpreter_b_type": null,
        "interpreter_a_note": null,
        "interpreter_b_note": null,
        "interpreter_a_needs_check": null,
        "interpreter_b_needs_check": null,
        "experiment_id": "window-a-2019-2025-frozen"
      }
    },
    {
      "type": "Feature",
      "id": 102,
      "geometry": {
        "type": "Polygon",
        "coordinates": [
          [
            [
              139.67095869,
              35.65716669
            ],
            [
              139.67140785,
              35.65716669
            ],
            [
              139.67140785,
              35.65753164
            ],
            [
              139.67095869,
              35.65753164
            ],
            [
              139.67095869,
              35.65716669
            ]
          ]
        ]
      },
      "properties": {
        "mesh_id": 102,
        "source_feature_id": "310962,85071",
        "evaluation_class": "NOT_EVALUATED",
        "ground_truth": null,
        "detected": false,
        "review_status": "NOT_REVIEWED",
        "change_type": null,
        "source_change_type": null,
        "type_basis": null,
        "source_density": 0.0,
        "source_mean": 0.0,
        "density_rank": null,
        "interpreter_a_judgment": null,
        "interpreter_b_judgment": null,
        "interpreter_a_type": null,
        "interpreter_b_type": null,
        "interpreter_a_note": null,
        "interpreter_b_note": null,
        "interpreter_a_needs_check": null,
        "interpreter_b_needs_check": null,
        "experiment_id": "window-a-2019-2025-frozen"
      }
    },
    {
      "type": "Feature",
      "id": 103,
      "geometry": {
        "type": "Polygon",
        "coordinates": [
          [
            [
              139.67140785,
              35.65716669
            ],
            [
              139.67185701,
              35.65716669
            ],
            [
              139.67185701,
              35.65753164
            ],
            [
              139.67140785,
              35.65753164
            ],
            [
              139.67140785,
              35.65716669
            ]
          ]
        ]
      },
      "properties": {
        "mesh_id": 103,
        "source_feature_id": "310963,85071",
        "evaluation_class": "NOT_EVALUATED",
        "ground_truth": null,
        "detected": false,
        "review_status": "NOT_REVIEWED",
        "change_type": null,
        "source_change_type": null,
        "type_basis": null,
        "source_density": 0.0,
        "source_mean": 0.0,
        "density_rank": null,
        "interpreter_a_judgment": null,
        "interpreter_b_judgment": null,
        "interpreter_a_type": null,
        "interpreter_b_type": null,
        "interpreter_a_note": null,
        "interpreter_b_note": null,
        "interpreter_a_needs_check": null,
        "interpreter_b_needs_check": null,
        "experiment_id": "window-a-2019-2025-frozen"
      }
    },
    {
      "type": "Feature",
      "id": 104,
      "geometry": {
        "type": "Polygon",
        "coordinates": [
          [
            [
              139.66017891,
              35.65753164
            ],
            [
              139.66062806,
              35.65753164
            ],
            [
              139.66062806,
              35.65789659
            ],
            [
              139.66017891,
              35.65789659
            ],
            [
              139.66017891,
              35.65753164
            ]
          ]
        ]
      },
      "properties": {
        "mesh_id": 104,
        "source_feature_id": "310938,85072",
        "evaluation_class": "NOT_EVALUATED",
        "ground_truth": null,
        "detected": false,
        "review_status": "NOT_REVIEWED",
        "change_type": null,
        "source_change_type": null,
        "type_basis": null,
        "source_density": 0.0,
        "source_mean": 0.0,
        "density_rank": null,
        "interpreter_a_judgment": null,
        "interpreter_b_judgment": null,
        "interpreter_a_type": null,
        "interpreter_b_type": null,
        "interpreter_a_note": null,
        "interpreter_b_note": null,
        "interpreter_a_needs_check": null,
        "interpreter_b_needs_check": null,
        "experiment_id": "window-a-2019-2025-frozen"
      }
    },
    {
      "type": "Feature",
      "id": 105,
      "geometry": {
        "type": "Polygon",
        "coordinates": [
          [
            [
              139.66062806,
              35.65753164
            ],
            [
              139.66107722,
              35.65753164
            ],
            [
              139.66107722,
              35.65789659
            ],
            [
              139.66062806,
              35.65789659
            ],
            [
              139.66062806,
              35.65753164
            ]
          ]
        ]
      },
      "properties": {
        "mesh_id": 105,
        "source_feature_id": "310939,85072",
        "evaluation_class": "NOT_EVALUATED",
        "ground_truth": null,
        "detected": false,
        "review_status": "NOT_REVIEWED",
        "change_type": null,
        "source_change_type": null,
        "type_basis": null,
        "source_density": 0.0,
        "source_mean": 0.0,
        "density_rank": null,
        "interpreter_a_judgment": null,
        "interpreter_b_judgment": null,
        "interpreter_a_type": null,
        "interpreter_b_type": null,
        "interpreter_a_note": null,
        "interpreter_b_note": null,
        "interpreter_a_needs_check": null,
        "interpreter_b_needs_check": null,
        "experiment_id": "window-a-2019-2025-frozen"
      }
    },
    {
      "type": "Feature",
      "id": 106,
      "geometry": {
        "type": "Polygon",
        "coordinates": [
          [
            [
              139.66107722,
              35.65753164
            ],
            [
              139.66152638,
              35.65753164
            ],
            [
              139.66152638,
              35.65789659
            ],
            [
              139.66107722,
              35.65789659
            ],
            [
              139.66107722,
              35.65753164
            ]
          ]
        ]
      },
      "properties": {
        "mesh_id": 106,
        "source_feature_id": "310940,85072",
        "evaluation_class": "NOT_EVALUATED",
        "ground_truth": null,
        "detected": false,
        "review_status": "NOT_REVIEWED",
        "change_type": null,
        "source_change_type": null,
        "type_basis": null,
        "source_density": 0.0,
        "source_mean": 0.0,
        "density_rank": null,
        "interpreter_a_judgment": null,
        "interpreter_b_judgment": null,
        "interpreter_a_type": null,
        "interpreter_b_type": null,
        "interpreter_a_note": null,
        "interpreter_b_note": null,
        "interpreter_a_needs_check": null,
        "interpreter_b_needs_check": null,
        "experiment_id": "window-a-2019-2025-frozen"
      }
    },
    {
      "type": "Feature",
      "id": 107,
      "geometry": {
        "type": "Polygon",
        "coordinates": [
          [
            [
              139.66152638,
              35.65753164
            ],
            [
              139.66197554,
              35.65753164
            ],
            [
              139.66197554,
              35.65789659
            ],
            [
              139.66152638,
              35.65789659
            ],
            [
              139.66152638,
              35.65753164
            ]
          ]
        ]
      },
      "properties": {
        "mesh_id": 107,
        "source_feature_id": "310941,85072",
        "evaluation_class": "NOT_EVALUATED",
        "ground_truth": null,
        "detected": false,
        "review_status": "NOT_REVIEWED",
        "change_type": null,
        "source_change_type": null,
        "type_basis": null,
        "source_density": 0.0,
        "source_mean": 0.0,
        "density_rank": null,
        "interpreter_a_judgment": null,
        "interpreter_b_judgment": null,
        "interpreter_a_type": null,
        "interpreter_b_type": null,
        "interpreter_a_note": null,
        "interpreter_b_note": null,
        "interpreter_a_needs_check": null,
        "interpreter_b_needs_check": null,
        "experiment_id": "window-a-2019-2025-frozen"
      }
    },
    {
      "type": "Feature",
      "id": 108,
      "geometry": {
        "type": "Polygon",
        "coordinates": [
          [
            [
              139.66197554,
              35.65753164
            ],
            [
              139.66242469,
              35.65753164
            ],
            [
              139.66242469,
              35.65789659
            ],
            [
              139.66197554,
              35.65789659
            ],
            [
              139.66197554,
              35.65753164
            ]
          ]
        ]
      },
      "properties": {
        "mesh_id": 108,
        "source_feature_id": "310942,85072",
        "evaluation_class": "NOT_EVALUATED",
        "ground_truth": null,
        "detected": false,
        "review_status": "NOT_REVIEWED",
        "change_type": null,
        "source_change_type": null,
        "type_basis": null,
        "source_density": 0.0,
        "source_mean": 0.0,
        "density_rank": null,
        "interpreter_a_judgment": null,
        "interpreter_b_judgment": null,
        "interpreter_a_type": null,
        "interpreter_b_type": null,
        "interpreter_a_note": null,
        "interpreter_b_note": null,
        "interpreter_a_needs_check": null,
        "interpreter_b_needs_check": null,
        "experiment_id": "window-a-2019-2025-frozen"
      }
    },
    {
      "type": "Feature",
      "id": 109,
      "geometry": {
        "type": "Polygon",
        "coordinates": [
          [
            [
              139.66242469,
              35.65753164
            ],
            [
              139.66287385,
              35.65753164
            ],
            [
              139.66287385,
              35.65789659
            ],
            [
              139.66242469,
              35.65789659
            ],
            [
              139.66242469,
              35.65753164
            ]
          ]
        ]
      },
      "properties": {
        "mesh_id": 109,
        "source_feature_id": "310943,85072",
        "evaluation_class": "NOT_EVALUATED",
        "ground_truth": null,
        "detected": false,
        "review_status": "NOT_REVIEWED",
        "change_type": null,
        "source_change_type": null,
        "type_basis": null,
        "source_density": 0.0,
        "source_mean": 0.0,
        "density_rank": null,
        "interpreter_a_judgment": null,
        "interpreter_b_judgment": null,
        "interpreter_a_type": null,
        "interpreter_b_type": null,
        "interpreter_a_note": null,
        "interpreter_b_note": null,
        "interpreter_a_needs_check": null,
        "interpreter_b_needs_check": null,
        "experiment_id": "window-a-2019-2025-frozen"
      }
    },
    {
      "type": "Feature",
      "id": 110,
      "geometry": {
        "type": "Polygon",
        "coordinates": [
          [
            [
              139.66287385,
              35.65753164
            ],
            [
              139.66332301,
              35.65753164
            ],
            [
              139.66332301,
              35.65789659
            ],
            [
              139.66287385,
              35.65789659
            ],
            [
              139.66287385,
              35.65753164
            ]
          ]
        ]
      },
      "properties": {
        "mesh_id": 110,
        "source_feature_id": "310944,85072",
        "evaluation_class": "NOT_EVALUATED",
        "ground_truth": null,
        "detected": false,
        "review_status": "NOT_REVIEWED",
        "change_type": null,
        "source_change_type": null,
        "type_basis": null,
        "source_density": 0.0,
        "source_mean": 0.0,
        "density_rank": null,
        "interpreter_a_judgment": null,
        "interpreter_b_judgment": null,
        "interpreter_a_type": null,
        "interpreter_b_type": null,
        "interpreter_a_note": null,
        "interpreter_b_note": null,
        "interpreter_a_needs_check": null,
        "interpreter_b_needs_check": null,
        "experiment_id": "window-a-2019-2025-frozen"
      }
    },
    {
      "type": "Feature",
      "id": 111,
      "geometry": {
        "type": "Polygon",
        "coordinates": [
          [
            [
              139.66332301,
              35.65753164
            ],
            [
              139.66377217,
              35.65753164
            ],
            [
              139.66377217,
              35.65789659
            ],
            [
              139.66332301,
              35.65789659
            ],
            [
              139.66332301,
              35.65753164
            ]
          ]
        ]
      },
      "properties": {
        "mesh_id": 111,
        "source_feature_id": "310945,85072",
        "evaluation_class": "NOT_EVALUATED",
        "ground_truth": null,
        "detected": false,
        "review_status": "NOT_REVIEWED",
        "change_type": null,
        "source_change_type": null,
        "type_basis": null,
        "source_density": 0.0,
        "source_mean": 0.0,
        "density_rank": null,
        "interpreter_a_judgment": null,
        "interpreter_b_judgment": null,
        "interpreter_a_type": null,
        "interpreter_b_type": null,
        "interpreter_a_note": null,
        "interpreter_b_note": null,
        "interpreter_a_needs_check": null,
        "interpreter_b_needs_check": null,
        "experiment_id": "window-a-2019-2025-frozen"
      }
    },
    {
      "type": "Feature",
      "id": 112,
      "geometry": {
        "type": "Polygon",
        "coordinates": [
          [
            [
              139.66377217,
              35.65753164
            ],
            [
              139.66422133,
              35.65753164
            ],
            [
              139.66422133,
              35.65789659
            ],
            [
              139.66377217,
              35.65789659
            ],
            [
              139.66377217,
              35.65753164
            ]
          ]
        ]
      },
      "properties": {
        "mesh_id": 112,
        "source_feature_id": "310946,85072",
        "evaluation_class": "NOT_EVALUATED",
        "ground_truth": null,
        "detected": false,
        "review_status": "NOT_REVIEWED",
        "change_type": null,
        "source_change_type": null,
        "type_basis": null,
        "source_density": 0.0,
        "source_mean": 0.0,
        "density_rank": null,
        "interpreter_a_judgment": null,
        "interpreter_b_judgment": null,
        "interpreter_a_type": null,
        "interpreter_b_type": null,
        "interpreter_a_note": null,
        "interpreter_b_note": null,
        "interpreter_a_needs_check": null,
        "interpreter_b_needs_check": null,
        "experiment_id": "window-a-2019-2025-frozen"
      }
    },
    {
      "type": "Feature",
      "id": 113,
      "geometry": {
        "type": "Polygon",
        "coordinates": [
          [
            [
              139.66422133,
              35.65753164
            ],
            [
              139.66467048,
              35.65753164
            ],
            [
              139.66467048,
              35.65789659
            ],
            [
              139.66422133,
              35.65789659
            ],
            [
              139.66422133,
              35.65753164
            ]
          ]
        ]
      },
      "properties": {
        "mesh_id": 113,
        "source_feature_id": "310947,85072",
        "evaluation_class": "NOT_EVALUATED",
        "ground_truth": null,
        "detected": false,
        "review_status": "NOT_REVIEWED",
        "change_type": null,
        "source_change_type": null,
        "type_basis": null,
        "source_density": 0.0,
        "source_mean": 0.0,
        "density_rank": null,
        "interpreter_a_judgment": null,
        "interpreter_b_judgment": null,
        "interpreter_a_type": null,
        "interpreter_b_type": null,
        "interpreter_a_note": null,
        "interpreter_b_note": null,
        "interpreter_a_needs_check": null,
        "interpreter_b_needs_check": null,
        "experiment_id": "window-a-2019-2025-frozen"
      }
    },
    {
      "type": "Feature",
      "id": 114,
      "geometry": {
        "type": "Polygon",
        "coordinates": [
          [
            [
              139.66467048,
              35.65753164
            ],
            [
              139.66511964,
              35.65753164
            ],
            [
              139.66511964,
              35.65789659
            ],
            [
              139.66467048,
              35.65789659
            ],
            [
              139.66467048,
              35.65753164
            ]
          ]
        ]
      },
      "properties": {
        "mesh_id": 114,
        "source_feature_id": "310948,85072",
        "evaluation_class": "FN",
        "ground_truth": "CHANGE",
        "detected": false,
        "review_status": "AGREED",
        "change_type": "REBUILDING",
        "source_change_type": "R",
        "type_basis": "文字列完全一致",
        "source_density": 0.0,
        "source_mean": 0.0,
        "density_rank": null,
        "interpreter_a_judgment": "○",
        "interpreter_b_judgment": "○",
        "interpreter_a_type": "R",
        "interpreter_b_type": "R",
        "interpreter_a_note": "変化した家の駐車場がピクセルに入っているが（Dなのか？）",
        "interpreter_b_note": null,
        "interpreter_a_needs_check": null,
        "interpreter_b_needs_check": null,
        "experiment_id": "window-a-2019-2025-frozen"
      }
    },
    {
      "type": "Feature",
      "id": 115,
      "geometry": {
        "type": "Polygon",
        "coordinates": [
          [
            [
              139.66511964,
              35.65753164
            ],
            [
              139.6655688,
              35.65753164
            ],
            [
              139.6655688,
              35.65789659
            ],
            [
              139.66511964,
              35.65789659
            ],
            [
              139.66511964,
              35.65753164
            ]
          ]
        ]
      },
      "properties": {
        "mesh_id": 115,
        "source_feature_id": "310949,85072",
        "evaluation_class": "NOT_EVALUATED",
        "ground_truth": null,
        "detected": false,
        "review_status": "NOT_REVIEWED",
        "change_type": null,
        "source_change_type": null,
        "type_basis": null,
        "source_density": 0.0,
        "source_mean": 0.0,
        "density_rank": null,
        "interpreter_a_judgment": null,
        "interpreter_b_judgment": null,
        "interpreter_a_type": null,
        "interpreter_b_type": null,
        "interpreter_a_note": null,
        "interpreter_b_note": null,
        "interpreter_a_needs_check": null,
        "interpreter_b_needs_check": null,
        "experiment_id": "window-a-2019-2025-frozen"
      }
    },
    {
      "type": "Feature",
      "id": 116,
      "geometry": {
        "type": "Polygon",
        "coordinates": [
          [
            [
              139.6655688,
              35.65753164
            ],
            [
              139.66601796,
              35.65753164
            ],
            [
              139.66601796,
              35.65789659
            ],
            [
              139.6655688,
              35.65789659
            ],
            [
              139.6655688,
              35.65753164
            ]
          ]
        ]
      },
      "properties": {
        "mesh_id": 116,
        "source_feature_id": "310950,85072",
        "evaluation_class": "NOT_EVALUATED",
        "ground_truth": null,
        "detected": false,
        "review_status": "NOT_REVIEWED",
        "change_type": null,
        "source_change_type": null,
        "type_basis": null,
        "source_density": 0.0,
        "source_mean": 0.0,
        "density_rank": null,
        "interpreter_a_judgment": null,
        "interpreter_b_judgment": null,
        "interpreter_a_type": null,
        "interpreter_b_type": null,
        "interpreter_a_note": null,
        "interpreter_b_note": null,
        "interpreter_a_needs_check": null,
        "interpreter_b_needs_check": null,
        "experiment_id": "window-a-2019-2025-frozen"
      }
    },
    {
      "type": "Feature",
      "id": 117,
      "geometry": {
        "type": "Polygon",
        "coordinates": [
          [
            [
              139.66601796,
              35.65753164
            ],
            [
              139.66646711,
              35.65753164
            ],
            [
              139.66646711,
              35.65789659
            ],
            [
              139.66601796,
              35.65789659
            ],
            [
              139.66601796,
              35.65753164
            ]
          ]
        ]
      },
      "properties": {
        "mesh_id": 117,
        "source_feature_id": "310951,85072",
        "evaluation_class": "NOT_EVALUATED",
        "ground_truth": null,
        "detected": false,
        "review_status": "NOT_REVIEWED",
        "change_type": null,
        "source_change_type": null,
        "type_basis": null,
        "source_density": 0.0,
        "source_mean": 0.0,
        "density_rank": null,
        "interpreter_a_judgment": null,
        "interpreter_b_judgment": null,
        "interpreter_a_type": null,
        "interpreter_b_type": null,
        "interpreter_a_note": null,
        "interpreter_b_note": null,
        "interpreter_a_needs_check": null,
        "interpreter_b_needs_check": null,
        "experiment_id": "window-a-2019-2025-frozen"
      }
    },
    {
      "type": "Feature",
      "id": 118,
      "geometry": {
        "type": "Polygon",
        "coordinates": [
          [
            [
              139.66646711,
              35.65753164
            ],
            [
              139.66691627,
              35.65753164
            ],
            [
              139.66691627,
              35.65789659
            ],
            [
              139.66646711,
              35.65789659
            ],
            [
              139.66646711,
              35.65753164
            ]
          ]
        ]
      },
      "properties": {
        "mesh_id": 118,
        "source_feature_id": "310952,85072",
        "evaluation_class": "TP",
        "ground_truth": "CHANGE",
        "detected": true,
        "review_status": "AGREED",
        "change_type": "NEW_CONSTRUCTION",
        "source_change_type": "N",
        "type_basis": "手作業解決（研究記録）",
        "source_density": 0.2631274131274131,
        "source_mean": 0.2631274131274131,
        "density_rank": 2,
        "interpreter_a_judgment": "○",
        "interpreter_b_judgment": "○",
        "interpreter_a_type": "N/R",
        "interpreter_b_type": "N",
        "interpreter_a_note": "両方入ってる",
        "interpreter_b_note": null,
        "interpreter_a_needs_check": null,
        "interpreter_b_needs_check": null,
        "experiment_id": "window-a-2019-2025-frozen"
      }
    },
    {
      "type": "Feature",
      "id": 119,
      "geometry": {
        "type": "Polygon",
        "coordinates": [
          [
            [
              139.66691627,
              35.65753164
            ],
            [
              139.66736543,
              35.65753164
            ],
            [
              139.66736543,
              35.65789659
            ],
            [
              139.66691627,
              35.65789659
            ],
            [
              139.66691627,
              35.65753164
            ]
          ]
        ]
      },
      "properties": {
        "mesh_id": 119,
        "source_feature_id": "310953,85072",
        "evaluation_class": "NOT_EVALUATED",
        "ground_truth": null,
        "detected": false,
        "review_status": "NOT_REVIEWED",
        "change_type": null,
        "source_change_type": null,
        "type_basis": null,
        "source_density": 0.0,
        "source_mean": 0.0,
        "density_rank": null,
        "interpreter_a_judgment": null,
        "interpreter_b_judgment": null,
        "interpreter_a_type": null,
        "interpreter_b_type": null,
        "interpreter_a_note": null,
        "interpreter_b_note": null,
        "interpreter_a_needs_check": null,
        "interpreter_b_needs_check": null,
        "experiment_id": "window-a-2019-2025-frozen"
      }
    },
    {
      "type": "Feature",
      "id": 120,
      "geometry": {
        "type": "Polygon",
        "coordinates": [
          [
            [
              139.66736543,
              35.65753164
            ],
            [
              139.66781459,
              35.65753164
            ],
            [
              139.66781459,
              35.65789659
            ],
            [
              139.66736543,
              35.65789659
            ],
            [
              139.66736543,
              35.65753164
            ]
          ]
        ]
      },
      "properties": {
        "mesh_id": 120,
        "source_feature_id": "310954,85072",
        "evaluation_class": "NOT_EVALUATED",
        "ground_truth": null,
        "detected": false,
        "review_status": "NOT_REVIEWED",
        "change_type": null,
        "source_change_type": null,
        "type_basis": null,
        "source_density": 0.0,
        "source_mean": 0.0,
        "density_rank": null,
        "interpreter_a_judgment": null,
        "interpreter_b_judgment": null,
        "interpreter_a_type": null,
        "interpreter_b_type": null,
        "interpreter_a_note": null,
        "interpreter_b_note": null,
        "interpreter_a_needs_check": null,
        "interpreter_b_needs_check": null,
        "experiment_id": "window-a-2019-2025-frozen"
      }
    },
    {
      "type": "Feature",
      "id": 121,
      "geometry": {
        "type": "Polygon",
        "coordinates": [
          [
            [
              139.66781459,
              35.65753164
            ],
            [
              139.66826374,
              35.65753164
            ],
            [
              139.66826374,
              35.65789659
            ],
            [
              139.66781459,
              35.65789659
            ],
            [
              139.66781459,
              35.65753164
            ]
          ]
        ]
      },
      "properties": {
        "mesh_id": 121,
        "source_feature_id": "310955,85072",
        "evaluation_class": "NOT_EVALUATED",
        "ground_truth": null,
        "detected": false,
        "review_status": "NOT_REVIEWED",
        "change_type": null,
        "source_change_type": null,
        "type_basis": null,
        "source_density": 0.0,
        "source_mean": 0.0,
        "density_rank": null,
        "interpreter_a_judgment": null,
        "interpreter_b_judgment": null,
        "interpreter_a_type": null,
        "interpreter_b_type": null,
        "interpreter_a_note": null,
        "interpreter_b_note": null,
        "interpreter_a_needs_check": null,
        "interpreter_b_needs_check": null,
        "experiment_id": "window-a-2019-2025-frozen"
      }
    },
    {
      "type": "Feature",
      "id": 122,
      "geometry": {
        "type": "Polygon",
        "coordinates": [
          [
            [
              139.66826374,
              35.65753164
            ],
            [
              139.6687129,
              35.65753164
            ],
            [
              139.6687129,
              35.65789659
            ],
            [
              139.66826374,
              35.65789659
            ],
            [
              139.66826374,
              35.65753164
            ]
          ]
        ]
      },
      "properties": {
        "mesh_id": 122,
        "source_feature_id": "310956,85072",
        "evaluation_class": "NOT_EVALUATED",
        "ground_truth": null,
        "detected": false,
        "review_status": "NOT_REVIEWED",
        "change_type": null,
        "source_change_type": null,
        "type_basis": null,
        "source_density": 0.0,
        "source_mean": 0.0,
        "density_rank": null,
        "interpreter_a_judgment": null,
        "interpreter_b_judgment": null,
        "interpreter_a_type": null,
        "interpreter_b_type": null,
        "interpreter_a_note": null,
        "interpreter_b_note": null,
        "interpreter_a_needs_check": null,
        "interpreter_b_needs_check": null,
        "experiment_id": "window-a-2019-2025-frozen"
      }
    },
    {
      "type": "Feature",
      "id": 123,
      "geometry": {
        "type": "Polygon",
        "coordinates": [
          [
            [
              139.6687129,
              35.65753164
            ],
            [
              139.66916206,
              35.65753164
            ],
            [
              139.66916206,
              35.65789659
            ],
            [
              139.6687129,
              35.65789659
            ],
            [
              139.6687129,
              35.65753164
            ]
          ]
        ]
      },
      "properties": {
        "mesh_id": 123,
        "source_feature_id": "310957,85072",
        "evaluation_class": "NOT_EVALUATED",
        "ground_truth": null,
        "detected": false,
        "review_status": "NOT_REVIEWED",
        "change_type": null,
        "source_change_type": null,
        "type_basis": null,
        "source_density": 0.0,
        "source_mean": 0.0,
        "density_rank": null,
        "interpreter_a_judgment": null,
        "interpreter_b_judgment": null,
        "interpreter_a_type": null,
        "interpreter_b_type": null,
        "interpreter_a_note": null,
        "interpreter_b_note": null,
        "interpreter_a_needs_check": null,
        "interpreter_b_needs_check": null,
        "experiment_id": "window-a-2019-2025-frozen"
      }
    },
    {
      "type": "Feature",
      "id": 124,
      "geometry": {
        "type": "Polygon",
        "coordinates": [
          [
            [
              139.66916206,
              35.65753164
            ],
            [
              139.66961122,
              35.65753164
            ],
            [
              139.66961122,
              35.65789659
            ],
            [
              139.66916206,
              35.65789659
            ],
            [
              139.66916206,
              35.65753164
            ]
          ]
        ]
      },
      "properties": {
        "mesh_id": 124,
        "source_feature_id": "310958,85072",
        "evaluation_class": "NOT_EVALUATED",
        "ground_truth": null,
        "detected": false,
        "review_status": "NOT_REVIEWED",
        "change_type": null,
        "source_change_type": null,
        "type_basis": null,
        "source_density": 0.0,
        "source_mean": 0.0,
        "density_rank": null,
        "interpreter_a_judgment": null,
        "interpreter_b_judgment": null,
        "interpreter_a_type": null,
        "interpreter_b_type": null,
        "interpreter_a_note": null,
        "interpreter_b_note": null,
        "interpreter_a_needs_check": null,
        "interpreter_b_needs_check": null,
        "experiment_id": "window-a-2019-2025-frozen"
      }
    },
    {
      "type": "Feature",
      "id": 125,
      "geometry": {
        "type": "Polygon",
        "coordinates": [
          [
            [
              139.66961122,
              35.65753164
            ],
            [
              139.67006037,
              35.65753164
            ],
            [
              139.67006037,
              35.65789659
            ],
            [
              139.66961122,
              35.65789659
            ],
            [
              139.66961122,
              35.65753164
            ]
          ]
        ]
      },
      "properties": {
        "mesh_id": 125,
        "source_feature_id": "310959,85072",
        "evaluation_class": "NOT_EVALUATED",
        "ground_truth": null,
        "detected": false,
        "review_status": "NOT_REVIEWED",
        "change_type": null,
        "source_change_type": null,
        "type_basis": null,
        "source_density": 0.0,
        "source_mean": 0.0,
        "density_rank": null,
        "interpreter_a_judgment": null,
        "interpreter_b_judgment": null,
        "interpreter_a_type": null,
        "interpreter_b_type": null,
        "interpreter_a_note": null,
        "interpreter_b_note": null,
        "interpreter_a_needs_check": null,
        "interpreter_b_needs_check": null,
        "experiment_id": "window-a-2019-2025-frozen"
      }
    },
    {
      "type": "Feature",
      "id": 126,
      "geometry": {
        "type": "Polygon",
        "coordinates": [
          [
            [
              139.67006037,
              35.65753164
            ],
            [
              139.67050953,
              35.65753164
            ],
            [
              139.67050953,
              35.65789659
            ],
            [
              139.67006037,
              35.65789659
            ],
            [
              139.67006037,
              35.65753164
            ]
          ]
        ]
      },
      "properties": {
        "mesh_id": 126,
        "source_feature_id": "310960,85072",
        "evaluation_class": "NOT_EVALUATED",
        "ground_truth": null,
        "detected": false,
        "review_status": "NOT_REVIEWED",
        "change_type": null,
        "source_change_type": null,
        "type_basis": null,
        "source_density": 0.0,
        "source_mean": 0.0,
        "density_rank": null,
        "interpreter_a_judgment": null,
        "interpreter_b_judgment": null,
        "interpreter_a_type": null,
        "interpreter_b_type": null,
        "interpreter_a_note": null,
        "interpreter_b_note": null,
        "interpreter_a_needs_check": null,
        "interpreter_b_needs_check": null,
        "experiment_id": "window-a-2019-2025-frozen"
      }
    },
    {
      "type": "Feature",
      "id": 127,
      "geometry": {
        "type": "Polygon",
        "coordinates": [
          [
            [
              139.67050953,
              35.65753164
            ],
            [
              139.67095869,
              35.65753164
            ],
            [
              139.67095869,
              35.65789659
            ],
            [
              139.67050953,
              35.65789659
            ],
            [
              139.67050953,
              35.65753164
            ]
          ]
        ]
      },
      "properties": {
        "mesh_id": 127,
        "source_feature_id": "310961,85072",
        "evaluation_class": "NOT_EVALUATED",
        "ground_truth": null,
        "detected": false,
        "review_status": "NOT_REVIEWED",
        "change_type": null,
        "source_change_type": null,
        "type_basis": null,
        "source_density": 0.0,
        "source_mean": 0.0,
        "density_rank": null,
        "interpreter_a_judgment": null,
        "interpreter_b_judgment": null,
        "interpreter_a_type": null,
        "interpreter_b_type": null,
        "interpreter_a_note": null,
        "interpreter_b_note": null,
        "interpreter_a_needs_check": null,
        "interpreter_b_needs_check": null,
        "experiment_id": "window-a-2019-2025-frozen"
      }
    },
    {
      "type": "Feature",
      "id": 128,
      "geometry": {
        "type": "Polygon",
        "coordinates": [
          [
            [
              139.67095869,
              35.65753164
            ],
            [
              139.67140785,
              35.65753164
            ],
            [
              139.67140785,
              35.65789659
            ],
            [
              139.67095869,
              35.65789659
            ],
            [
              139.67095869,
              35.65753164
            ]
          ]
        ]
      },
      "properties": {
        "mesh_id": 128,
        "source_feature_id": "310962,85072",
        "evaluation_class": "NOT_EVALUATED",
        "ground_truth": null,
        "detected": false,
        "review_status": "NOT_REVIEWED",
        "change_type": null,
        "source_change_type": null,
        "type_basis": null,
        "source_density": 0.0,
        "source_mean": 0.0,
        "density_rank": null,
        "interpreter_a_judgment": null,
        "interpreter_b_judgment": null,
        "interpreter_a_type": null,
        "interpreter_b_type": null,
        "interpreter_a_note": null,
        "interpreter_b_note": null,
        "interpreter_a_needs_check": null,
        "interpreter_b_needs_check": null,
        "experiment_id": "window-a-2019-2025-frozen"
      }
    },
    {
      "type": "Feature",
      "id": 129,
      "geometry": {
        "type": "Polygon",
        "coordinates": [
          [
            [
              139.67140785,
              35.65753164
            ],
            [
              139.67185701,
              35.65753164
            ],
            [
              139.67185701,
              35.65789659
            ],
            [
              139.67140785,
              35.65789659
            ],
            [
              139.67140785,
              35.65753164
            ]
          ]
        ]
      },
      "properties": {
        "mesh_id": 129,
        "source_feature_id": "310963,85072",
        "evaluation_class": "NOT_EVALUATED",
        "ground_truth": null,
        "detected": false,
        "review_status": "NOT_REVIEWED",
        "change_type": null,
        "source_change_type": null,
        "type_basis": null,
        "source_density": 0.0,
        "source_mean": 0.0,
        "density_rank": null,
        "interpreter_a_judgment": null,
        "interpreter_b_judgment": null,
        "interpreter_a_type": null,
        "interpreter_b_type": null,
        "interpreter_a_note": null,
        "interpreter_b_note": null,
        "interpreter_a_needs_check": null,
        "interpreter_b_needs_check": null,
        "experiment_id": "window-a-2019-2025-frozen"
      }
    },
    {
      "type": "Feature",
      "id": 130,
      "geometry": {
        "type": "Polygon",
        "coordinates": [
          [
            [
              139.66017891,
              35.65789659
            ],
            [
              139.66062806,
              35.65789659
            ],
            [
              139.66062806,
              35.65826153
            ],
            [
              139.66017891,
              35.65826153
            ],
            [
              139.66017891,
              35.65789659
            ]
          ]
        ]
      },
      "properties": {
        "mesh_id": 130,
        "source_feature_id": "310938,85073",
        "evaluation_class": "FP",
        "ground_truth": "NO_CHANGE",
        "detected": true,
        "review_status": "AGREED",
        "change_type": null,
        "source_change_type": null,
        "type_basis": null,
        "source_density": 0.09845559845559847,
        "source_mean": 0.09845559845559847,
        "density_rank": 13,
        "interpreter_a_judgment": "×",
        "interpreter_b_judgment": "×",
        "interpreter_a_type": null,
        "interpreter_b_type": null,
        "interpreter_a_note": "道は変化しているが建物変化なし",
        "interpreter_b_note": "道の変化あり",
        "interpreter_a_needs_check": null,
        "interpreter_b_needs_check": null,
        "experiment_id": "window-a-2019-2025-frozen"
      }
    },
    {
      "type": "Feature",
      "id": 131,
      "geometry": {
        "type": "Polygon",
        "coordinates": [
          [
            [
              139.66062806,
              35.65789659
            ],
            [
              139.66107722,
              35.65789659
            ],
            [
              139.66107722,
              35.65826153
            ],
            [
              139.66062806,
              35.65826153
            ],
            [
              139.66062806,
              35.65789659
            ]
          ]
        ]
      },
      "properties": {
        "mesh_id": 131,
        "source_feature_id": "310939,85073",
        "evaluation_class": "NOT_EVALUATED",
        "ground_truth": null,
        "detected": false,
        "review_status": "NOT_REVIEWED",
        "change_type": null,
        "source_change_type": null,
        "type_basis": null,
        "source_density": 0.0,
        "source_mean": 0.0,
        "density_rank": null,
        "interpreter_a_judgment": null,
        "interpreter_b_judgment": null,
        "interpreter_a_type": null,
        "interpreter_b_type": null,
        "interpreter_a_note": null,
        "interpreter_b_note": null,
        "interpreter_a_needs_check": null,
        "interpreter_b_needs_check": null,
        "experiment_id": "window-a-2019-2025-frozen"
      }
    },
    {
      "type": "Feature",
      "id": 132,
      "geometry": {
        "type": "Polygon",
        "coordinates": [
          [
            [
              139.66107722,
              35.65789659
            ],
            [
              139.66152638,
              35.65789659
            ],
            [
              139.66152638,
              35.65826153
            ],
            [
              139.66107722,
              35.65826153
            ],
            [
              139.66107722,
              35.65789659
            ]
          ]
        ]
      },
      "properties": {
        "mesh_id": 132,
        "source_feature_id": "310940,85073",
        "evaluation_class": "NOT_EVALUATED",
        "ground_truth": null,
        "detected": false,
        "review_status": "NOT_REVIEWED",
        "change_type": null,
        "source_change_type": null,
        "type_basis": null,
        "source_density": 0.0,
        "source_mean": 0.0,
        "density_rank": null,
        "interpreter_a_judgment": null,
        "interpreter_b_judgment": null,
        "interpreter_a_type": null,
        "interpreter_b_type": null,
        "interpreter_a_note": null,
        "interpreter_b_note": null,
        "interpreter_a_needs_check": null,
        "interpreter_b_needs_check": null,
        "experiment_id": "window-a-2019-2025-frozen"
      }
    },
    {
      "type": "Feature",
      "id": 133,
      "geometry": {
        "type": "Polygon",
        "coordinates": [
          [
            [
              139.66152638,
              35.65789659
            ],
            [
              139.66197554,
              35.65789659
            ],
            [
              139.66197554,
              35.65826153
            ],
            [
              139.66152638,
              35.65826153
            ],
            [
              139.66152638,
              35.65789659
            ]
          ]
        ]
      },
      "properties": {
        "mesh_id": 133,
        "source_feature_id": "310941,85073",
        "evaluation_class": "NOT_EVALUATED",
        "ground_truth": null,
        "detected": false,
        "review_status": "NOT_REVIEWED",
        "change_type": null,
        "source_change_type": null,
        "type_basis": null,
        "source_density": 0.0,
        "source_mean": 0.0,
        "density_rank": null,
        "interpreter_a_judgment": null,
        "interpreter_b_judgment": null,
        "interpreter_a_type": null,
        "interpreter_b_type": null,
        "interpreter_a_note": null,
        "interpreter_b_note": null,
        "interpreter_a_needs_check": null,
        "interpreter_b_needs_check": null,
        "experiment_id": "window-a-2019-2025-frozen"
      }
    },
    {
      "type": "Feature",
      "id": 134,
      "geometry": {
        "type": "Polygon",
        "coordinates": [
          [
            [
              139.66197554,
              35.65789659
            ],
            [
              139.66242469,
              35.65789659
            ],
            [
              139.66242469,
              35.65826153
            ],
            [
              139.66197554,
              35.65826153
            ],
            [
              139.66197554,
              35.65789659
            ]
          ]
        ]
      },
      "properties": {
        "mesh_id": 134,
        "source_feature_id": "310942,85073",
        "evaluation_class": "NOT_EVALUATED",
        "ground_truth": null,
        "detected": false,
        "review_status": "NOT_REVIEWED",
        "change_type": null,
        "source_change_type": null,
        "type_basis": null,
        "source_density": 0.0,
        "source_mean": 0.0,
        "density_rank": null,
        "interpreter_a_judgment": null,
        "interpreter_b_judgment": null,
        "interpreter_a_type": null,
        "interpreter_b_type": null,
        "interpreter_a_note": null,
        "interpreter_b_note": null,
        "interpreter_a_needs_check": null,
        "interpreter_b_needs_check": null,
        "experiment_id": "window-a-2019-2025-frozen"
      }
    },
    {
      "type": "Feature",
      "id": 135,
      "geometry": {
        "type": "Polygon",
        "coordinates": [
          [
            [
              139.66242469,
              35.65789659
            ],
            [
              139.66287385,
              35.65789659
            ],
            [
              139.66287385,
              35.65826153
            ],
            [
              139.66242469,
              35.65826153
            ],
            [
              139.66242469,
              35.65789659
            ]
          ]
        ]
      },
      "properties": {
        "mesh_id": 135,
        "source_feature_id": "310943,85073",
        "evaluation_class": "NOT_EVALUATED",
        "ground_truth": null,
        "detected": false,
        "review_status": "NOT_REVIEWED",
        "change_type": null,
        "source_change_type": null,
        "type_basis": null,
        "source_density": 0.0,
        "source_mean": 0.0,
        "density_rank": null,
        "interpreter_a_judgment": null,
        "interpreter_b_judgment": null,
        "interpreter_a_type": null,
        "interpreter_b_type": null,
        "interpreter_a_note": null,
        "interpreter_b_note": null,
        "interpreter_a_needs_check": null,
        "interpreter_b_needs_check": null,
        "experiment_id": "window-a-2019-2025-frozen"
      }
    },
    {
      "type": "Feature",
      "id": 136,
      "geometry": {
        "type": "Polygon",
        "coordinates": [
          [
            [
              139.66287385,
              35.65789659
            ],
            [
              139.66332301,
              35.65789659
            ],
            [
              139.66332301,
              35.65826153
            ],
            [
              139.66287385,
              35.65826153
            ],
            [
              139.66287385,
              35.65789659
            ]
          ]
        ]
      },
      "properties": {
        "mesh_id": 136,
        "source_feature_id": "310944,85073",
        "evaluation_class": "NOT_EVALUATED",
        "ground_truth": null,
        "detected": false,
        "review_status": "NOT_REVIEWED",
        "change_type": null,
        "source_change_type": null,
        "type_basis": null,
        "source_density": 0.0,
        "source_mean": 0.0,
        "density_rank": null,
        "interpreter_a_judgment": null,
        "interpreter_b_judgment": null,
        "interpreter_a_type": null,
        "interpreter_b_type": null,
        "interpreter_a_note": null,
        "interpreter_b_note": null,
        "interpreter_a_needs_check": null,
        "interpreter_b_needs_check": null,
        "experiment_id": "window-a-2019-2025-frozen"
      }
    },
    {
      "type": "Feature",
      "id": 137,
      "geometry": {
        "type": "Polygon",
        "coordinates": [
          [
            [
              139.66332301,
              35.65789659
            ],
            [
              139.66377217,
              35.65789659
            ],
            [
              139.66377217,
              35.65826153
            ],
            [
              139.66332301,
              35.65826153
            ],
            [
              139.66332301,
              35.65789659
            ]
          ]
        ]
      },
      "properties": {
        "mesh_id": 137,
        "source_feature_id": "310945,85073",
        "evaluation_class": "TN",
        "ground_truth": "NO_CHANGE",
        "detected": false,
        "review_status": "AGREED",
        "change_type": null,
        "source_change_type": null,
        "type_basis": null,
        "source_density": 0.0,
        "source_mean": 0.0,
        "density_rank": null,
        "interpreter_a_judgment": "×",
        "interpreter_b_judgment": "×",
        "interpreter_a_type": null,
        "interpreter_b_type": null,
        "interpreter_a_note": null,
        "interpreter_b_note": null,
        "interpreter_a_needs_check": null,
        "interpreter_b_needs_check": null,
        "experiment_id": "window-a-2019-2025-frozen"
      }
    },
    {
      "type": "Feature",
      "id": 138,
      "geometry": {
        "type": "Polygon",
        "coordinates": [
          [
            [
              139.66377217,
              35.65789659
            ],
            [
              139.66422133,
              35.65789659
            ],
            [
              139.66422133,
              35.65826153
            ],
            [
              139.66377217,
              35.65826153
            ],
            [
              139.66377217,
              35.65789659
            ]
          ]
        ]
      },
      "properties": {
        "mesh_id": 138,
        "source_feature_id": "310946,85073",
        "evaluation_class": "NOT_EVALUATED",
        "ground_truth": null,
        "detected": false,
        "review_status": "NOT_REVIEWED",
        "change_type": null,
        "source_change_type": null,
        "type_basis": null,
        "source_density": 0.0,
        "source_mean": 0.0,
        "density_rank": null,
        "interpreter_a_judgment": null,
        "interpreter_b_judgment": null,
        "interpreter_a_type": null,
        "interpreter_b_type": null,
        "interpreter_a_note": null,
        "interpreter_b_note": null,
        "interpreter_a_needs_check": null,
        "interpreter_b_needs_check": null,
        "experiment_id": "window-a-2019-2025-frozen"
      }
    },
    {
      "type": "Feature",
      "id": 139,
      "geometry": {
        "type": "Polygon",
        "coordinates": [
          [
            [
              139.66422133,
              35.65789659
            ],
            [
              139.66467048,
              35.65789659
            ],
            [
              139.66467048,
              35.65826153
            ],
            [
              139.66422133,
              35.65826153
            ],
            [
              139.66422133,
              35.65789659
            ]
          ]
        ]
      },
      "properties": {
        "mesh_id": 139,
        "source_feature_id": "310947,85073",
        "evaluation_class": "NOT_EVALUATED",
        "ground_truth": null,
        "detected": false,
        "review_status": "NOT_REVIEWED",
        "change_type": null,
        "source_change_type": null,
        "type_basis": null,
        "source_density": 0.0,
        "source_mean": 0.0,
        "density_rank": null,
        "interpreter_a_judgment": null,
        "interpreter_b_judgment": null,
        "interpreter_a_type": null,
        "interpreter_b_type": null,
        "interpreter_a_note": null,
        "interpreter_b_note": null,
        "interpreter_a_needs_check": null,
        "interpreter_b_needs_check": null,
        "experiment_id": "window-a-2019-2025-frozen"
      }
    },
    {
      "type": "Feature",
      "id": 140,
      "geometry": {
        "type": "Polygon",
        "coordinates": [
          [
            [
              139.66467048,
              35.65789659
            ],
            [
              139.66511964,
              35.65789659
            ],
            [
              139.66511964,
              35.65826153
            ],
            [
              139.66467048,
              35.65826153
            ],
            [
              139.66467048,
              35.65789659
            ]
          ]
        ]
      },
      "properties": {
        "mesh_id": 140,
        "source_feature_id": "310948,85073",
        "evaluation_class": "NOT_EVALUATED",
        "ground_truth": null,
        "detected": false,
        "review_status": "NOT_REVIEWED",
        "change_type": null,
        "source_change_type": null,
        "type_basis": null,
        "source_density": 0.0,
        "source_mean": 0.0,
        "density_rank": null,
        "interpreter_a_judgment": null,
        "interpreter_b_judgment": null,
        "interpreter_a_type": null,
        "interpreter_b_type": null,
        "interpreter_a_note": null,
        "interpreter_b_note": null,
        "interpreter_a_needs_check": null,
        "interpreter_b_needs_check": null,
        "experiment_id": "window-a-2019-2025-frozen"
      }
    },
    {
      "type": "Feature",
      "id": 141,
      "geometry": {
        "type": "Polygon",
        "coordinates": [
          [
            [
              139.66511964,
              35.65789659
            ],
            [
              139.6655688,
              35.65789659
            ],
            [
              139.6655688,
              35.65826153
            ],
            [
              139.66511964,
              35.65826153
            ],
            [
              139.66511964,
              35.65789659
            ]
          ]
        ]
      },
      "properties": {
        "mesh_id": 141,
        "source_feature_id": "310949,85073",
        "evaluation_class": "NOT_EVALUATED",
        "ground_truth": null,
        "detected": false,
        "review_status": "NOT_REVIEWED",
        "change_type": null,
        "source_change_type": null,
        "type_basis": null,
        "source_density": 0.0,
        "source_mean": 0.0,
        "density_rank": null,
        "interpreter_a_judgment": null,
        "interpreter_b_judgment": null,
        "interpreter_a_type": null,
        "interpreter_b_type": null,
        "interpreter_a_note": null,
        "interpreter_b_note": null,
        "interpreter_a_needs_check": null,
        "interpreter_b_needs_check": null,
        "experiment_id": "window-a-2019-2025-frozen"
      }
    },
    {
      "type": "Feature",
      "id": 142,
      "geometry": {
        "type": "Polygon",
        "coordinates": [
          [
            [
              139.6655688,
              35.65789659
            ],
            [
              139.66601796,
              35.65789659
            ],
            [
              139.66601796,
              35.65826153
            ],
            [
              139.6655688,
              35.65826153
            ],
            [
              139.6655688,
              35.65789659
            ]
          ]
        ]
      },
      "properties": {
        "mesh_id": 142,
        "source_feature_id": "310950,85073",
        "evaluation_class": "NOT_EVALUATED",
        "ground_truth": null,
        "detected": false,
        "review_status": "NOT_REVIEWED",
        "change_type": null,
        "source_change_type": null,
        "type_basis": null,
        "source_density": 0.0,
        "source_mean": 0.0,
        "density_rank": null,
        "interpreter_a_judgment": null,
        "interpreter_b_judgment": null,
        "interpreter_a_type": null,
        "interpreter_b_type": null,
        "interpreter_a_note": null,
        "interpreter_b_note": null,
        "interpreter_a_needs_check": null,
        "interpreter_b_needs_check": null,
        "experiment_id": "window-a-2019-2025-frozen"
      }
    },
    {
      "type": "Feature",
      "id": 143,
      "geometry": {
        "type": "Polygon",
        "coordinates": [
          [
            [
              139.66601796,
              35.65789659
            ],
            [
              139.66646711,
              35.65789659
            ],
            [
              139.66646711,
              35.65826153
            ],
            [
              139.66601796,
              35.65826153
            ],
            [
              139.66601796,
              35.65789659
            ]
          ]
        ]
      },
      "properties": {
        "mesh_id": 143,
        "source_feature_id": "310951,85073",
        "evaluation_class": "NOT_EVALUATED",
        "ground_truth": null,
        "detected": false,
        "review_status": "NOT_REVIEWED",
        "change_type": null,
        "source_change_type": null,
        "type_basis": null,
        "source_density": 0.0,
        "source_mean": 0.0,
        "density_rank": null,
        "interpreter_a_judgment": null,
        "interpreter_b_judgment": null,
        "interpreter_a_type": null,
        "interpreter_b_type": null,
        "interpreter_a_note": null,
        "interpreter_b_note": null,
        "interpreter_a_needs_check": null,
        "interpreter_b_needs_check": null,
        "experiment_id": "window-a-2019-2025-frozen"
      }
    },
    {
      "type": "Feature",
      "id": 144,
      "geometry": {
        "type": "Polygon",
        "coordinates": [
          [
            [
              139.66646711,
              35.65789659
            ],
            [
              139.66691627,
              35.65789659
            ],
            [
              139.66691627,
              35.65826153
            ],
            [
              139.66646711,
              35.65826153
            ],
            [
              139.66646711,
              35.65789659
            ]
          ]
        ]
      },
      "properties": {
        "mesh_id": 144,
        "source_feature_id": "310952,85073",
        "evaluation_class": "NOT_EVALUATED",
        "ground_truth": null,
        "detected": false,
        "review_status": "NOT_REVIEWED",
        "change_type": null,
        "source_change_type": null,
        "type_basis": null,
        "source_density": 0.0,
        "source_mean": 0.0,
        "density_rank": null,
        "interpreter_a_judgment": null,
        "interpreter_b_judgment": null,
        "interpreter_a_type": null,
        "interpreter_b_type": null,
        "interpreter_a_note": null,
        "interpreter_b_note": null,
        "interpreter_a_needs_check": null,
        "interpreter_b_needs_check": null,
        "experiment_id": "window-a-2019-2025-frozen"
      }
    },
    {
      "type": "Feature",
      "id": 145,
      "geometry": {
        "type": "Polygon",
        "coordinates": [
          [
            [
              139.66691627,
              35.65789659
            ],
            [
              139.66736543,
              35.65789659
            ],
            [
              139.66736543,
              35.65826153
            ],
            [
              139.66691627,
              35.65826153
            ],
            [
              139.66691627,
              35.65789659
            ]
          ]
        ]
      },
      "properties": {
        "mesh_id": 145,
        "source_feature_id": "310953,85073",
        "evaluation_class": "NOT_EVALUATED",
        "ground_truth": null,
        "detected": false,
        "review_status": "NOT_REVIEWED",
        "change_type": null,
        "source_change_type": null,
        "type_basis": null,
        "source_density": 0.0,
        "source_mean": 0.0,
        "density_rank": null,
        "interpreter_a_judgment": null,
        "interpreter_b_judgment": null,
        "interpreter_a_type": null,
        "interpreter_b_type": null,
        "interpreter_a_note": null,
        "interpreter_b_note": null,
        "interpreter_a_needs_check": null,
        "interpreter_b_needs_check": null,
        "experiment_id": "window-a-2019-2025-frozen"
      }
    },
    {
      "type": "Feature",
      "id": 146,
      "geometry": {
        "type": "Polygon",
        "coordinates": [
          [
            [
              139.66736543,
              35.65789659
            ],
            [
              139.66781459,
              35.65789659
            ],
            [
              139.66781459,
              35.65826153
            ],
            [
              139.66736543,
              35.65826153
            ],
            [
              139.66736543,
              35.65789659
            ]
          ]
        ]
      },
      "properties": {
        "mesh_id": 146,
        "source_feature_id": "310954,85073",
        "evaluation_class": "NOT_EVALUATED",
        "ground_truth": null,
        "detected": false,
        "review_status": "NOT_REVIEWED",
        "change_type": null,
        "source_change_type": null,
        "type_basis": null,
        "source_density": 0.0,
        "source_mean": 0.0,
        "density_rank": null,
        "interpreter_a_judgment": null,
        "interpreter_b_judgment": null,
        "interpreter_a_type": null,
        "interpreter_b_type": null,
        "interpreter_a_note": null,
        "interpreter_b_note": null,
        "interpreter_a_needs_check": null,
        "interpreter_b_needs_check": null,
        "experiment_id": "window-a-2019-2025-frozen"
      }
    },
    {
      "type": "Feature",
      "id": 147,
      "geometry": {
        "type": "Polygon",
        "coordinates": [
          [
            [
              139.66781459,
              35.65789659
            ],
            [
              139.66826374,
              35.65789659
            ],
            [
              139.66826374,
              35.65826153
            ],
            [
              139.66781459,
              35.65826153
            ],
            [
              139.66781459,
              35.65789659
            ]
          ]
        ]
      },
      "properties": {
        "mesh_id": 147,
        "source_feature_id": "310955,85073",
        "evaluation_class": "NOT_EVALUATED",
        "ground_truth": null,
        "detected": false,
        "review_status": "NOT_REVIEWED",
        "change_type": null,
        "source_change_type": null,
        "type_basis": null,
        "source_density": 0.0,
        "source_mean": 0.0,
        "density_rank": null,
        "interpreter_a_judgment": null,
        "interpreter_b_judgment": null,
        "interpreter_a_type": null,
        "interpreter_b_type": null,
        "interpreter_a_note": null,
        "interpreter_b_note": null,
        "interpreter_a_needs_check": null,
        "interpreter_b_needs_check": null,
        "experiment_id": "window-a-2019-2025-frozen"
      }
    },
    {
      "type": "Feature",
      "id": 148,
      "geometry": {
        "type": "Polygon",
        "coordinates": [
          [
            [
              139.66826374,
              35.65789659
            ],
            [
              139.6687129,
              35.65789659
            ],
            [
              139.6687129,
              35.65826153
            ],
            [
              139.66826374,
              35.65826153
            ],
            [
              139.66826374,
              35.65789659
            ]
          ]
        ]
      },
      "properties": {
        "mesh_id": 148,
        "source_feature_id": "310956,85073",
        "evaluation_class": "NOT_EVALUATED",
        "ground_truth": null,
        "detected": false,
        "review_status": "NOT_REVIEWED",
        "change_type": null,
        "source_change_type": null,
        "type_basis": null,
        "source_density": 0.0,
        "source_mean": 0.0,
        "density_rank": null,
        "interpreter_a_judgment": null,
        "interpreter_b_judgment": null,
        "interpreter_a_type": null,
        "interpreter_b_type": null,
        "interpreter_a_note": null,
        "interpreter_b_note": null,
        "interpreter_a_needs_check": null,
        "interpreter_b_needs_check": null,
        "experiment_id": "window-a-2019-2025-frozen"
      }
    },
    {
      "type": "Feature",
      "id": 149,
      "geometry": {
        "type": "Polygon",
        "coordinates": [
          [
            [
              139.6687129,
              35.65789659
            ],
            [
              139.66916206,
              35.65789659
            ],
            [
              139.66916206,
              35.65826153
            ],
            [
              139.6687129,
              35.65826153
            ],
            [
              139.6687129,
              35.65789659
            ]
          ]
        ]
      },
      "properties": {
        "mesh_id": 149,
        "source_feature_id": "310957,85073",
        "evaluation_class": "TP",
        "ground_truth": "CHANGE",
        "detected": true,
        "review_status": "AGREED",
        "change_type": "NEW_CONSTRUCTION",
        "source_change_type": "N",
        "type_basis": "文字列完全一致",
        "source_density": 0.1476833976833977,
        "source_mean": 0.1476833976833977,
        "density_rank": 10,
        "interpreter_a_judgment": "○",
        "interpreter_b_judgment": "○",
        "interpreter_a_type": "N",
        "interpreter_b_type": "N",
        "interpreter_a_note": null,
        "interpreter_b_note": null,
        "interpreter_a_needs_check": null,
        "interpreter_b_needs_check": null,
        "experiment_id": "window-a-2019-2025-frozen"
      }
    },
    {
      "type": "Feature",
      "id": 150,
      "geometry": {
        "type": "Polygon",
        "coordinates": [
          [
            [
              139.66916206,
              35.65789659
            ],
            [
              139.66961122,
              35.65789659
            ],
            [
              139.66961122,
              35.65826153
            ],
            [
              139.66916206,
              35.65826153
            ],
            [
              139.66916206,
              35.65789659
            ]
          ]
        ]
      },
      "properties": {
        "mesh_id": 150,
        "source_feature_id": "310958,85073",
        "evaluation_class": "NOT_EVALUATED",
        "ground_truth": null,
        "detected": false,
        "review_status": "NOT_REVIEWED",
        "change_type": null,
        "source_change_type": null,
        "type_basis": null,
        "source_density": 0.0,
        "source_mean": 0.0,
        "density_rank": null,
        "interpreter_a_judgment": null,
        "interpreter_b_judgment": null,
        "interpreter_a_type": null,
        "interpreter_b_type": null,
        "interpreter_a_note": null,
        "interpreter_b_note": null,
        "interpreter_a_needs_check": null,
        "interpreter_b_needs_check": null,
        "experiment_id": "window-a-2019-2025-frozen"
      }
    },
    {
      "type": "Feature",
      "id": 151,
      "geometry": {
        "type": "Polygon",
        "coordinates": [
          [
            [
              139.66961122,
              35.65789659
            ],
            [
              139.67006037,
              35.65789659
            ],
            [
              139.67006037,
              35.65826153
            ],
            [
              139.66961122,
              35.65826153
            ],
            [
              139.66961122,
              35.65789659
            ]
          ]
        ]
      },
      "properties": {
        "mesh_id": 151,
        "source_feature_id": "310959,85073",
        "evaluation_class": "NOT_EVALUATED",
        "ground_truth": null,
        "detected": false,
        "review_status": "NOT_REVIEWED",
        "change_type": null,
        "source_change_type": null,
        "type_basis": null,
        "source_density": 0.0,
        "source_mean": 0.0,
        "density_rank": null,
        "interpreter_a_judgment": null,
        "interpreter_b_judgment": null,
        "interpreter_a_type": null,
        "interpreter_b_type": null,
        "interpreter_a_note": null,
        "interpreter_b_note": null,
        "interpreter_a_needs_check": null,
        "interpreter_b_needs_check": null,
        "experiment_id": "window-a-2019-2025-frozen"
      }
    },
    {
      "type": "Feature",
      "id": 152,
      "geometry": {
        "type": "Polygon",
        "coordinates": [
          [
            [
              139.67006037,
              35.65789659
            ],
            [
              139.67050953,
              35.65789659
            ],
            [
              139.67050953,
              35.65826153
            ],
            [
              139.67006037,
              35.65826153
            ],
            [
              139.67006037,
              35.65789659
            ]
          ]
        ]
      },
      "properties": {
        "mesh_id": 152,
        "source_feature_id": "310960,85073",
        "evaluation_class": "NOT_EVALUATED",
        "ground_truth": null,
        "detected": false,
        "review_status": "NOT_REVIEWED",
        "change_type": null,
        "source_change_type": null,
        "type_basis": null,
        "source_density": 0.0,
        "source_mean": 0.0,
        "density_rank": null,
        "interpreter_a_judgment": null,
        "interpreter_b_judgment": null,
        "interpreter_a_type": null,
        "interpreter_b_type": null,
        "interpreter_a_note": null,
        "interpreter_b_note": null,
        "interpreter_a_needs_check": null,
        "interpreter_b_needs_check": null,
        "experiment_id": "window-a-2019-2025-frozen"
      }
    },
    {
      "type": "Feature",
      "id": 153,
      "geometry": {
        "type": "Polygon",
        "coordinates": [
          [
            [
              139.67050953,
              35.65789659
            ],
            [
              139.67095869,
              35.65789659
            ],
            [
              139.67095869,
              35.65826153
            ],
            [
              139.67050953,
              35.65826153
            ],
            [
              139.67050953,
              35.65789659
            ]
          ]
        ]
      },
      "properties": {
        "mesh_id": 153,
        "source_feature_id": "310961,85073",
        "evaluation_class": "NOT_EVALUATED",
        "ground_truth": null,
        "detected": false,
        "review_status": "NOT_REVIEWED",
        "change_type": null,
        "source_change_type": null,
        "type_basis": null,
        "source_density": 0.0,
        "source_mean": 0.0,
        "density_rank": null,
        "interpreter_a_judgment": null,
        "interpreter_b_judgment": null,
        "interpreter_a_type": null,
        "interpreter_b_type": null,
        "interpreter_a_note": null,
        "interpreter_b_note": null,
        "interpreter_a_needs_check": null,
        "interpreter_b_needs_check": null,
        "experiment_id": "window-a-2019-2025-frozen"
      }
    },
    {
      "type": "Feature",
      "id": 154,
      "geometry": {
        "type": "Polygon",
        "coordinates": [
          [
            [
              139.67095869,
              35.65789659
            ],
            [
              139.67140785,
              35.65789659
            ],
            [
              139.67140785,
              35.65826153
            ],
            [
              139.67095869,
              35.65826153
            ],
            [
              139.67095869,
              35.65789659
            ]
          ]
        ]
      },
      "properties": {
        "mesh_id": 154,
        "source_feature_id": "310962,85073",
        "evaluation_class": "NOT_EVALUATED",
        "ground_truth": null,
        "detected": false,
        "review_status": "NOT_REVIEWED",
        "change_type": null,
        "source_change_type": null,
        "type_basis": null,
        "source_density": 0.0,
        "source_mean": 0.0,
        "density_rank": null,
        "interpreter_a_judgment": null,
        "interpreter_b_judgment": null,
        "interpreter_a_type": null,
        "interpreter_b_type": null,
        "interpreter_a_note": null,
        "interpreter_b_note": null,
        "interpreter_a_needs_check": null,
        "interpreter_b_needs_check": null,
        "experiment_id": "window-a-2019-2025-frozen"
      }
    },
    {
      "type": "Feature",
      "id": 155,
      "geometry": {
        "type": "Polygon",
        "coordinates": [
          [
            [
              139.67140785,
              35.65789659
            ],
            [
              139.67185701,
              35.65789659
            ],
            [
              139.67185701,
              35.65826153
            ],
            [
              139.67140785,
              35.65826153
            ],
            [
              139.67140785,
              35.65789659
            ]
          ]
        ]
      },
      "properties": {
        "mesh_id": 155,
        "source_feature_id": "310963,85073",
        "evaluation_class": "NOT_EVALUATED",
        "ground_truth": null,
        "detected": false,
        "review_status": "NOT_REVIEWED",
        "change_type": null,
        "source_change_type": null,
        "type_basis": null,
        "source_density": 0.0,
        "source_mean": 0.0,
        "density_rank": null,
        "interpreter_a_judgment": null,
        "interpreter_b_judgment": null,
        "interpreter_a_type": null,
        "interpreter_b_type": null,
        "interpreter_a_note": null,
        "interpreter_b_note": null,
        "interpreter_a_needs_check": null,
        "interpreter_b_needs_check": null,
        "experiment_id": "window-a-2019-2025-frozen"
      }
    },
    {
      "type": "Feature",
      "id": 156,
      "geometry": {
        "type": "Polygon",
        "coordinates": [
          [
            [
              139.66017891,
              35.65826153
            ],
            [
              139.66062806,
              35.65826153
            ],
            [
              139.66062806,
              35.65862648
            ],
            [
              139.66017891,
              35.65862648
            ],
            [
              139.66017891,
              35.65826153
            ]
          ]
        ]
      },
      "properties": {
        "mesh_id": 156,
        "source_feature_id": "310938,85074",
        "evaluation_class": "NOT_EVALUATED",
        "ground_truth": null,
        "detected": false,
        "review_status": "NOT_REVIEWED",
        "change_type": null,
        "source_change_type": null,
        "type_basis": null,
        "source_density": 0.0,
        "source_mean": 0.0,
        "density_rank": null,
        "interpreter_a_judgment": null,
        "interpreter_b_judgment": null,
        "interpreter_a_type": null,
        "interpreter_b_type": null,
        "interpreter_a_note": null,
        "interpreter_b_note": null,
        "interpreter_a_needs_check": null,
        "interpreter_b_needs_check": null,
        "experiment_id": "window-a-2019-2025-frozen"
      }
    },
    {
      "type": "Feature",
      "id": 157,
      "geometry": {
        "type": "Polygon",
        "coordinates": [
          [
            [
              139.66062806,
              35.65826153
            ],
            [
              139.66107722,
              35.65826153
            ],
            [
              139.66107722,
              35.65862648
            ],
            [
              139.66062806,
              35.65862648
            ],
            [
              139.66062806,
              35.65826153
            ]
          ]
        ]
      },
      "properties": {
        "mesh_id": 157,
        "source_feature_id": "310939,85074",
        "evaluation_class": "NOT_EVALUATED",
        "ground_truth": null,
        "detected": false,
        "review_status": "NOT_REVIEWED",
        "change_type": null,
        "source_change_type": null,
        "type_basis": null,
        "source_density": 0.0,
        "source_mean": 0.0,
        "density_rank": null,
        "interpreter_a_judgment": null,
        "interpreter_b_judgment": null,
        "interpreter_a_type": null,
        "interpreter_b_type": null,
        "interpreter_a_note": null,
        "interpreter_b_note": null,
        "interpreter_a_needs_check": null,
        "interpreter_b_needs_check": null,
        "experiment_id": "window-a-2019-2025-frozen"
      }
    },
    {
      "type": "Feature",
      "id": 158,
      "geometry": {
        "type": "Polygon",
        "coordinates": [
          [
            [
              139.66107722,
              35.65826153
            ],
            [
              139.66152638,
              35.65826153
            ],
            [
              139.66152638,
              35.65862648
            ],
            [
              139.66107722,
              35.65862648
            ],
            [
              139.66107722,
              35.65826153
            ]
          ]
        ]
      },
      "properties": {
        "mesh_id": 158,
        "source_feature_id": "310940,85074",
        "evaluation_class": "NOT_EVALUATED",
        "ground_truth": null,
        "detected": false,
        "review_status": "NOT_REVIEWED",
        "change_type": null,
        "source_change_type": null,
        "type_basis": null,
        "source_density": 0.0,
        "source_mean": 0.0,
        "density_rank": null,
        "interpreter_a_judgment": null,
        "interpreter_b_judgment": null,
        "interpreter_a_type": null,
        "interpreter_b_type": null,
        "interpreter_a_note": null,
        "interpreter_b_note": null,
        "interpreter_a_needs_check": null,
        "interpreter_b_needs_check": null,
        "experiment_id": "window-a-2019-2025-frozen"
      }
    },
    {
      "type": "Feature",
      "id": 159,
      "geometry": {
        "type": "Polygon",
        "coordinates": [
          [
            [
              139.66152638,
              35.65826153
            ],
            [
              139.66197554,
              35.65826153
            ],
            [
              139.66197554,
              35.65862648
            ],
            [
              139.66152638,
              35.65862648
            ],
            [
              139.66152638,
              35.65826153
            ]
          ]
        ]
      },
      "properties": {
        "mesh_id": 159,
        "source_feature_id": "310941,85074",
        "evaluation_class": "NOT_EVALUATED",
        "ground_truth": null,
        "detected": false,
        "review_status": "NOT_REVIEWED",
        "change_type": null,
        "source_change_type": null,
        "type_basis": null,
        "source_density": 0.0,
        "source_mean": 0.0,
        "density_rank": null,
        "interpreter_a_judgment": null,
        "interpreter_b_judgment": null,
        "interpreter_a_type": null,
        "interpreter_b_type": null,
        "interpreter_a_note": null,
        "interpreter_b_note": null,
        "interpreter_a_needs_check": null,
        "interpreter_b_needs_check": null,
        "experiment_id": "window-a-2019-2025-frozen"
      }
    },
    {
      "type": "Feature",
      "id": 160,
      "geometry": {
        "type": "Polygon",
        "coordinates": [
          [
            [
              139.66197554,
              35.65826153
            ],
            [
              139.66242469,
              35.65826153
            ],
            [
              139.66242469,
              35.65862648
            ],
            [
              139.66197554,
              35.65862648
            ],
            [
              139.66197554,
              35.65826153
            ]
          ]
        ]
      },
      "properties": {
        "mesh_id": 160,
        "source_feature_id": "310942,85074",
        "evaluation_class": "NOT_EVALUATED",
        "ground_truth": null,
        "detected": false,
        "review_status": "NOT_REVIEWED",
        "change_type": null,
        "source_change_type": null,
        "type_basis": null,
        "source_density": 0.0,
        "source_mean": 0.0,
        "density_rank": null,
        "interpreter_a_judgment": null,
        "interpreter_b_judgment": null,
        "interpreter_a_type": null,
        "interpreter_b_type": null,
        "interpreter_a_note": null,
        "interpreter_b_note": null,
        "interpreter_a_needs_check": null,
        "interpreter_b_needs_check": null,
        "experiment_id": "window-a-2019-2025-frozen"
      }
    },
    {
      "type": "Feature",
      "id": 161,
      "geometry": {
        "type": "Polygon",
        "coordinates": [
          [
            [
              139.66242469,
              35.65826153
            ],
            [
              139.66287385,
              35.65826153
            ],
            [
              139.66287385,
              35.65862648
            ],
            [
              139.66242469,
              35.65862648
            ],
            [
              139.66242469,
              35.65826153
            ]
          ]
        ]
      },
      "properties": {
        "mesh_id": 161,
        "source_feature_id": "310943,85074",
        "evaluation_class": "NOT_EVALUATED",
        "ground_truth": null,
        "detected": false,
        "review_status": "NOT_REVIEWED",
        "change_type": null,
        "source_change_type": null,
        "type_basis": null,
        "source_density": 0.0,
        "source_mean": 0.0,
        "density_rank": null,
        "interpreter_a_judgment": null,
        "interpreter_b_judgment": null,
        "interpreter_a_type": null,
        "interpreter_b_type": null,
        "interpreter_a_note": null,
        "interpreter_b_note": null,
        "interpreter_a_needs_check": null,
        "interpreter_b_needs_check": null,
        "experiment_id": "window-a-2019-2025-frozen"
      }
    },
    {
      "type": "Feature",
      "id": 162,
      "geometry": {
        "type": "Polygon",
        "coordinates": [
          [
            [
              139.66287385,
              35.65826153
            ],
            [
              139.66332301,
              35.65826153
            ],
            [
              139.66332301,
              35.65862648
            ],
            [
              139.66287385,
              35.65862648
            ],
            [
              139.66287385,
              35.65826153
            ]
          ]
        ]
      },
      "properties": {
        "mesh_id": 162,
        "source_feature_id": "310944,85074",
        "evaluation_class": "NOT_EVALUATED",
        "ground_truth": null,
        "detected": false,
        "review_status": "NOT_REVIEWED",
        "change_type": null,
        "source_change_type": null,
        "type_basis": null,
        "source_density": 0.0,
        "source_mean": 0.0,
        "density_rank": null,
        "interpreter_a_judgment": null,
        "interpreter_b_judgment": null,
        "interpreter_a_type": null,
        "interpreter_b_type": null,
        "interpreter_a_note": null,
        "interpreter_b_note": null,
        "interpreter_a_needs_check": null,
        "interpreter_b_needs_check": null,
        "experiment_id": "window-a-2019-2025-frozen"
      }
    },
    {
      "type": "Feature",
      "id": 163,
      "geometry": {
        "type": "Polygon",
        "coordinates": [
          [
            [
              139.66332301,
              35.65826153
            ],
            [
              139.66377217,
              35.65826153
            ],
            [
              139.66377217,
              35.65862648
            ],
            [
              139.66332301,
              35.65862648
            ],
            [
              139.66332301,
              35.65826153
            ]
          ]
        ]
      },
      "properties": {
        "mesh_id": 163,
        "source_feature_id": "310945,85074",
        "evaluation_class": "NOT_EVALUATED",
        "ground_truth": null,
        "detected": false,
        "review_status": "NOT_REVIEWED",
        "change_type": null,
        "source_change_type": null,
        "type_basis": null,
        "source_density": 0.0,
        "source_mean": 0.0,
        "density_rank": null,
        "interpreter_a_judgment": null,
        "interpreter_b_judgment": null,
        "interpreter_a_type": null,
        "interpreter_b_type": null,
        "interpreter_a_note": null,
        "interpreter_b_note": null,
        "interpreter_a_needs_check": null,
        "interpreter_b_needs_check": null,
        "experiment_id": "window-a-2019-2025-frozen"
      }
    },
    {
      "type": "Feature",
      "id": 164,
      "geometry": {
        "type": "Polygon",
        "coordinates": [
          [
            [
              139.66377217,
              35.65826153
            ],
            [
              139.66422133,
              35.65826153
            ],
            [
              139.66422133,
              35.65862648
            ],
            [
              139.66377217,
              35.65862648
            ],
            [
              139.66377217,
              35.65826153
            ]
          ]
        ]
      },
      "properties": {
        "mesh_id": 164,
        "source_feature_id": "310946,85074",
        "evaluation_class": "NOT_EVALUATED",
        "ground_truth": null,
        "detected": false,
        "review_status": "NOT_REVIEWED",
        "change_type": null,
        "source_change_type": null,
        "type_basis": null,
        "source_density": 0.0,
        "source_mean": 0.0,
        "density_rank": null,
        "interpreter_a_judgment": null,
        "interpreter_b_judgment": null,
        "interpreter_a_type": null,
        "interpreter_b_type": null,
        "interpreter_a_note": null,
        "interpreter_b_note": null,
        "interpreter_a_needs_check": null,
        "interpreter_b_needs_check": null,
        "experiment_id": "window-a-2019-2025-frozen"
      }
    },
    {
      "type": "Feature",
      "id": 165,
      "geometry": {
        "type": "Polygon",
        "coordinates": [
          [
            [
              139.66422133,
              35.65826153
            ],
            [
              139.66467048,
              35.65826153
            ],
            [
              139.66467048,
              35.65862648
            ],
            [
              139.66422133,
              35.65862648
            ],
            [
              139.66422133,
              35.65826153
            ]
          ]
        ]
      },
      "properties": {
        "mesh_id": 165,
        "source_feature_id": "310947,85074",
        "evaluation_class": "FN",
        "ground_truth": "CHANGE",
        "detected": false,
        "review_status": "AGREED",
        "change_type": "REBUILDING",
        "source_change_type": "R",
        "type_basis": "文字列完全一致",
        "source_density": 0.0,
        "source_mean": 0.0,
        "density_rank": null,
        "interpreter_a_judgment": "○",
        "interpreter_b_judgment": "○",
        "interpreter_a_type": "R",
        "interpreter_b_type": "R",
        "interpreter_a_note": null,
        "interpreter_b_note": null,
        "interpreter_a_needs_check": null,
        "interpreter_b_needs_check": null,
        "experiment_id": "window-a-2019-2025-frozen"
      }
    },
    {
      "type": "Feature",
      "id": 166,
      "geometry": {
        "type": "Polygon",
        "coordinates": [
          [
            [
              139.66467048,
              35.65826153
            ],
            [
              139.66511964,
              35.65826153
            ],
            [
              139.66511964,
              35.65862648
            ],
            [
              139.66467048,
              35.65862648
            ],
            [
              139.66467048,
              35.65826153
            ]
          ]
        ]
      },
      "properties": {
        "mesh_id": 166,
        "source_feature_id": "310948,85074",
        "evaluation_class": "NOT_EVALUATED",
        "ground_truth": null,
        "detected": false,
        "review_status": "NOT_REVIEWED",
        "change_type": null,
        "source_change_type": null,
        "type_basis": null,
        "source_density": 0.0,
        "source_mean": 0.0,
        "density_rank": null,
        "interpreter_a_judgment": null,
        "interpreter_b_judgment": null,
        "interpreter_a_type": null,
        "interpreter_b_type": null,
        "interpreter_a_note": null,
        "interpreter_b_note": null,
        "interpreter_a_needs_check": null,
        "interpreter_b_needs_check": null,
        "experiment_id": "window-a-2019-2025-frozen"
      }
    },
    {
      "type": "Feature",
      "id": 167,
      "geometry": {
        "type": "Polygon",
        "coordinates": [
          [
            [
              139.66511964,
              35.65826153
            ],
            [
              139.6655688,
              35.65826153
            ],
            [
              139.6655688,
              35.65862648
            ],
            [
              139.66511964,
              35.65862648
            ],
            [
              139.66511964,
              35.65826153
            ]
          ]
        ]
      },
      "properties": {
        "mesh_id": 167,
        "source_feature_id": "310949,85074",
        "evaluation_class": "NOT_EVALUATED",
        "ground_truth": null,
        "detected": false,
        "review_status": "NOT_REVIEWED",
        "change_type": null,
        "source_change_type": null,
        "type_basis": null,
        "source_density": 0.0,
        "source_mean": 0.0,
        "density_rank": null,
        "interpreter_a_judgment": null,
        "interpreter_b_judgment": null,
        "interpreter_a_type": null,
        "interpreter_b_type": null,
        "interpreter_a_note": null,
        "interpreter_b_note": null,
        "interpreter_a_needs_check": null,
        "interpreter_b_needs_check": null,
        "experiment_id": "window-a-2019-2025-frozen"
      }
    },
    {
      "type": "Feature",
      "id": 168,
      "geometry": {
        "type": "Polygon",
        "coordinates": [
          [
            [
              139.6655688,
              35.65826153
            ],
            [
              139.66601796,
              35.65826153
            ],
            [
              139.66601796,
              35.65862648
            ],
            [
              139.6655688,
              35.65862648
            ],
            [
              139.6655688,
              35.65826153
            ]
          ]
        ]
      },
      "properties": {
        "mesh_id": 168,
        "source_feature_id": "310950,85074",
        "evaluation_class": "NOT_EVALUATED",
        "ground_truth": null,
        "detected": false,
        "review_status": "NOT_REVIEWED",
        "change_type": null,
        "source_change_type": null,
        "type_basis": null,
        "source_density": 0.0,
        "source_mean": 0.0,
        "density_rank": null,
        "interpreter_a_judgment": null,
        "interpreter_b_judgment": null,
        "interpreter_a_type": null,
        "interpreter_b_type": null,
        "interpreter_a_note": null,
        "interpreter_b_note": null,
        "interpreter_a_needs_check": null,
        "interpreter_b_needs_check": null,
        "experiment_id": "window-a-2019-2025-frozen"
      }
    },
    {
      "type": "Feature",
      "id": 169,
      "geometry": {
        "type": "Polygon",
        "coordinates": [
          [
            [
              139.66601796,
              35.65826153
            ],
            [
              139.66646711,
              35.65826153
            ],
            [
              139.66646711,
              35.65862648
            ],
            [
              139.66601796,
              35.65862648
            ],
            [
              139.66601796,
              35.65826153
            ]
          ]
        ]
      },
      "properties": {
        "mesh_id": 169,
        "source_feature_id": "310951,85074",
        "evaluation_class": "NOT_EVALUATED",
        "ground_truth": null,
        "detected": false,
        "review_status": "NOT_REVIEWED",
        "change_type": null,
        "source_change_type": null,
        "type_basis": null,
        "source_density": 0.0,
        "source_mean": 0.0,
        "density_rank": null,
        "interpreter_a_judgment": null,
        "interpreter_b_judgment": null,
        "interpreter_a_type": null,
        "interpreter_b_type": null,
        "interpreter_a_note": null,
        "interpreter_b_note": null,
        "interpreter_a_needs_check": null,
        "interpreter_b_needs_check": null,
        "experiment_id": "window-a-2019-2025-frozen"
      }
    },
    {
      "type": "Feature",
      "id": 170,
      "geometry": {
        "type": "Polygon",
        "coordinates": [
          [
            [
              139.66646711,
              35.65826153
            ],
            [
              139.66691627,
              35.65826153
            ],
            [
              139.66691627,
              35.65862648
            ],
            [
              139.66646711,
              35.65862648
            ],
            [
              139.66646711,
              35.65826153
            ]
          ]
        ]
      },
      "properties": {
        "mesh_id": 170,
        "source_feature_id": "310952,85074",
        "evaluation_class": "NOT_EVALUATED",
        "ground_truth": null,
        "detected": false,
        "review_status": "NOT_REVIEWED",
        "change_type": null,
        "source_change_type": null,
        "type_basis": null,
        "source_density": 0.0,
        "source_mean": 0.0,
        "density_rank": null,
        "interpreter_a_judgment": null,
        "interpreter_b_judgment": null,
        "interpreter_a_type": null,
        "interpreter_b_type": null,
        "interpreter_a_note": null,
        "interpreter_b_note": null,
        "interpreter_a_needs_check": null,
        "interpreter_b_needs_check": null,
        "experiment_id": "window-a-2019-2025-frozen"
      }
    },
    {
      "type": "Feature",
      "id": 171,
      "geometry": {
        "type": "Polygon",
        "coordinates": [
          [
            [
              139.66691627,
              35.65826153
            ],
            [
              139.66736543,
              35.65826153
            ],
            [
              139.66736543,
              35.65862648
            ],
            [
              139.66691627,
              35.65862648
            ],
            [
              139.66691627,
              35.65826153
            ]
          ]
        ]
      },
      "properties": {
        "mesh_id": 171,
        "source_feature_id": "310953,85074",
        "evaluation_class": "NOT_EVALUATED",
        "ground_truth": null,
        "detected": false,
        "review_status": "NOT_REVIEWED",
        "change_type": null,
        "source_change_type": null,
        "type_basis": null,
        "source_density": 0.0,
        "source_mean": 0.0,
        "density_rank": null,
        "interpreter_a_judgment": null,
        "interpreter_b_judgment": null,
        "interpreter_a_type": null,
        "interpreter_b_type": null,
        "interpreter_a_note": null,
        "interpreter_b_note": null,
        "interpreter_a_needs_check": null,
        "interpreter_b_needs_check": null,
        "experiment_id": "window-a-2019-2025-frozen"
      }
    },
    {
      "type": "Feature",
      "id": 172,
      "geometry": {
        "type": "Polygon",
        "coordinates": [
          [
            [
              139.66736543,
              35.65826153
            ],
            [
              139.66781459,
              35.65826153
            ],
            [
              139.66781459,
              35.65862648
            ],
            [
              139.66736543,
              35.65862648
            ],
            [
              139.66736543,
              35.65826153
            ]
          ]
        ]
      },
      "properties": {
        "mesh_id": 172,
        "source_feature_id": "310954,85074",
        "evaluation_class": "FN",
        "ground_truth": "CHANGE",
        "detected": false,
        "review_status": "AGREED",
        "change_type": "REBUILDING",
        "source_change_type": "R",
        "type_basis": "文字列完全一致",
        "source_density": 0.0,
        "source_mean": 0.0,
        "density_rank": null,
        "interpreter_a_judgment": "○",
        "interpreter_b_judgment": "○",
        "interpreter_a_type": "R",
        "interpreter_b_type": "R",
        "interpreter_a_note": null,
        "interpreter_b_note": null,
        "interpreter_a_needs_check": null,
        "interpreter_b_needs_check": null,
        "experiment_id": "window-a-2019-2025-frozen"
      }
    },
    {
      "type": "Feature",
      "id": 173,
      "geometry": {
        "type": "Polygon",
        "coordinates": [
          [
            [
              139.66781459,
              35.65826153
            ],
            [
              139.66826374,
              35.65826153
            ],
            [
              139.66826374,
              35.65862648
            ],
            [
              139.66781459,
              35.65862648
            ],
            [
              139.66781459,
              35.65826153
            ]
          ]
        ]
      },
      "properties": {
        "mesh_id": 173,
        "source_feature_id": "310955,85074",
        "evaluation_class": "NOT_EVALUATED",
        "ground_truth": null,
        "detected": false,
        "review_status": "NOT_REVIEWED",
        "change_type": null,
        "source_change_type": null,
        "type_basis": null,
        "source_density": 0.0,
        "source_mean": 0.0,
        "density_rank": null,
        "interpreter_a_judgment": null,
        "interpreter_b_judgment": null,
        "interpreter_a_type": null,
        "interpreter_b_type": null,
        "interpreter_a_note": null,
        "interpreter_b_note": null,
        "interpreter_a_needs_check": null,
        "interpreter_b_needs_check": null,
        "experiment_id": "window-a-2019-2025-frozen"
      }
    },
    {
      "type": "Feature",
      "id": 174,
      "geometry": {
        "type": "Polygon",
        "coordinates": [
          [
            [
              139.66826374,
              35.65826153
            ],
            [
              139.6687129,
              35.65826153
            ],
            [
              139.6687129,
              35.65862648
            ],
            [
              139.66826374,
              35.65862648
            ],
            [
              139.66826374,
              35.65826153
            ]
          ]
        ]
      },
      "properties": {
        "mesh_id": 174,
        "source_feature_id": "310956,85074",
        "evaluation_class": "NOT_EVALUATED",
        "ground_truth": null,
        "detected": false,
        "review_status": "NOT_REVIEWED",
        "change_type": null,
        "source_change_type": null,
        "type_basis": null,
        "source_density": 0.0,
        "source_mean": 0.0,
        "density_rank": null,
        "interpreter_a_judgment": null,
        "interpreter_b_judgment": null,
        "interpreter_a_type": null,
        "interpreter_b_type": null,
        "interpreter_a_note": null,
        "interpreter_b_note": null,
        "interpreter_a_needs_check": null,
        "interpreter_b_needs_check": null,
        "experiment_id": "window-a-2019-2025-frozen"
      }
    },
    {
      "type": "Feature",
      "id": 175,
      "geometry": {
        "type": "Polygon",
        "coordinates": [
          [
            [
              139.6687129,
              35.65826153
            ],
            [
              139.66916206,
              35.65826153
            ],
            [
              139.66916206,
              35.65862648
            ],
            [
              139.6687129,
              35.65862648
            ],
            [
              139.6687129,
              35.65826153
            ]
          ]
        ]
      },
      "properties": {
        "mesh_id": 175,
        "source_feature_id": "310957,85074",
        "evaluation_class": "NOT_EVALUATED",
        "ground_truth": null,
        "detected": false,
        "review_status": "NOT_REVIEWED",
        "change_type": null,
        "source_change_type": null,
        "type_basis": null,
        "source_density": 0.0,
        "source_mean": 0.0,
        "density_rank": null,
        "interpreter_a_judgment": null,
        "interpreter_b_judgment": null,
        "interpreter_a_type": null,
        "interpreter_b_type": null,
        "interpreter_a_note": null,
        "interpreter_b_note": null,
        "interpreter_a_needs_check": null,
        "interpreter_b_needs_check": null,
        "experiment_id": "window-a-2019-2025-frozen"
      }
    },
    {
      "type": "Feature",
      "id": 176,
      "geometry": {
        "type": "Polygon",
        "coordinates": [
          [
            [
              139.66916206,
              35.65826153
            ],
            [
              139.66961122,
              35.65826153
            ],
            [
              139.66961122,
              35.65862648
            ],
            [
              139.66916206,
              35.65862648
            ],
            [
              139.66916206,
              35.65826153
            ]
          ]
        ]
      },
      "properties": {
        "mesh_id": 176,
        "source_feature_id": "310958,85074",
        "evaluation_class": "NOT_EVALUATED",
        "ground_truth": null,
        "detected": false,
        "review_status": "NOT_REVIEWED",
        "change_type": null,
        "source_change_type": null,
        "type_basis": null,
        "source_density": 0.0,
        "source_mean": 0.0,
        "density_rank": null,
        "interpreter_a_judgment": null,
        "interpreter_b_judgment": null,
        "interpreter_a_type": null,
        "interpreter_b_type": null,
        "interpreter_a_note": null,
        "interpreter_b_note": null,
        "interpreter_a_needs_check": null,
        "interpreter_b_needs_check": null,
        "experiment_id": "window-a-2019-2025-frozen"
      }
    },
    {
      "type": "Feature",
      "id": 177,
      "geometry": {
        "type": "Polygon",
        "coordinates": [
          [
            [
              139.66961122,
              35.65826153
            ],
            [
              139.67006037,
              35.65826153
            ],
            [
              139.67006037,
              35.65862648
            ],
            [
              139.66961122,
              35.65862648
            ],
            [
              139.66961122,
              35.65826153
            ]
          ]
        ]
      },
      "properties": {
        "mesh_id": 177,
        "source_feature_id": "310959,85074",
        "evaluation_class": "NOT_EVALUATED",
        "ground_truth": null,
        "detected": false,
        "review_status": "NOT_REVIEWED",
        "change_type": null,
        "source_change_type": null,
        "type_basis": null,
        "source_density": 0.0,
        "source_mean": 0.0,
        "density_rank": null,
        "interpreter_a_judgment": null,
        "interpreter_b_judgment": null,
        "interpreter_a_type": null,
        "interpreter_b_type": null,
        "interpreter_a_note": null,
        "interpreter_b_note": null,
        "interpreter_a_needs_check": null,
        "interpreter_b_needs_check": null,
        "experiment_id": "window-a-2019-2025-frozen"
      }
    },
    {
      "type": "Feature",
      "id": 178,
      "geometry": {
        "type": "Polygon",
        "coordinates": [
          [
            [
              139.67006037,
              35.65826153
            ],
            [
              139.67050953,
              35.65826153
            ],
            [
              139.67050953,
              35.65862648
            ],
            [
              139.67006037,
              35.65862648
            ],
            [
              139.67006037,
              35.65826153
            ]
          ]
        ]
      },
      "properties": {
        "mesh_id": 178,
        "source_feature_id": "310960,85074",
        "evaluation_class": "NOT_EVALUATED",
        "ground_truth": null,
        "detected": false,
        "review_status": "NOT_REVIEWED",
        "change_type": null,
        "source_change_type": null,
        "type_basis": null,
        "source_density": 0.0,
        "source_mean": 0.0,
        "density_rank": null,
        "interpreter_a_judgment": null,
        "interpreter_b_judgment": null,
        "interpreter_a_type": null,
        "interpreter_b_type": null,
        "interpreter_a_note": null,
        "interpreter_b_note": null,
        "interpreter_a_needs_check": null,
        "interpreter_b_needs_check": null,
        "experiment_id": "window-a-2019-2025-frozen"
      }
    },
    {
      "type": "Feature",
      "id": 179,
      "geometry": {
        "type": "Polygon",
        "coordinates": [
          [
            [
              139.67050953,
              35.65826153
            ],
            [
              139.67095869,
              35.65826153
            ],
            [
              139.67095869,
              35.65862648
            ],
            [
              139.67050953,
              35.65862648
            ],
            [
              139.67050953,
              35.65826153
            ]
          ]
        ]
      },
      "properties": {
        "mesh_id": 179,
        "source_feature_id": "310961,85074",
        "evaluation_class": "NOT_EVALUATED",
        "ground_truth": null,
        "detected": false,
        "review_status": "NOT_REVIEWED",
        "change_type": null,
        "source_change_type": null,
        "type_basis": null,
        "source_density": 0.0,
        "source_mean": 0.0,
        "density_rank": null,
        "interpreter_a_judgment": null,
        "interpreter_b_judgment": null,
        "interpreter_a_type": null,
        "interpreter_b_type": null,
        "interpreter_a_note": null,
        "interpreter_b_note": null,
        "interpreter_a_needs_check": null,
        "interpreter_b_needs_check": null,
        "experiment_id": "window-a-2019-2025-frozen"
      }
    },
    {
      "type": "Feature",
      "id": 180,
      "geometry": {
        "type": "Polygon",
        "coordinates": [
          [
            [
              139.67095869,
              35.65826153
            ],
            [
              139.67140785,
              35.65826153
            ],
            [
              139.67140785,
              35.65862648
            ],
            [
              139.67095869,
              35.65862648
            ],
            [
              139.67095869,
              35.65826153
            ]
          ]
        ]
      },
      "properties": {
        "mesh_id": 180,
        "source_feature_id": "310962,85074",
        "evaluation_class": "NOT_EVALUATED",
        "ground_truth": null,
        "detected": false,
        "review_status": "NOT_REVIEWED",
        "change_type": null,
        "source_change_type": null,
        "type_basis": null,
        "source_density": 0.0,
        "source_mean": 0.0,
        "density_rank": null,
        "interpreter_a_judgment": null,
        "interpreter_b_judgment": null,
        "interpreter_a_type": null,
        "interpreter_b_type": null,
        "interpreter_a_note": null,
        "interpreter_b_note": null,
        "interpreter_a_needs_check": null,
        "interpreter_b_needs_check": null,
        "experiment_id": "window-a-2019-2025-frozen"
      }
    },
    {
      "type": "Feature",
      "id": 181,
      "geometry": {
        "type": "Polygon",
        "coordinates": [
          [
            [
              139.67140785,
              35.65826153
            ],
            [
              139.67185701,
              35.65826153
            ],
            [
              139.67185701,
              35.65862648
            ],
            [
              139.67140785,
              35.65862648
            ],
            [
              139.67140785,
              35.65826153
            ]
          ]
        ]
      },
      "properties": {
        "mesh_id": 181,
        "source_feature_id": "310963,85074",
        "evaluation_class": "FN",
        "ground_truth": "CHANGE",
        "detected": false,
        "review_status": "AGREED",
        "change_type": "DEMOLITION",
        "source_change_type": "D",
        "type_basis": "文字列完全一致",
        "source_density": 0.0,
        "source_mean": 0.0,
        "density_rank": null,
        "interpreter_a_judgment": "○",
        "interpreter_b_judgment": "○",
        "interpreter_a_type": "D",
        "interpreter_b_type": "D",
        "interpreter_a_note": null,
        "interpreter_b_note": null,
        "interpreter_a_needs_check": null,
        "interpreter_b_needs_check": null,
        "experiment_id": "window-a-2019-2025-frozen"
      }
    },
    {
      "type": "Feature",
      "id": 182,
      "geometry": {
        "type": "Polygon",
        "coordinates": [
          [
            [
              139.66017891,
              35.65862648
            ],
            [
              139.66062806,
              35.65862648
            ],
            [
              139.66062806,
              35.65899142
            ],
            [
              139.66017891,
              35.65899142
            ],
            [
              139.66017891,
              35.65862648
            ]
          ]
        ]
      },
      "properties": {
        "mesh_id": 182,
        "source_feature_id": "310938,85075",
        "evaluation_class": "NOT_EVALUATED",
        "ground_truth": null,
        "detected": false,
        "review_status": "NOT_REVIEWED",
        "change_type": null,
        "source_change_type": null,
        "type_basis": null,
        "source_density": 0.0,
        "source_mean": 0.0,
        "density_rank": null,
        "interpreter_a_judgment": null,
        "interpreter_b_judgment": null,
        "interpreter_a_type": null,
        "interpreter_b_type": null,
        "interpreter_a_note": null,
        "interpreter_b_note": null,
        "interpreter_a_needs_check": null,
        "interpreter_b_needs_check": null,
        "experiment_id": "window-a-2019-2025-frozen"
      }
    },
    {
      "type": "Feature",
      "id": 183,
      "geometry": {
        "type": "Polygon",
        "coordinates": [
          [
            [
              139.66062806,
              35.65862648
            ],
            [
              139.66107722,
              35.65862648
            ],
            [
              139.66107722,
              35.65899142
            ],
            [
              139.66062806,
              35.65899142
            ],
            [
              139.66062806,
              35.65862648
            ]
          ]
        ]
      },
      "properties": {
        "mesh_id": 183,
        "source_feature_id": "310939,85075",
        "evaluation_class": "NOT_EVALUATED",
        "ground_truth": null,
        "detected": false,
        "review_status": "NOT_REVIEWED",
        "change_type": null,
        "source_change_type": null,
        "type_basis": null,
        "source_density": 0.0,
        "source_mean": 0.0,
        "density_rank": null,
        "interpreter_a_judgment": null,
        "interpreter_b_judgment": null,
        "interpreter_a_type": null,
        "interpreter_b_type": null,
        "interpreter_a_note": null,
        "interpreter_b_note": null,
        "interpreter_a_needs_check": null,
        "interpreter_b_needs_check": null,
        "experiment_id": "window-a-2019-2025-frozen"
      }
    },
    {
      "type": "Feature",
      "id": 184,
      "geometry": {
        "type": "Polygon",
        "coordinates": [
          [
            [
              139.66107722,
              35.65862648
            ],
            [
              139.66152638,
              35.65862648
            ],
            [
              139.66152638,
              35.65899142
            ],
            [
              139.66107722,
              35.65899142
            ],
            [
              139.66107722,
              35.65862648
            ]
          ]
        ]
      },
      "properties": {
        "mesh_id": 184,
        "source_feature_id": "310940,85075",
        "evaluation_class": "NOT_EVALUATED",
        "ground_truth": null,
        "detected": false,
        "review_status": "DISAGREED",
        "change_type": null,
        "source_change_type": null,
        "type_basis": null,
        "source_density": 0.0,
        "source_mean": 0.0,
        "density_rank": null,
        "interpreter_a_judgment": "△",
        "interpreter_b_judgment": "○",
        "interpreter_a_type": null,
        "interpreter_b_type": "N",
        "interpreter_a_note": "（○を訂正して△）メモ判読不能",
        "interpreter_b_note": null,
        "interpreter_a_needs_check": "要確認",
        "interpreter_b_needs_check": null,
        "experiment_id": "window-a-2019-2025-frozen"
      }
    },
    {
      "type": "Feature",
      "id": 185,
      "geometry": {
        "type": "Polygon",
        "coordinates": [
          [
            [
              139.66152638,
              35.65862648
            ],
            [
              139.66197554,
              35.65862648
            ],
            [
              139.66197554,
              35.65899142
            ],
            [
              139.66152638,
              35.65899142
            ],
            [
              139.66152638,
              35.65862648
            ]
          ]
        ]
      },
      "properties": {
        "mesh_id": 185,
        "source_feature_id": "310941,85075",
        "evaluation_class": "NOT_EVALUATED",
        "ground_truth": null,
        "detected": false,
        "review_status": "NOT_REVIEWED",
        "change_type": null,
        "source_change_type": null,
        "type_basis": null,
        "source_density": 0.0,
        "source_mean": 0.0,
        "density_rank": null,
        "interpreter_a_judgment": null,
        "interpreter_b_judgment": null,
        "interpreter_a_type": null,
        "interpreter_b_type": null,
        "interpreter_a_note": null,
        "interpreter_b_note": null,
        "interpreter_a_needs_check": null,
        "interpreter_b_needs_check": null,
        "experiment_id": "window-a-2019-2025-frozen"
      }
    },
    {
      "type": "Feature",
      "id": 186,
      "geometry": {
        "type": "Polygon",
        "coordinates": [
          [
            [
              139.66197554,
              35.65862648
            ],
            [
              139.66242469,
              35.65862648
            ],
            [
              139.66242469,
              35.65899142
            ],
            [
              139.66197554,
              35.65899142
            ],
            [
              139.66197554,
              35.65862648
            ]
          ]
        ]
      },
      "properties": {
        "mesh_id": 186,
        "source_feature_id": "310942,85075",
        "evaluation_class": "NOT_EVALUATED",
        "ground_truth": null,
        "detected": false,
        "review_status": "NOT_REVIEWED",
        "change_type": null,
        "source_change_type": null,
        "type_basis": null,
        "source_density": 0.0,
        "source_mean": 0.0,
        "density_rank": null,
        "interpreter_a_judgment": null,
        "interpreter_b_judgment": null,
        "interpreter_a_type": null,
        "interpreter_b_type": null,
        "interpreter_a_note": null,
        "interpreter_b_note": null,
        "interpreter_a_needs_check": null,
        "interpreter_b_needs_check": null,
        "experiment_id": "window-a-2019-2025-frozen"
      }
    },
    {
      "type": "Feature",
      "id": 187,
      "geometry": {
        "type": "Polygon",
        "coordinates": [
          [
            [
              139.66242469,
              35.65862648
            ],
            [
              139.66287385,
              35.65862648
            ],
            [
              139.66287385,
              35.65899142
            ],
            [
              139.66242469,
              35.65899142
            ],
            [
              139.66242469,
              35.65862648
            ]
          ]
        ]
      },
      "properties": {
        "mesh_id": 187,
        "source_feature_id": "310943,85075",
        "evaluation_class": "NOT_EVALUATED",
        "ground_truth": null,
        "detected": false,
        "review_status": "NOT_REVIEWED",
        "change_type": null,
        "source_change_type": null,
        "type_basis": null,
        "source_density": 0.0,
        "source_mean": 0.0,
        "density_rank": null,
        "interpreter_a_judgment": null,
        "interpreter_b_judgment": null,
        "interpreter_a_type": null,
        "interpreter_b_type": null,
        "interpreter_a_note": null,
        "interpreter_b_note": null,
        "interpreter_a_needs_check": null,
        "interpreter_b_needs_check": null,
        "experiment_id": "window-a-2019-2025-frozen"
      }
    },
    {
      "type": "Feature",
      "id": 188,
      "geometry": {
        "type": "Polygon",
        "coordinates": [
          [
            [
              139.66287385,
              35.65862648
            ],
            [
              139.66332301,
              35.65862648
            ],
            [
              139.66332301,
              35.65899142
            ],
            [
              139.66287385,
              35.65899142
            ],
            [
              139.66287385,
              35.65862648
            ]
          ]
        ]
      },
      "properties": {
        "mesh_id": 188,
        "source_feature_id": "310944,85075",
        "evaluation_class": "FN",
        "ground_truth": "CHANGE",
        "detected": false,
        "review_status": "AGREED",
        "change_type": null,
        "source_change_type": null,
        "type_basis": null,
        "source_density": 0.0,
        "source_mean": 0.0,
        "density_rank": null,
        "interpreter_a_judgment": "○",
        "interpreter_b_judgment": "○",
        "interpreter_a_type": "R/N",
        "interpreter_b_type": "N",
        "interpreter_a_note": "両方ある",
        "interpreter_b_note": null,
        "interpreter_a_needs_check": "要確認",
        "interpreter_b_needs_check": null,
        "experiment_id": "window-a-2019-2025-frozen"
      }
    },
    {
      "type": "Feature",
      "id": 189,
      "geometry": {
        "type": "Polygon",
        "coordinates": [
          [
            [
              139.66332301,
              35.65862648
            ],
            [
              139.66377217,
              35.65862648
            ],
            [
              139.66377217,
              35.65899142
            ],
            [
              139.66332301,
              35.65899142
            ],
            [
              139.66332301,
              35.65862648
            ]
          ]
        ]
      },
      "properties": {
        "mesh_id": 189,
        "source_feature_id": "310945,85075",
        "evaluation_class": "NOT_EVALUATED",
        "ground_truth": null,
        "detected": false,
        "review_status": "NOT_REVIEWED",
        "change_type": null,
        "source_change_type": null,
        "type_basis": null,
        "source_density": 0.0,
        "source_mean": 0.0,
        "density_rank": null,
        "interpreter_a_judgment": null,
        "interpreter_b_judgment": null,
        "interpreter_a_type": null,
        "interpreter_b_type": null,
        "interpreter_a_note": null,
        "interpreter_b_note": null,
        "interpreter_a_needs_check": null,
        "interpreter_b_needs_check": null,
        "experiment_id": "window-a-2019-2025-frozen"
      }
    },
    {
      "type": "Feature",
      "id": 190,
      "geometry": {
        "type": "Polygon",
        "coordinates": [
          [
            [
              139.66377217,
              35.65862648
            ],
            [
              139.66422133,
              35.65862648
            ],
            [
              139.66422133,
              35.65899142
            ],
            [
              139.66377217,
              35.65899142
            ],
            [
              139.66377217,
              35.65862648
            ]
          ]
        ]
      },
      "properties": {
        "mesh_id": 190,
        "source_feature_id": "310946,85075",
        "evaluation_class": "NOT_EVALUATED",
        "ground_truth": null,
        "detected": false,
        "review_status": "NOT_REVIEWED",
        "change_type": null,
        "source_change_type": null,
        "type_basis": null,
        "source_density": 0.0,
        "source_mean": 0.0,
        "density_rank": null,
        "interpreter_a_judgment": null,
        "interpreter_b_judgment": null,
        "interpreter_a_type": null,
        "interpreter_b_type": null,
        "interpreter_a_note": null,
        "interpreter_b_note": null,
        "interpreter_a_needs_check": null,
        "interpreter_b_needs_check": null,
        "experiment_id": "window-a-2019-2025-frozen"
      }
    },
    {
      "type": "Feature",
      "id": 191,
      "geometry": {
        "type": "Polygon",
        "coordinates": [
          [
            [
              139.66422133,
              35.65862648
            ],
            [
              139.66467048,
              35.65862648
            ],
            [
              139.66467048,
              35.65899142
            ],
            [
              139.66422133,
              35.65899142
            ],
            [
              139.66422133,
              35.65862648
            ]
          ]
        ]
      },
      "properties": {
        "mesh_id": 191,
        "source_feature_id": "310947,85075",
        "evaluation_class": "NOT_EVALUATED",
        "ground_truth": null,
        "detected": false,
        "review_status": "NOT_REVIEWED",
        "change_type": null,
        "source_change_type": null,
        "type_basis": null,
        "source_density": 0.0,
        "source_mean": 0.0,
        "density_rank": null,
        "interpreter_a_judgment": null,
        "interpreter_b_judgment": null,
        "interpreter_a_type": null,
        "interpreter_b_type": null,
        "interpreter_a_note": null,
        "interpreter_b_note": null,
        "interpreter_a_needs_check": null,
        "interpreter_b_needs_check": null,
        "experiment_id": "window-a-2019-2025-frozen"
      }
    },
    {
      "type": "Feature",
      "id": 192,
      "geometry": {
        "type": "Polygon",
        "coordinates": [
          [
            [
              139.66467048,
              35.65862648
            ],
            [
              139.66511964,
              35.65862648
            ],
            [
              139.66511964,
              35.65899142
            ],
            [
              139.66467048,
              35.65899142
            ],
            [
              139.66467048,
              35.65862648
            ]
          ]
        ]
      },
      "properties": {
        "mesh_id": 192,
        "source_feature_id": "310948,85075",
        "evaluation_class": "NOT_EVALUATED",
        "ground_truth": null,
        "detected": false,
        "review_status": "NOT_REVIEWED",
        "change_type": null,
        "source_change_type": null,
        "type_basis": null,
        "source_density": 0.0,
        "source_mean": 0.0,
        "density_rank": null,
        "interpreter_a_judgment": null,
        "interpreter_b_judgment": null,
        "interpreter_a_type": null,
        "interpreter_b_type": null,
        "interpreter_a_note": null,
        "interpreter_b_note": null,
        "interpreter_a_needs_check": null,
        "interpreter_b_needs_check": null,
        "experiment_id": "window-a-2019-2025-frozen"
      }
    },
    {
      "type": "Feature",
      "id": 193,
      "geometry": {
        "type": "Polygon",
        "coordinates": [
          [
            [
              139.66511964,
              35.65862648
            ],
            [
              139.6655688,
              35.65862648
            ],
            [
              139.6655688,
              35.65899142
            ],
            [
              139.66511964,
              35.65899142
            ],
            [
              139.66511964,
              35.65862648
            ]
          ]
        ]
      },
      "properties": {
        "mesh_id": 193,
        "source_feature_id": "310949,85075",
        "evaluation_class": "TP",
        "ground_truth": "CHANGE",
        "detected": true,
        "review_status": "AGREED",
        "change_type": "COMPOUND_OTHER",
        "source_change_type": "複合",
        "type_basis": "手作業解決（研究記録）",
        "source_density": 0.09845559845559847,
        "source_mean": 0.09845559845559847,
        "density_rank": 13,
        "interpreter_a_judgment": "○",
        "interpreter_b_judgment": "○",
        "interpreter_a_type": "R/N",
        "interpreter_b_type": "N/R",
        "interpreter_a_note": "?",
        "interpreter_b_note": null,
        "interpreter_a_needs_check": "要確認",
        "interpreter_b_needs_check": null,
        "experiment_id": "window-a-2019-2025-frozen"
      }
    },
    {
      "type": "Feature",
      "id": 194,
      "geometry": {
        "type": "Polygon",
        "coordinates": [
          [
            [
              139.6655688,
              35.65862648
            ],
            [
              139.66601796,
              35.65862648
            ],
            [
              139.66601796,
              35.65899142
            ],
            [
              139.6655688,
              35.65899142
            ],
            [
              139.6655688,
              35.65862648
            ]
          ]
        ]
      },
      "properties": {
        "mesh_id": 194,
        "source_feature_id": "310950,85075",
        "evaluation_class": "NOT_EVALUATED",
        "ground_truth": null,
        "detected": false,
        "review_status": "NOT_REVIEWED",
        "change_type": null,
        "source_change_type": null,
        "type_basis": null,
        "source_density": 0.0,
        "source_mean": 0.0,
        "density_rank": null,
        "interpreter_a_judgment": null,
        "interpreter_b_judgment": null,
        "interpreter_a_type": null,
        "interpreter_b_type": null,
        "interpreter_a_note": null,
        "interpreter_b_note": null,
        "interpreter_a_needs_check": null,
        "interpreter_b_needs_check": null,
        "experiment_id": "window-a-2019-2025-frozen"
      }
    },
    {
      "type": "Feature",
      "id": 195,
      "geometry": {
        "type": "Polygon",
        "coordinates": [
          [
            [
              139.66601796,
              35.65862648
            ],
            [
              139.66646711,
              35.65862648
            ],
            [
              139.66646711,
              35.65899142
            ],
            [
              139.66601796,
              35.65899142
            ],
            [
              139.66601796,
              35.65862648
            ]
          ]
        ]
      },
      "properties": {
        "mesh_id": 195,
        "source_feature_id": "310951,85075",
        "evaluation_class": "NOT_EVALUATED",
        "ground_truth": null,
        "detected": false,
        "review_status": "NOT_REVIEWED",
        "change_type": null,
        "source_change_type": null,
        "type_basis": null,
        "source_density": 0.0,
        "source_mean": 0.0,
        "density_rank": null,
        "interpreter_a_judgment": null,
        "interpreter_b_judgment": null,
        "interpreter_a_type": null,
        "interpreter_b_type": null,
        "interpreter_a_note": null,
        "interpreter_b_note": null,
        "interpreter_a_needs_check": null,
        "interpreter_b_needs_check": null,
        "experiment_id": "window-a-2019-2025-frozen"
      }
    },
    {
      "type": "Feature",
      "id": 196,
      "geometry": {
        "type": "Polygon",
        "coordinates": [
          [
            [
              139.66646711,
              35.65862648
            ],
            [
              139.66691627,
              35.65862648
            ],
            [
              139.66691627,
              35.65899142
            ],
            [
              139.66646711,
              35.65899142
            ],
            [
              139.66646711,
              35.65862648
            ]
          ]
        ]
      },
      "properties": {
        "mesh_id": 196,
        "source_feature_id": "310952,85075",
        "evaluation_class": "NOT_EVALUATED",
        "ground_truth": null,
        "detected": false,
        "review_status": "NOT_REVIEWED",
        "change_type": null,
        "source_change_type": null,
        "type_basis": null,
        "source_density": 0.0,
        "source_mean": 0.0,
        "density_rank": null,
        "interpreter_a_judgment": null,
        "interpreter_b_judgment": null,
        "interpreter_a_type": null,
        "interpreter_b_type": null,
        "interpreter_a_note": null,
        "interpreter_b_note": null,
        "interpreter_a_needs_check": null,
        "interpreter_b_needs_check": null,
        "experiment_id": "window-a-2019-2025-frozen"
      }
    },
    {
      "type": "Feature",
      "id": 197,
      "geometry": {
        "type": "Polygon",
        "coordinates": [
          [
            [
              139.66691627,
              35.65862648
            ],
            [
              139.66736543,
              35.65862648
            ],
            [
              139.66736543,
              35.65899142
            ],
            [
              139.66691627,
              35.65899142
            ],
            [
              139.66691627,
              35.65862648
            ]
          ]
        ]
      },
      "properties": {
        "mesh_id": 197,
        "source_feature_id": "310953,85075",
        "evaluation_class": "NOT_EVALUATED",
        "ground_truth": null,
        "detected": false,
        "review_status": "NOT_REVIEWED",
        "change_type": null,
        "source_change_type": null,
        "type_basis": null,
        "source_density": 0.0,
        "source_mean": 0.0,
        "density_rank": null,
        "interpreter_a_judgment": null,
        "interpreter_b_judgment": null,
        "interpreter_a_type": null,
        "interpreter_b_type": null,
        "interpreter_a_note": null,
        "interpreter_b_note": null,
        "interpreter_a_needs_check": null,
        "interpreter_b_needs_check": null,
        "experiment_id": "window-a-2019-2025-frozen"
      }
    },
    {
      "type": "Feature",
      "id": 198,
      "geometry": {
        "type": "Polygon",
        "coordinates": [
          [
            [
              139.66736543,
              35.65862648
            ],
            [
              139.66781459,
              35.65862648
            ],
            [
              139.66781459,
              35.65899142
            ],
            [
              139.66736543,
              35.65899142
            ],
            [
              139.66736543,
              35.65862648
            ]
          ]
        ]
      },
      "properties": {
        "mesh_id": 198,
        "source_feature_id": "310954,85075",
        "evaluation_class": "NOT_EVALUATED",
        "ground_truth": null,
        "detected": false,
        "review_status": "NOT_REVIEWED",
        "change_type": null,
        "source_change_type": null,
        "type_basis": null,
        "source_density": 0.0,
        "source_mean": 0.0,
        "density_rank": null,
        "interpreter_a_judgment": null,
        "interpreter_b_judgment": null,
        "interpreter_a_type": null,
        "interpreter_b_type": null,
        "interpreter_a_note": null,
        "interpreter_b_note": null,
        "interpreter_a_needs_check": null,
        "interpreter_b_needs_check": null,
        "experiment_id": "window-a-2019-2025-frozen"
      }
    },
    {
      "type": "Feature",
      "id": 199,
      "geometry": {
        "type": "Polygon",
        "coordinates": [
          [
            [
              139.66781459,
              35.65862648
            ],
            [
              139.66826374,
              35.65862648
            ],
            [
              139.66826374,
              35.65899142
            ],
            [
              139.66781459,
              35.65899142
            ],
            [
              139.66781459,
              35.65862648
            ]
          ]
        ]
      },
      "properties": {
        "mesh_id": 199,
        "source_feature_id": "310955,85075",
        "evaluation_class": "NOT_EVALUATED",
        "ground_truth": null,
        "detected": false,
        "review_status": "NOT_REVIEWED",
        "change_type": null,
        "source_change_type": null,
        "type_basis": null,
        "source_density": 0.0,
        "source_mean": 0.0,
        "density_rank": null,
        "interpreter_a_judgment": null,
        "interpreter_b_judgment": null,
        "interpreter_a_type": null,
        "interpreter_b_type": null,
        "interpreter_a_note": null,
        "interpreter_b_note": null,
        "interpreter_a_needs_check": null,
        "interpreter_b_needs_check": null,
        "experiment_id": "window-a-2019-2025-frozen"
      }
    },
    {
      "type": "Feature",
      "id": 200,
      "geometry": {
        "type": "Polygon",
        "coordinates": [
          [
            [
              139.66826374,
              35.65862648
            ],
            [
              139.6687129,
              35.65862648
            ],
            [
              139.6687129,
              35.65899142
            ],
            [
              139.66826374,
              35.65899142
            ],
            [
              139.66826374,
              35.65862648
            ]
          ]
        ]
      },
      "properties": {
        "mesh_id": 200,
        "source_feature_id": "310956,85075",
        "evaluation_class": "NOT_EVALUATED",
        "ground_truth": null,
        "detected": false,
        "review_status": "NOT_REVIEWED",
        "change_type": null,
        "source_change_type": null,
        "type_basis": null,
        "source_density": 0.0,
        "source_mean": 0.0,
        "density_rank": null,
        "interpreter_a_judgment": null,
        "interpreter_b_judgment": null,
        "interpreter_a_type": null,
        "interpreter_b_type": null,
        "interpreter_a_note": null,
        "interpreter_b_note": null,
        "interpreter_a_needs_check": null,
        "interpreter_b_needs_check": null,
        "experiment_id": "window-a-2019-2025-frozen"
      }
    },
    {
      "type": "Feature",
      "id": 201,
      "geometry": {
        "type": "Polygon",
        "coordinates": [
          [
            [
              139.6687129,
              35.65862648
            ],
            [
              139.66916206,
              35.65862648
            ],
            [
              139.66916206,
              35.65899142
            ],
            [
              139.6687129,
              35.65899142
            ],
            [
              139.6687129,
              35.65862648
            ]
          ]
        ]
      },
      "properties": {
        "mesh_id": 201,
        "source_feature_id": "310957,85075",
        "evaluation_class": "NOT_EVALUATED",
        "ground_truth": null,
        "detected": false,
        "review_status": "NOT_REVIEWED",
        "change_type": null,
        "source_change_type": null,
        "type_basis": null,
        "source_density": 0.0,
        "source_mean": 0.0,
        "density_rank": null,
        "interpreter_a_judgment": null,
        "interpreter_b_judgment": null,
        "interpreter_a_type": null,
        "interpreter_b_type": null,
        "interpreter_a_note": null,
        "interpreter_b_note": null,
        "interpreter_a_needs_check": null,
        "interpreter_b_needs_check": null,
        "experiment_id": "window-a-2019-2025-frozen"
      }
    },
    {
      "type": "Feature",
      "id": 202,
      "geometry": {
        "type": "Polygon",
        "coordinates": [
          [
            [
              139.66916206,
              35.65862648
            ],
            [
              139.66961122,
              35.65862648
            ],
            [
              139.66961122,
              35.65899142
            ],
            [
              139.66916206,
              35.65899142
            ],
            [
              139.66916206,
              35.65862648
            ]
          ]
        ]
      },
      "properties": {
        "mesh_id": 202,
        "source_feature_id": "310958,85075",
        "evaluation_class": "NOT_EVALUATED",
        "ground_truth": null,
        "detected": false,
        "review_status": "NOT_REVIEWED",
        "change_type": null,
        "source_change_type": null,
        "type_basis": null,
        "source_density": 0.0,
        "source_mean": 0.0,
        "density_rank": null,
        "interpreter_a_judgment": null,
        "interpreter_b_judgment": null,
        "interpreter_a_type": null,
        "interpreter_b_type": null,
        "interpreter_a_note": null,
        "interpreter_b_note": null,
        "interpreter_a_needs_check": null,
        "interpreter_b_needs_check": null,
        "experiment_id": "window-a-2019-2025-frozen"
      }
    },
    {
      "type": "Feature",
      "id": 203,
      "geometry": {
        "type": "Polygon",
        "coordinates": [
          [
            [
              139.66961122,
              35.65862648
            ],
            [
              139.67006037,
              35.65862648
            ],
            [
              139.67006037,
              35.65899142
            ],
            [
              139.66961122,
              35.65899142
            ],
            [
              139.66961122,
              35.65862648
            ]
          ]
        ]
      },
      "properties": {
        "mesh_id": 203,
        "source_feature_id": "310959,85075",
        "evaluation_class": "NOT_EVALUATED",
        "ground_truth": null,
        "detected": false,
        "review_status": "NOT_REVIEWED",
        "change_type": null,
        "source_change_type": null,
        "type_basis": null,
        "source_density": 0.0,
        "source_mean": 0.0,
        "density_rank": null,
        "interpreter_a_judgment": null,
        "interpreter_b_judgment": null,
        "interpreter_a_type": null,
        "interpreter_b_type": null,
        "interpreter_a_note": null,
        "interpreter_b_note": null,
        "interpreter_a_needs_check": null,
        "interpreter_b_needs_check": null,
        "experiment_id": "window-a-2019-2025-frozen"
      }
    },
    {
      "type": "Feature",
      "id": 204,
      "geometry": {
        "type": "Polygon",
        "coordinates": [
          [
            [
              139.67006037,
              35.65862648
            ],
            [
              139.67050953,
              35.65862648
            ],
            [
              139.67050953,
              35.65899142
            ],
            [
              139.67006037,
              35.65899142
            ],
            [
              139.67006037,
              35.65862648
            ]
          ]
        ]
      },
      "properties": {
        "mesh_id": 204,
        "source_feature_id": "310960,85075",
        "evaluation_class": "NOT_EVALUATED",
        "ground_truth": null,
        "detected": false,
        "review_status": "NOT_REVIEWED",
        "change_type": null,
        "source_change_type": null,
        "type_basis": null,
        "source_density": 0.0,
        "source_mean": 0.0,
        "density_rank": null,
        "interpreter_a_judgment": null,
        "interpreter_b_judgment": null,
        "interpreter_a_type": null,
        "interpreter_b_type": null,
        "interpreter_a_note": null,
        "interpreter_b_note": null,
        "interpreter_a_needs_check": null,
        "interpreter_b_needs_check": null,
        "experiment_id": "window-a-2019-2025-frozen"
      }
    },
    {
      "type": "Feature",
      "id": 205,
      "geometry": {
        "type": "Polygon",
        "coordinates": [
          [
            [
              139.67050953,
              35.65862648
            ],
            [
              139.67095869,
              35.65862648
            ],
            [
              139.67095869,
              35.65899142
            ],
            [
              139.67050953,
              35.65899142
            ],
            [
              139.67050953,
              35.65862648
            ]
          ]
        ]
      },
      "properties": {
        "mesh_id": 205,
        "source_feature_id": "310961,85075",
        "evaluation_class": "NOT_EVALUATED",
        "ground_truth": null,
        "detected": false,
        "review_status": "NOT_REVIEWED",
        "change_type": null,
        "source_change_type": null,
        "type_basis": null,
        "source_density": 0.0,
        "source_mean": 0.0,
        "density_rank": null,
        "interpreter_a_judgment": null,
        "interpreter_b_judgment": null,
        "interpreter_a_type": null,
        "interpreter_b_type": null,
        "interpreter_a_note": null,
        "interpreter_b_note": null,
        "interpreter_a_needs_check": null,
        "interpreter_b_needs_check": null,
        "experiment_id": "window-a-2019-2025-frozen"
      }
    },
    {
      "type": "Feature",
      "id": 206,
      "geometry": {
        "type": "Polygon",
        "coordinates": [
          [
            [
              139.67095869,
              35.65862648
            ],
            [
              139.67140785,
              35.65862648
            ],
            [
              139.67140785,
              35.65899142
            ],
            [
              139.67095869,
              35.65899142
            ],
            [
              139.67095869,
              35.65862648
            ]
          ]
        ]
      },
      "properties": {
        "mesh_id": 206,
        "source_feature_id": "310962,85075",
        "evaluation_class": "NOT_EVALUATED",
        "ground_truth": null,
        "detected": false,
        "review_status": "NOT_REVIEWED",
        "change_type": null,
        "source_change_type": null,
        "type_basis": null,
        "source_density": 0.0,
        "source_mean": 0.0,
        "density_rank": null,
        "interpreter_a_judgment": null,
        "interpreter_b_judgment": null,
        "interpreter_a_type": null,
        "interpreter_b_type": null,
        "interpreter_a_note": null,
        "interpreter_b_note": null,
        "interpreter_a_needs_check": null,
        "interpreter_b_needs_check": null,
        "experiment_id": "window-a-2019-2025-frozen"
      }
    },
    {
      "type": "Feature",
      "id": 207,
      "geometry": {
        "type": "Polygon",
        "coordinates": [
          [
            [
              139.67140785,
              35.65862648
            ],
            [
              139.67185701,
              35.65862648
            ],
            [
              139.67185701,
              35.65899142
            ],
            [
              139.67140785,
              35.65899142
            ],
            [
              139.67140785,
              35.65862648
            ]
          ]
        ]
      },
      "properties": {
        "mesh_id": 207,
        "source_feature_id": "310963,85075",
        "evaluation_class": "NOT_EVALUATED",
        "ground_truth": null,
        "detected": false,
        "review_status": "NOT_REVIEWED",
        "change_type": null,
        "source_change_type": null,
        "type_basis": null,
        "source_density": 0.0,
        "source_mean": 0.0,
        "density_rank": null,
        "interpreter_a_judgment": null,
        "interpreter_b_judgment": null,
        "interpreter_a_type": null,
        "interpreter_b_type": null,
        "interpreter_a_note": null,
        "interpreter_b_note": null,
        "interpreter_a_needs_check": null,
        "interpreter_b_needs_check": null,
        "experiment_id": "window-a-2019-2025-frozen"
      }
    },
    {
      "type": "Feature",
      "id": 208,
      "geometry": {
        "type": "Polygon",
        "coordinates": [
          [
            [
              139.66017891,
              35.65899142
            ],
            [
              139.66062806,
              35.65899142
            ],
            [
              139.66062806,
              35.65935636
            ],
            [
              139.66017891,
              35.65935636
            ],
            [
              139.66017891,
              35.65899142
            ]
          ]
        ]
      },
      "properties": {
        "mesh_id": 208,
        "source_feature_id": "310938,85076",
        "evaluation_class": "NOT_EVALUATED",
        "ground_truth": null,
        "detected": false,
        "review_status": "NOT_REVIEWED",
        "change_type": null,
        "source_change_type": null,
        "type_basis": null,
        "source_density": 0.0,
        "source_mean": 0.0,
        "density_rank": null,
        "interpreter_a_judgment": null,
        "interpreter_b_judgment": null,
        "interpreter_a_type": null,
        "interpreter_b_type": null,
        "interpreter_a_note": null,
        "interpreter_b_note": null,
        "interpreter_a_needs_check": null,
        "interpreter_b_needs_check": null,
        "experiment_id": "window-a-2019-2025-frozen"
      }
    },
    {
      "type": "Feature",
      "id": 209,
      "geometry": {
        "type": "Polygon",
        "coordinates": [
          [
            [
              139.66062806,
              35.65899142
            ],
            [
              139.66107722,
              35.65899142
            ],
            [
              139.66107722,
              35.65935636
            ],
            [
              139.66062806,
              35.65935636
            ],
            [
              139.66062806,
              35.65899142
            ]
          ]
        ]
      },
      "properties": {
        "mesh_id": 209,
        "source_feature_id": "310939,85076",
        "evaluation_class": "NOT_EVALUATED",
        "ground_truth": null,
        "detected": false,
        "review_status": "NOT_REVIEWED",
        "change_type": null,
        "source_change_type": null,
        "type_basis": null,
        "source_density": 0.0,
        "source_mean": 0.0,
        "density_rank": null,
        "interpreter_a_judgment": null,
        "interpreter_b_judgment": null,
        "interpreter_a_type": null,
        "interpreter_b_type": null,
        "interpreter_a_note": null,
        "interpreter_b_note": null,
        "interpreter_a_needs_check": null,
        "interpreter_b_needs_check": null,
        "experiment_id": "window-a-2019-2025-frozen"
      }
    },
    {
      "type": "Feature",
      "id": 210,
      "geometry": {
        "type": "Polygon",
        "coordinates": [
          [
            [
              139.66107722,
              35.65899142
            ],
            [
              139.66152638,
              35.65899142
            ],
            [
              139.66152638,
              35.65935636
            ],
            [
              139.66107722,
              35.65935636
            ],
            [
              139.66107722,
              35.65899142
            ]
          ]
        ]
      },
      "properties": {
        "mesh_id": 210,
        "source_feature_id": "310940,85076",
        "evaluation_class": "NOT_EVALUATED",
        "ground_truth": null,
        "detected": false,
        "review_status": "NOT_REVIEWED",
        "change_type": null,
        "source_change_type": null,
        "type_basis": null,
        "source_density": 0.0,
        "source_mean": 0.0,
        "density_rank": null,
        "interpreter_a_judgment": null,
        "interpreter_b_judgment": null,
        "interpreter_a_type": null,
        "interpreter_b_type": null,
        "interpreter_a_note": null,
        "interpreter_b_note": null,
        "interpreter_a_needs_check": null,
        "interpreter_b_needs_check": null,
        "experiment_id": "window-a-2019-2025-frozen"
      }
    },
    {
      "type": "Feature",
      "id": 211,
      "geometry": {
        "type": "Polygon",
        "coordinates": [
          [
            [
              139.66152638,
              35.65899142
            ],
            [
              139.66197554,
              35.65899142
            ],
            [
              139.66197554,
              35.65935636
            ],
            [
              139.66152638,
              35.65935636
            ],
            [
              139.66152638,
              35.65899142
            ]
          ]
        ]
      },
      "properties": {
        "mesh_id": 211,
        "source_feature_id": "310941,85076",
        "evaluation_class": "NOT_EVALUATED",
        "ground_truth": null,
        "detected": false,
        "review_status": "NOT_REVIEWED",
        "change_type": null,
        "source_change_type": null,
        "type_basis": null,
        "source_density": 0.0,
        "source_mean": 0.0,
        "density_rank": null,
        "interpreter_a_judgment": null,
        "interpreter_b_judgment": null,
        "interpreter_a_type": null,
        "interpreter_b_type": null,
        "interpreter_a_note": null,
        "interpreter_b_note": null,
        "interpreter_a_needs_check": null,
        "interpreter_b_needs_check": null,
        "experiment_id": "window-a-2019-2025-frozen"
      }
    },
    {
      "type": "Feature",
      "id": 212,
      "geometry": {
        "type": "Polygon",
        "coordinates": [
          [
            [
              139.66197554,
              35.65899142
            ],
            [
              139.66242469,
              35.65899142
            ],
            [
              139.66242469,
              35.65935636
            ],
            [
              139.66197554,
              35.65935636
            ],
            [
              139.66197554,
              35.65899142
            ]
          ]
        ]
      },
      "properties": {
        "mesh_id": 212,
        "source_feature_id": "310942,85076",
        "evaluation_class": "NOT_EVALUATED",
        "ground_truth": null,
        "detected": false,
        "review_status": "NOT_REVIEWED",
        "change_type": null,
        "source_change_type": null,
        "type_basis": null,
        "source_density": 0.0,
        "source_mean": 0.0,
        "density_rank": null,
        "interpreter_a_judgment": null,
        "interpreter_b_judgment": null,
        "interpreter_a_type": null,
        "interpreter_b_type": null,
        "interpreter_a_note": null,
        "interpreter_b_note": null,
        "interpreter_a_needs_check": null,
        "interpreter_b_needs_check": null,
        "experiment_id": "window-a-2019-2025-frozen"
      }
    },
    {
      "type": "Feature",
      "id": 213,
      "geometry": {
        "type": "Polygon",
        "coordinates": [
          [
            [
              139.66242469,
              35.65899142
            ],
            [
              139.66287385,
              35.65899142
            ],
            [
              139.66287385,
              35.65935636
            ],
            [
              139.66242469,
              35.65935636
            ],
            [
              139.66242469,
              35.65899142
            ]
          ]
        ]
      },
      "properties": {
        "mesh_id": 213,
        "source_feature_id": "310943,85076",
        "evaluation_class": "NOT_EVALUATED",
        "ground_truth": null,
        "detected": false,
        "review_status": "NOT_REVIEWED",
        "change_type": null,
        "source_change_type": null,
        "type_basis": null,
        "source_density": 0.0,
        "source_mean": 0.0,
        "density_rank": null,
        "interpreter_a_judgment": null,
        "interpreter_b_judgment": null,
        "interpreter_a_type": null,
        "interpreter_b_type": null,
        "interpreter_a_note": null,
        "interpreter_b_note": null,
        "interpreter_a_needs_check": null,
        "interpreter_b_needs_check": null,
        "experiment_id": "window-a-2019-2025-frozen"
      }
    },
    {
      "type": "Feature",
      "id": 214,
      "geometry": {
        "type": "Polygon",
        "coordinates": [
          [
            [
              139.66287385,
              35.65899142
            ],
            [
              139.66332301,
              35.65899142
            ],
            [
              139.66332301,
              35.65935636
            ],
            [
              139.66287385,
              35.65935636
            ],
            [
              139.66287385,
              35.65899142
            ]
          ]
        ]
      },
      "properties": {
        "mesh_id": 214,
        "source_feature_id": "310944,85076",
        "evaluation_class": "NOT_EVALUATED",
        "ground_truth": null,
        "detected": false,
        "review_status": "NOT_REVIEWED",
        "change_type": null,
        "source_change_type": null,
        "type_basis": null,
        "source_density": 0.0,
        "source_mean": 0.0,
        "density_rank": null,
        "interpreter_a_judgment": null,
        "interpreter_b_judgment": null,
        "interpreter_a_type": null,
        "interpreter_b_type": null,
        "interpreter_a_note": null,
        "interpreter_b_note": null,
        "interpreter_a_needs_check": null,
        "interpreter_b_needs_check": null,
        "experiment_id": "window-a-2019-2025-frozen"
      }
    },
    {
      "type": "Feature",
      "id": 215,
      "geometry": {
        "type": "Polygon",
        "coordinates": [
          [
            [
              139.66332301,
              35.65899142
            ],
            [
              139.66377217,
              35.65899142
            ],
            [
              139.66377217,
              35.65935636
            ],
            [
              139.66332301,
              35.65935636
            ],
            [
              139.66332301,
              35.65899142
            ]
          ]
        ]
      },
      "properties": {
        "mesh_id": 215,
        "source_feature_id": "310945,85076",
        "evaluation_class": "NOT_EVALUATED",
        "ground_truth": null,
        "detected": false,
        "review_status": "NOT_REVIEWED",
        "change_type": null,
        "source_change_type": null,
        "type_basis": null,
        "source_density": 0.0,
        "source_mean": 0.0,
        "density_rank": null,
        "interpreter_a_judgment": null,
        "interpreter_b_judgment": null,
        "interpreter_a_type": null,
        "interpreter_b_type": null,
        "interpreter_a_note": null,
        "interpreter_b_note": null,
        "interpreter_a_needs_check": null,
        "interpreter_b_needs_check": null,
        "experiment_id": "window-a-2019-2025-frozen"
      }
    },
    {
      "type": "Feature",
      "id": 216,
      "geometry": {
        "type": "Polygon",
        "coordinates": [
          [
            [
              139.66377217,
              35.65899142
            ],
            [
              139.66422133,
              35.65899142
            ],
            [
              139.66422133,
              35.65935636
            ],
            [
              139.66377217,
              35.65935636
            ],
            [
              139.66377217,
              35.65899142
            ]
          ]
        ]
      },
      "properties": {
        "mesh_id": 216,
        "source_feature_id": "310946,85076",
        "evaluation_class": "TP",
        "ground_truth": "CHANGE",
        "detected": true,
        "review_status": "AGREED",
        "change_type": "NEW_CONSTRUCTION",
        "source_change_type": "N",
        "type_basis": "文字列完全一致",
        "source_density": 0.06274131274131274,
        "source_mean": 0.06274131274131274,
        "density_rank": 19,
        "interpreter_a_judgment": "○",
        "interpreter_b_judgment": "○",
        "interpreter_a_type": "N",
        "interpreter_b_type": "N",
        "interpreter_a_note": null,
        "interpreter_b_note": null,
        "interpreter_a_needs_check": null,
        "interpreter_b_needs_check": null,
        "experiment_id": "window-a-2019-2025-frozen"
      }
    },
    {
      "type": "Feature",
      "id": 217,
      "geometry": {
        "type": "Polygon",
        "coordinates": [
          [
            [
              139.66422133,
              35.65899142
            ],
            [
              139.66467048,
              35.65899142
            ],
            [
              139.66467048,
              35.65935636
            ],
            [
              139.66422133,
              35.65935636
            ],
            [
              139.66422133,
              35.65899142
            ]
          ]
        ]
      },
      "properties": {
        "mesh_id": 217,
        "source_feature_id": "310947,85076",
        "evaluation_class": "NOT_EVALUATED",
        "ground_truth": null,
        "detected": false,
        "review_status": "NOT_REVIEWED",
        "change_type": null,
        "source_change_type": null,
        "type_basis": null,
        "source_density": 0.0,
        "source_mean": 0.0,
        "density_rank": null,
        "interpreter_a_judgment": null,
        "interpreter_b_judgment": null,
        "interpreter_a_type": null,
        "interpreter_b_type": null,
        "interpreter_a_note": null,
        "interpreter_b_note": null,
        "interpreter_a_needs_check": null,
        "interpreter_b_needs_check": null,
        "experiment_id": "window-a-2019-2025-frozen"
      }
    },
    {
      "type": "Feature",
      "id": 218,
      "geometry": {
        "type": "Polygon",
        "coordinates": [
          [
            [
              139.66467048,
              35.65899142
            ],
            [
              139.66511964,
              35.65899142
            ],
            [
              139.66511964,
              35.65935636
            ],
            [
              139.66467048,
              35.65935636
            ],
            [
              139.66467048,
              35.65899142
            ]
          ]
        ]
      },
      "properties": {
        "mesh_id": 218,
        "source_feature_id": "310948,85076",
        "evaluation_class": "FN",
        "ground_truth": "CHANGE",
        "detected": false,
        "review_status": "AGREED",
        "change_type": null,
        "source_change_type": null,
        "type_basis": null,
        "source_density": 0.0,
        "source_mean": 0.0,
        "density_rank": null,
        "interpreter_a_judgment": "○",
        "interpreter_b_judgment": "○",
        "interpreter_a_type": "R",
        "interpreter_b_type": "N/R",
        "interpreter_a_note": null,
        "interpreter_b_note": null,
        "interpreter_a_needs_check": null,
        "interpreter_b_needs_check": null,
        "experiment_id": "window-a-2019-2025-frozen"
      }
    },
    {
      "type": "Feature",
      "id": 219,
      "geometry": {
        "type": "Polygon",
        "coordinates": [
          [
            [
              139.66511964,
              35.65899142
            ],
            [
              139.6655688,
              35.65899142
            ],
            [
              139.6655688,
              35.65935636
            ],
            [
              139.66511964,
              35.65935636
            ],
            [
              139.66511964,
              35.65899142
            ]
          ]
        ]
      },
      "properties": {
        "mesh_id": 219,
        "source_feature_id": "310949,85076",
        "evaluation_class": "FN",
        "ground_truth": "CHANGE",
        "detected": false,
        "review_status": "AGREED",
        "change_type": "REBUILDING",
        "source_change_type": "R",
        "type_basis": "文字列完全一致",
        "source_density": 0.0,
        "source_mean": 0.0,
        "density_rank": null,
        "interpreter_a_judgment": "○",
        "interpreter_b_judgment": "○",
        "interpreter_a_type": "R",
        "interpreter_b_type": "R",
        "interpreter_a_note": null,
        "interpreter_b_note": null,
        "interpreter_a_needs_check": null,
        "interpreter_b_needs_check": null,
        "experiment_id": "window-a-2019-2025-frozen"
      }
    },
    {
      "type": "Feature",
      "id": 220,
      "geometry": {
        "type": "Polygon",
        "coordinates": [
          [
            [
              139.6655688,
              35.65899142
            ],
            [
              139.66601796,
              35.65899142
            ],
            [
              139.66601796,
              35.65935636
            ],
            [
              139.6655688,
              35.65935636
            ],
            [
              139.6655688,
              35.65899142
            ]
          ]
        ]
      },
      "properties": {
        "mesh_id": 220,
        "source_feature_id": "310950,85076",
        "evaluation_class": "NOT_EVALUATED",
        "ground_truth": null,
        "detected": false,
        "review_status": "NOT_REVIEWED",
        "change_type": null,
        "source_change_type": null,
        "type_basis": null,
        "source_density": 0.0,
        "source_mean": 0.0,
        "density_rank": null,
        "interpreter_a_judgment": null,
        "interpreter_b_judgment": null,
        "interpreter_a_type": null,
        "interpreter_b_type": null,
        "interpreter_a_note": null,
        "interpreter_b_note": null,
        "interpreter_a_needs_check": null,
        "interpreter_b_needs_check": null,
        "experiment_id": "window-a-2019-2025-frozen"
      }
    },
    {
      "type": "Feature",
      "id": 221,
      "geometry": {
        "type": "Polygon",
        "coordinates": [
          [
            [
              139.66601796,
              35.65899142
            ],
            [
              139.66646711,
              35.65899142
            ],
            [
              139.66646711,
              35.65935636
            ],
            [
              139.66601796,
              35.65935636
            ],
            [
              139.66601796,
              35.65899142
            ]
          ]
        ]
      },
      "properties": {
        "mesh_id": 221,
        "source_feature_id": "310951,85076",
        "evaluation_class": "NOT_EVALUATED",
        "ground_truth": null,
        "detected": false,
        "review_status": "NOT_REVIEWED",
        "change_type": null,
        "source_change_type": null,
        "type_basis": null,
        "source_density": 0.0,
        "source_mean": 0.0,
        "density_rank": null,
        "interpreter_a_judgment": null,
        "interpreter_b_judgment": null,
        "interpreter_a_type": null,
        "interpreter_b_type": null,
        "interpreter_a_note": null,
        "interpreter_b_note": null,
        "interpreter_a_needs_check": null,
        "interpreter_b_needs_check": null,
        "experiment_id": "window-a-2019-2025-frozen"
      }
    },
    {
      "type": "Feature",
      "id": 222,
      "geometry": {
        "type": "Polygon",
        "coordinates": [
          [
            [
              139.66646711,
              35.65899142
            ],
            [
              139.66691627,
              35.65899142
            ],
            [
              139.66691627,
              35.65935636
            ],
            [
              139.66646711,
              35.65935636
            ],
            [
              139.66646711,
              35.65899142
            ]
          ]
        ]
      },
      "properties": {
        "mesh_id": 222,
        "source_feature_id": "310952,85076",
        "evaluation_class": "NOT_EVALUATED",
        "ground_truth": null,
        "detected": false,
        "review_status": "NOT_REVIEWED",
        "change_type": null,
        "source_change_type": null,
        "type_basis": null,
        "source_density": 0.0,
        "source_mean": 0.0,
        "density_rank": null,
        "interpreter_a_judgment": null,
        "interpreter_b_judgment": null,
        "interpreter_a_type": null,
        "interpreter_b_type": null,
        "interpreter_a_note": null,
        "interpreter_b_note": null,
        "interpreter_a_needs_check": null,
        "interpreter_b_needs_check": null,
        "experiment_id": "window-a-2019-2025-frozen"
      }
    },
    {
      "type": "Feature",
      "id": 223,
      "geometry": {
        "type": "Polygon",
        "coordinates": [
          [
            [
              139.66691627,
              35.65899142
            ],
            [
              139.66736543,
              35.65899142
            ],
            [
              139.66736543,
              35.65935636
            ],
            [
              139.66691627,
              35.65935636
            ],
            [
              139.66691627,
              35.65899142
            ]
          ]
        ]
      },
      "properties": {
        "mesh_id": 223,
        "source_feature_id": "310953,85076",
        "evaluation_class": "NOT_EVALUATED",
        "ground_truth": null,
        "detected": false,
        "review_status": "NOT_REVIEWED",
        "change_type": null,
        "source_change_type": null,
        "type_basis": null,
        "source_density": 0.0,
        "source_mean": 0.0,
        "density_rank": null,
        "interpreter_a_judgment": null,
        "interpreter_b_judgment": null,
        "interpreter_a_type": null,
        "interpreter_b_type": null,
        "interpreter_a_note": null,
        "interpreter_b_note": null,
        "interpreter_a_needs_check": null,
        "interpreter_b_needs_check": null,
        "experiment_id": "window-a-2019-2025-frozen"
      }
    },
    {
      "type": "Feature",
      "id": 224,
      "geometry": {
        "type": "Polygon",
        "coordinates": [
          [
            [
              139.66736543,
              35.65899142
            ],
            [
              139.66781459,
              35.65899142
            ],
            [
              139.66781459,
              35.65935636
            ],
            [
              139.66736543,
              35.65935636
            ],
            [
              139.66736543,
              35.65899142
            ]
          ]
        ]
      },
      "properties": {
        "mesh_id": 224,
        "source_feature_id": "310954,85076",
        "evaluation_class": "NOT_EVALUATED",
        "ground_truth": null,
        "detected": false,
        "review_status": "NOT_REVIEWED",
        "change_type": null,
        "source_change_type": null,
        "type_basis": null,
        "source_density": 0.0,
        "source_mean": 0.0,
        "density_rank": null,
        "interpreter_a_judgment": null,
        "interpreter_b_judgment": null,
        "interpreter_a_type": null,
        "interpreter_b_type": null,
        "interpreter_a_note": null,
        "interpreter_b_note": null,
        "interpreter_a_needs_check": null,
        "interpreter_b_needs_check": null,
        "experiment_id": "window-a-2019-2025-frozen"
      }
    },
    {
      "type": "Feature",
      "id": 225,
      "geometry": {
        "type": "Polygon",
        "coordinates": [
          [
            [
              139.66781459,
              35.65899142
            ],
            [
              139.66826374,
              35.65899142
            ],
            [
              139.66826374,
              35.65935636
            ],
            [
              139.66781459,
              35.65935636
            ],
            [
              139.66781459,
              35.65899142
            ]
          ]
        ]
      },
      "properties": {
        "mesh_id": 225,
        "source_feature_id": "310955,85076",
        "evaluation_class": "NOT_EVALUATED",
        "ground_truth": null,
        "detected": false,
        "review_status": "NOT_REVIEWED",
        "change_type": null,
        "source_change_type": null,
        "type_basis": null,
        "source_density": 0.0,
        "source_mean": 0.0,
        "density_rank": null,
        "interpreter_a_judgment": null,
        "interpreter_b_judgment": null,
        "interpreter_a_type": null,
        "interpreter_b_type": null,
        "interpreter_a_note": null,
        "interpreter_b_note": null,
        "interpreter_a_needs_check": null,
        "interpreter_b_needs_check": null,
        "experiment_id": "window-a-2019-2025-frozen"
      }
    },
    {
      "type": "Feature",
      "id": 226,
      "geometry": {
        "type": "Polygon",
        "coordinates": [
          [
            [
              139.66826374,
              35.65899142
            ],
            [
              139.6687129,
              35.65899142
            ],
            [
              139.6687129,
              35.65935636
            ],
            [
              139.66826374,
              35.65935636
            ],
            [
              139.66826374,
              35.65899142
            ]
          ]
        ]
      },
      "properties": {
        "mesh_id": 226,
        "source_feature_id": "310956,85076",
        "evaluation_class": "NOT_EVALUATED",
        "ground_truth": null,
        "detected": false,
        "review_status": "NOT_REVIEWED",
        "change_type": null,
        "source_change_type": null,
        "type_basis": null,
        "source_density": 0.0,
        "source_mean": 0.0,
        "density_rank": null,
        "interpreter_a_judgment": null,
        "interpreter_b_judgment": null,
        "interpreter_a_type": null,
        "interpreter_b_type": null,
        "interpreter_a_note": null,
        "interpreter_b_note": null,
        "interpreter_a_needs_check": null,
        "interpreter_b_needs_check": null,
        "experiment_id": "window-a-2019-2025-frozen"
      }
    },
    {
      "type": "Feature",
      "id": 227,
      "geometry": {
        "type": "Polygon",
        "coordinates": [
          [
            [
              139.6687129,
              35.65899142
            ],
            [
              139.66916206,
              35.65899142
            ],
            [
              139.66916206,
              35.65935636
            ],
            [
              139.6687129,
              35.65935636
            ],
            [
              139.6687129,
              35.65899142
            ]
          ]
        ]
      },
      "properties": {
        "mesh_id": 227,
        "source_feature_id": "310957,85076",
        "evaluation_class": "NOT_EVALUATED",
        "ground_truth": null,
        "detected": false,
        "review_status": "NOT_REVIEWED",
        "change_type": null,
        "source_change_type": null,
        "type_basis": null,
        "source_density": 0.0,
        "source_mean": 0.0,
        "density_rank": null,
        "interpreter_a_judgment": null,
        "interpreter_b_judgment": null,
        "interpreter_a_type": null,
        "interpreter_b_type": null,
        "interpreter_a_note": null,
        "interpreter_b_note": null,
        "interpreter_a_needs_check": null,
        "interpreter_b_needs_check": null,
        "experiment_id": "window-a-2019-2025-frozen"
      }
    },
    {
      "type": "Feature",
      "id": 228,
      "geometry": {
        "type": "Polygon",
        "coordinates": [
          [
            [
              139.66916206,
              35.65899142
            ],
            [
              139.66961122,
              35.65899142
            ],
            [
              139.66961122,
              35.65935636
            ],
            [
              139.66916206,
              35.65935636
            ],
            [
              139.66916206,
              35.65899142
            ]
          ]
        ]
      },
      "properties": {
        "mesh_id": 228,
        "source_feature_id": "310958,85076",
        "evaluation_class": "NOT_EVALUATED",
        "ground_truth": null,
        "detected": false,
        "review_status": "NOT_REVIEWED",
        "change_type": null,
        "source_change_type": null,
        "type_basis": null,
        "source_density": 0.0,
        "source_mean": 0.0,
        "density_rank": null,
        "interpreter_a_judgment": null,
        "interpreter_b_judgment": null,
        "interpreter_a_type": null,
        "interpreter_b_type": null,
        "interpreter_a_note": null,
        "interpreter_b_note": null,
        "interpreter_a_needs_check": null,
        "interpreter_b_needs_check": null,
        "experiment_id": "window-a-2019-2025-frozen"
      }
    },
    {
      "type": "Feature",
      "id": 229,
      "geometry": {
        "type": "Polygon",
        "coordinates": [
          [
            [
              139.66961122,
              35.65899142
            ],
            [
              139.67006037,
              35.65899142
            ],
            [
              139.67006037,
              35.65935636
            ],
            [
              139.66961122,
              35.65935636
            ],
            [
              139.66961122,
              35.65899142
            ]
          ]
        ]
      },
      "properties": {
        "mesh_id": 229,
        "source_feature_id": "310959,85076",
        "evaluation_class": "NOT_EVALUATED",
        "ground_truth": null,
        "detected": false,
        "review_status": "DISAGREED",
        "change_type": null,
        "source_change_type": null,
        "type_basis": null,
        "source_density": 0.0,
        "source_mean": 0.0,
        "density_rank": null,
        "interpreter_a_judgment": "×",
        "interpreter_b_judgment": "△",
        "interpreter_a_type": null,
        "interpreter_b_type": null,
        "interpreter_a_note": null,
        "interpreter_b_note": "（×を訂正して△）屋根の色",
        "interpreter_a_needs_check": null,
        "interpreter_b_needs_check": "要確認",
        "experiment_id": "window-a-2019-2025-frozen"
      }
    },
    {
      "type": "Feature",
      "id": 230,
      "geometry": {
        "type": "Polygon",
        "coordinates": [
          [
            [
              139.67006037,
              35.65899142
            ],
            [
              139.67050953,
              35.65899142
            ],
            [
              139.67050953,
              35.65935636
            ],
            [
              139.67006037,
              35.65935636
            ],
            [
              139.67006037,
              35.65899142
            ]
          ]
        ]
      },
      "properties": {
        "mesh_id": 230,
        "source_feature_id": "310960,85076",
        "evaluation_class": "NOT_EVALUATED",
        "ground_truth": null,
        "detected": false,
        "review_status": "NOT_REVIEWED",
        "change_type": null,
        "source_change_type": null,
        "type_basis": null,
        "source_density": 0.0,
        "source_mean": 0.0,
        "density_rank": null,
        "interpreter_a_judgment": null,
        "interpreter_b_judgment": null,
        "interpreter_a_type": null,
        "interpreter_b_type": null,
        "interpreter_a_note": null,
        "interpreter_b_note": null,
        "interpreter_a_needs_check": null,
        "interpreter_b_needs_check": null,
        "experiment_id": "window-a-2019-2025-frozen"
      }
    },
    {
      "type": "Feature",
      "id": 231,
      "geometry": {
        "type": "Polygon",
        "coordinates": [
          [
            [
              139.67050953,
              35.65899142
            ],
            [
              139.67095869,
              35.65899142
            ],
            [
              139.67095869,
              35.65935636
            ],
            [
              139.67050953,
              35.65935636
            ],
            [
              139.67050953,
              35.65899142
            ]
          ]
        ]
      },
      "properties": {
        "mesh_id": 231,
        "source_feature_id": "310961,85076",
        "evaluation_class": "NOT_EVALUATED",
        "ground_truth": null,
        "detected": false,
        "review_status": "NOT_REVIEWED",
        "change_type": null,
        "source_change_type": null,
        "type_basis": null,
        "source_density": 0.0,
        "source_mean": 0.0,
        "density_rank": null,
        "interpreter_a_judgment": null,
        "interpreter_b_judgment": null,
        "interpreter_a_type": null,
        "interpreter_b_type": null,
        "interpreter_a_note": null,
        "interpreter_b_note": null,
        "interpreter_a_needs_check": null,
        "interpreter_b_needs_check": null,
        "experiment_id": "window-a-2019-2025-frozen"
      }
    },
    {
      "type": "Feature",
      "id": 232,
      "geometry": {
        "type": "Polygon",
        "coordinates": [
          [
            [
              139.67095869,
              35.65899142
            ],
            [
              139.67140785,
              35.65899142
            ],
            [
              139.67140785,
              35.65935636
            ],
            [
              139.67095869,
              35.65935636
            ],
            [
              139.67095869,
              35.65899142
            ]
          ]
        ]
      },
      "properties": {
        "mesh_id": 232,
        "source_feature_id": "310962,85076",
        "evaluation_class": "NOT_EVALUATED",
        "ground_truth": null,
        "detected": false,
        "review_status": "NOT_REVIEWED",
        "change_type": null,
        "source_change_type": null,
        "type_basis": null,
        "source_density": 0.0,
        "source_mean": 0.0,
        "density_rank": null,
        "interpreter_a_judgment": null,
        "interpreter_b_judgment": null,
        "interpreter_a_type": null,
        "interpreter_b_type": null,
        "interpreter_a_note": null,
        "interpreter_b_note": null,
        "interpreter_a_needs_check": null,
        "interpreter_b_needs_check": null,
        "experiment_id": "window-a-2019-2025-frozen"
      }
    },
    {
      "type": "Feature",
      "id": 233,
      "geometry": {
        "type": "Polygon",
        "coordinates": [
          [
            [
              139.67140785,
              35.65899142
            ],
            [
              139.67185701,
              35.65899142
            ],
            [
              139.67185701,
              35.65935636
            ],
            [
              139.67140785,
              35.65935636
            ],
            [
              139.67140785,
              35.65899142
            ]
          ]
        ]
      },
      "properties": {
        "mesh_id": 233,
        "source_feature_id": "310963,85076",
        "evaluation_class": "NOT_EVALUATED",
        "ground_truth": null,
        "detected": false,
        "review_status": "NOT_REVIEWED",
        "change_type": null,
        "source_change_type": null,
        "type_basis": null,
        "source_density": 0.0,
        "source_mean": 0.0,
        "density_rank": null,
        "interpreter_a_judgment": null,
        "interpreter_b_judgment": null,
        "interpreter_a_type": null,
        "interpreter_b_type": null,
        "interpreter_a_note": null,
        "interpreter_b_note": null,
        "interpreter_a_needs_check": null,
        "interpreter_b_needs_check": null,
        "experiment_id": "window-a-2019-2025-frozen"
      }
    },
    {
      "type": "Feature",
      "id": 234,
      "geometry": {
        "type": "Polygon",
        "coordinates": [
          [
            [
              139.66017891,
              35.65935636
            ],
            [
              139.66062806,
              35.65935636
            ],
            [
              139.66062806,
              35.6597213
            ],
            [
              139.66017891,
              35.6597213
            ],
            [
              139.66017891,
              35.65935636
            ]
          ]
        ]
      },
      "properties": {
        "mesh_id": 234,
        "source_feature_id": "310938,85077",
        "evaluation_class": "NOT_EVALUATED",
        "ground_truth": null,
        "detected": false,
        "review_status": "NOT_REVIEWED",
        "change_type": null,
        "source_change_type": null,
        "type_basis": null,
        "source_density": 0.0,
        "source_mean": 0.0,
        "density_rank": null,
        "interpreter_a_judgment": null,
        "interpreter_b_judgment": null,
        "interpreter_a_type": null,
        "interpreter_b_type": null,
        "interpreter_a_note": null,
        "interpreter_b_note": null,
        "interpreter_a_needs_check": null,
        "interpreter_b_needs_check": null,
        "experiment_id": "window-a-2019-2025-frozen"
      }
    },
    {
      "type": "Feature",
      "id": 235,
      "geometry": {
        "type": "Polygon",
        "coordinates": [
          [
            [
              139.66062806,
              35.65935636
            ],
            [
              139.66107722,
              35.65935636
            ],
            [
              139.66107722,
              35.6597213
            ],
            [
              139.66062806,
              35.6597213
            ],
            [
              139.66062806,
              35.65935636
            ]
          ]
        ]
      },
      "properties": {
        "mesh_id": 235,
        "source_feature_id": "310939,85077",
        "evaluation_class": "NOT_EVALUATED",
        "ground_truth": null,
        "detected": false,
        "review_status": "NOT_REVIEWED",
        "change_type": null,
        "source_change_type": null,
        "type_basis": null,
        "source_density": 0.0,
        "source_mean": 0.0,
        "density_rank": null,
        "interpreter_a_judgment": null,
        "interpreter_b_judgment": null,
        "interpreter_a_type": null,
        "interpreter_b_type": null,
        "interpreter_a_note": null,
        "interpreter_b_note": null,
        "interpreter_a_needs_check": null,
        "interpreter_b_needs_check": null,
        "experiment_id": "window-a-2019-2025-frozen"
      }
    },
    {
      "type": "Feature",
      "id": 236,
      "geometry": {
        "type": "Polygon",
        "coordinates": [
          [
            [
              139.66107722,
              35.65935636
            ],
            [
              139.66152638,
              35.65935636
            ],
            [
              139.66152638,
              35.6597213
            ],
            [
              139.66107722,
              35.6597213
            ],
            [
              139.66107722,
              35.65935636
            ]
          ]
        ]
      },
      "properties": {
        "mesh_id": 236,
        "source_feature_id": "310940,85077",
        "evaluation_class": "NOT_EVALUATED",
        "ground_truth": null,
        "detected": false,
        "review_status": "NOT_REVIEWED",
        "change_type": null,
        "source_change_type": null,
        "type_basis": null,
        "source_density": 0.0,
        "source_mean": 0.0,
        "density_rank": null,
        "interpreter_a_judgment": null,
        "interpreter_b_judgment": null,
        "interpreter_a_type": null,
        "interpreter_b_type": null,
        "interpreter_a_note": null,
        "interpreter_b_note": null,
        "interpreter_a_needs_check": null,
        "interpreter_b_needs_check": null,
        "experiment_id": "window-a-2019-2025-frozen"
      }
    },
    {
      "type": "Feature",
      "id": 237,
      "geometry": {
        "type": "Polygon",
        "coordinates": [
          [
            [
              139.66152638,
              35.65935636
            ],
            [
              139.66197554,
              35.65935636
            ],
            [
              139.66197554,
              35.6597213
            ],
            [
              139.66152638,
              35.6597213
            ],
            [
              139.66152638,
              35.65935636
            ]
          ]
        ]
      },
      "properties": {
        "mesh_id": 237,
        "source_feature_id": "310941,85077",
        "evaluation_class": "NOT_EVALUATED",
        "ground_truth": null,
        "detected": false,
        "review_status": "NOT_REVIEWED",
        "change_type": null,
        "source_change_type": null,
        "type_basis": null,
        "source_density": 0.0,
        "source_mean": 0.0,
        "density_rank": null,
        "interpreter_a_judgment": null,
        "interpreter_b_judgment": null,
        "interpreter_a_type": null,
        "interpreter_b_type": null,
        "interpreter_a_note": null,
        "interpreter_b_note": null,
        "interpreter_a_needs_check": null,
        "interpreter_b_needs_check": null,
        "experiment_id": "window-a-2019-2025-frozen"
      }
    },
    {
      "type": "Feature",
      "id": 238,
      "geometry": {
        "type": "Polygon",
        "coordinates": [
          [
            [
              139.66197554,
              35.65935636
            ],
            [
              139.66242469,
              35.65935636
            ],
            [
              139.66242469,
              35.6597213
            ],
            [
              139.66197554,
              35.6597213
            ],
            [
              139.66197554,
              35.65935636
            ]
          ]
        ]
      },
      "properties": {
        "mesh_id": 238,
        "source_feature_id": "310942,85077",
        "evaluation_class": "NOT_EVALUATED",
        "ground_truth": null,
        "detected": false,
        "review_status": "NOT_REVIEWED",
        "change_type": null,
        "source_change_type": null,
        "type_basis": null,
        "source_density": 0.0,
        "source_mean": 0.0,
        "density_rank": null,
        "interpreter_a_judgment": null,
        "interpreter_b_judgment": null,
        "interpreter_a_type": null,
        "interpreter_b_type": null,
        "interpreter_a_note": null,
        "interpreter_b_note": null,
        "interpreter_a_needs_check": null,
        "interpreter_b_needs_check": null,
        "experiment_id": "window-a-2019-2025-frozen"
      }
    },
    {
      "type": "Feature",
      "id": 239,
      "geometry": {
        "type": "Polygon",
        "coordinates": [
          [
            [
              139.66242469,
              35.65935636
            ],
            [
              139.66287385,
              35.65935636
            ],
            [
              139.66287385,
              35.6597213
            ],
            [
              139.66242469,
              35.6597213
            ],
            [
              139.66242469,
              35.65935636
            ]
          ]
        ]
      },
      "properties": {
        "mesh_id": 239,
        "source_feature_id": "310943,85077",
        "evaluation_class": "NOT_EVALUATED",
        "ground_truth": null,
        "detected": false,
        "review_status": "NOT_REVIEWED",
        "change_type": null,
        "source_change_type": null,
        "type_basis": null,
        "source_density": 0.0,
        "source_mean": 0.0,
        "density_rank": null,
        "interpreter_a_judgment": null,
        "interpreter_b_judgment": null,
        "interpreter_a_type": null,
        "interpreter_b_type": null,
        "interpreter_a_note": null,
        "interpreter_b_note": null,
        "interpreter_a_needs_check": null,
        "interpreter_b_needs_check": null,
        "experiment_id": "window-a-2019-2025-frozen"
      }
    },
    {
      "type": "Feature",
      "id": 240,
      "geometry": {
        "type": "Polygon",
        "coordinates": [
          [
            [
              139.66287385,
              35.65935636
            ],
            [
              139.66332301,
              35.65935636
            ],
            [
              139.66332301,
              35.6597213
            ],
            [
              139.66287385,
              35.6597213
            ],
            [
              139.66287385,
              35.65935636
            ]
          ]
        ]
      },
      "properties": {
        "mesh_id": 240,
        "source_feature_id": "310944,85077",
        "evaluation_class": "FN",
        "ground_truth": "CHANGE",
        "detected": false,
        "review_status": "AGREED",
        "change_type": "REBUILDING",
        "source_change_type": "R",
        "type_basis": "文字列完全一致",
        "source_density": 0.0,
        "source_mean": 0.0,
        "density_rank": null,
        "interpreter_a_judgment": "○",
        "interpreter_b_judgment": "○",
        "interpreter_a_type": "R",
        "interpreter_b_type": "R",
        "interpreter_a_note": null,
        "interpreter_b_note": null,
        "interpreter_a_needs_check": null,
        "interpreter_b_needs_check": null,
        "experiment_id": "window-a-2019-2025-frozen"
      }
    },
    {
      "type": "Feature",
      "id": 241,
      "geometry": {
        "type": "Polygon",
        "coordinates": [
          [
            [
              139.66332301,
              35.65935636
            ],
            [
              139.66377217,
              35.65935636
            ],
            [
              139.66377217,
              35.6597213
            ],
            [
              139.66332301,
              35.6597213
            ],
            [
              139.66332301,
              35.65935636
            ]
          ]
        ]
      },
      "properties": {
        "mesh_id": 241,
        "source_feature_id": "310945,85077",
        "evaluation_class": "NOT_EVALUATED",
        "ground_truth": null,
        "detected": false,
        "review_status": "NOT_REVIEWED",
        "change_type": null,
        "source_change_type": null,
        "type_basis": null,
        "source_density": 0.0,
        "source_mean": 0.0,
        "density_rank": null,
        "interpreter_a_judgment": null,
        "interpreter_b_judgment": null,
        "interpreter_a_type": null,
        "interpreter_b_type": null,
        "interpreter_a_note": null,
        "interpreter_b_note": null,
        "interpreter_a_needs_check": null,
        "interpreter_b_needs_check": null,
        "experiment_id": "window-a-2019-2025-frozen"
      }
    },
    {
      "type": "Feature",
      "id": 242,
      "geometry": {
        "type": "Polygon",
        "coordinates": [
          [
            [
              139.66377217,
              35.65935636
            ],
            [
              139.66422133,
              35.65935636
            ],
            [
              139.66422133,
              35.6597213
            ],
            [
              139.66377217,
              35.6597213
            ],
            [
              139.66377217,
              35.65935636
            ]
          ]
        ]
      },
      "properties": {
        "mesh_id": 242,
        "source_feature_id": "310946,85077",
        "evaluation_class": "TP",
        "ground_truth": "CHANGE",
        "detected": true,
        "review_status": "AGREED",
        "change_type": "NEW_CONSTRUCTION",
        "source_change_type": "N",
        "type_basis": "文字列完全一致",
        "source_density": 0.18339768339768345,
        "source_mean": 0.18339768339768345,
        "density_rank": 8,
        "interpreter_a_judgment": "○",
        "interpreter_b_judgment": "○",
        "interpreter_a_type": "N",
        "interpreter_b_type": "N",
        "interpreter_a_note": null,
        "interpreter_b_note": null,
        "interpreter_a_needs_check": null,
        "interpreter_b_needs_check": null,
        "experiment_id": "window-a-2019-2025-frozen"
      }
    },
    {
      "type": "Feature",
      "id": 243,
      "geometry": {
        "type": "Polygon",
        "coordinates": [
          [
            [
              139.66422133,
              35.65935636
            ],
            [
              139.66467048,
              35.65935636
            ],
            [
              139.66467048,
              35.6597213
            ],
            [
              139.66422133,
              35.6597213
            ],
            [
              139.66422133,
              35.65935636
            ]
          ]
        ]
      },
      "properties": {
        "mesh_id": 243,
        "source_feature_id": "310947,85077",
        "evaluation_class": "NOT_EVALUATED",
        "ground_truth": null,
        "detected": false,
        "review_status": "NOT_REVIEWED",
        "change_type": null,
        "source_change_type": null,
        "type_basis": null,
        "source_density": 0.0,
        "source_mean": 0.0,
        "density_rank": null,
        "interpreter_a_judgment": null,
        "interpreter_b_judgment": null,
        "interpreter_a_type": null,
        "interpreter_b_type": null,
        "interpreter_a_note": null,
        "interpreter_b_note": null,
        "interpreter_a_needs_check": null,
        "interpreter_b_needs_check": null,
        "experiment_id": "window-a-2019-2025-frozen"
      }
    },
    {
      "type": "Feature",
      "id": 244,
      "geometry": {
        "type": "Polygon",
        "coordinates": [
          [
            [
              139.66467048,
              35.65935636
            ],
            [
              139.66511964,
              35.65935636
            ],
            [
              139.66511964,
              35.6597213
            ],
            [
              139.66467048,
              35.6597213
            ],
            [
              139.66467048,
              35.65935636
            ]
          ]
        ]
      },
      "properties": {
        "mesh_id": 244,
        "source_feature_id": "310948,85077",
        "evaluation_class": "NOT_EVALUATED",
        "ground_truth": null,
        "detected": false,
        "review_status": "NOT_REVIEWED",
        "change_type": null,
        "source_change_type": null,
        "type_basis": null,
        "source_density": 0.0,
        "source_mean": 0.0,
        "density_rank": null,
        "interpreter_a_judgment": null,
        "interpreter_b_judgment": null,
        "interpreter_a_type": null,
        "interpreter_b_type": null,
        "interpreter_a_note": null,
        "interpreter_b_note": null,
        "interpreter_a_needs_check": null,
        "interpreter_b_needs_check": null,
        "experiment_id": "window-a-2019-2025-frozen"
      }
    },
    {
      "type": "Feature",
      "id": 245,
      "geometry": {
        "type": "Polygon",
        "coordinates": [
          [
            [
              139.66511964,
              35.65935636
            ],
            [
              139.6655688,
              35.65935636
            ],
            [
              139.6655688,
              35.6597213
            ],
            [
              139.66511964,
              35.6597213
            ],
            [
              139.66511964,
              35.65935636
            ]
          ]
        ]
      },
      "properties": {
        "mesh_id": 245,
        "source_feature_id": "310949,85077",
        "evaluation_class": "NOT_EVALUATED",
        "ground_truth": null,
        "detected": false,
        "review_status": "NOT_REVIEWED",
        "change_type": null,
        "source_change_type": null,
        "type_basis": null,
        "source_density": 0.0,
        "source_mean": 0.0,
        "density_rank": null,
        "interpreter_a_judgment": null,
        "interpreter_b_judgment": null,
        "interpreter_a_type": null,
        "interpreter_b_type": null,
        "interpreter_a_note": null,
        "interpreter_b_note": null,
        "interpreter_a_needs_check": null,
        "interpreter_b_needs_check": null,
        "experiment_id": "window-a-2019-2025-frozen"
      }
    },
    {
      "type": "Feature",
      "id": 246,
      "geometry": {
        "type": "Polygon",
        "coordinates": [
          [
            [
              139.6655688,
              35.65935636
            ],
            [
              139.66601796,
              35.65935636
            ],
            [
              139.66601796,
              35.6597213
            ],
            [
              139.6655688,
              35.6597213
            ],
            [
              139.6655688,
              35.65935636
            ]
          ]
        ]
      },
      "properties": {
        "mesh_id": 246,
        "source_feature_id": "310950,85077",
        "evaluation_class": "NOT_EVALUATED",
        "ground_truth": null,
        "detected": false,
        "review_status": "NOT_REVIEWED",
        "change_type": null,
        "source_change_type": null,
        "type_basis": null,
        "source_density": 0.0,
        "source_mean": 0.0,
        "density_rank": null,
        "interpreter_a_judgment": null,
        "interpreter_b_judgment": null,
        "interpreter_a_type": null,
        "interpreter_b_type": null,
        "interpreter_a_note": null,
        "interpreter_b_note": null,
        "interpreter_a_needs_check": null,
        "interpreter_b_needs_check": null,
        "experiment_id": "window-a-2019-2025-frozen"
      }
    },
    {
      "type": "Feature",
      "id": 247,
      "geometry": {
        "type": "Polygon",
        "coordinates": [
          [
            [
              139.66601796,
              35.65935636
            ],
            [
              139.66646711,
              35.65935636
            ],
            [
              139.66646711,
              35.6597213
            ],
            [
              139.66601796,
              35.6597213
            ],
            [
              139.66601796,
              35.65935636
            ]
          ]
        ]
      },
      "properties": {
        "mesh_id": 247,
        "source_feature_id": "310951,85077",
        "evaluation_class": "NOT_EVALUATED",
        "ground_truth": null,
        "detected": false,
        "review_status": "NOT_REVIEWED",
        "change_type": null,
        "source_change_type": null,
        "type_basis": null,
        "source_density": 0.0,
        "source_mean": 0.0,
        "density_rank": null,
        "interpreter_a_judgment": null,
        "interpreter_b_judgment": null,
        "interpreter_a_type": null,
        "interpreter_b_type": null,
        "interpreter_a_note": null,
        "interpreter_b_note": null,
        "interpreter_a_needs_check": null,
        "interpreter_b_needs_check": null,
        "experiment_id": "window-a-2019-2025-frozen"
      }
    },
    {
      "type": "Feature",
      "id": 248,
      "geometry": {
        "type": "Polygon",
        "coordinates": [
          [
            [
              139.66646711,
              35.65935636
            ],
            [
              139.66691627,
              35.65935636
            ],
            [
              139.66691627,
              35.6597213
            ],
            [
              139.66646711,
              35.6597213
            ],
            [
              139.66646711,
              35.65935636
            ]
          ]
        ]
      },
      "properties": {
        "mesh_id": 248,
        "source_feature_id": "310952,85077",
        "evaluation_class": "NOT_EVALUATED",
        "ground_truth": null,
        "detected": false,
        "review_status": "NOT_REVIEWED",
        "change_type": null,
        "source_change_type": null,
        "type_basis": null,
        "source_density": 0.0,
        "source_mean": 0.0,
        "density_rank": null,
        "interpreter_a_judgment": null,
        "interpreter_b_judgment": null,
        "interpreter_a_type": null,
        "interpreter_b_type": null,
        "interpreter_a_note": null,
        "interpreter_b_note": null,
        "interpreter_a_needs_check": null,
        "interpreter_b_needs_check": null,
        "experiment_id": "window-a-2019-2025-frozen"
      }
    },
    {
      "type": "Feature",
      "id": 249,
      "geometry": {
        "type": "Polygon",
        "coordinates": [
          [
            [
              139.66691627,
              35.65935636
            ],
            [
              139.66736543,
              35.65935636
            ],
            [
              139.66736543,
              35.6597213
            ],
            [
              139.66691627,
              35.6597213
            ],
            [
              139.66691627,
              35.65935636
            ]
          ]
        ]
      },
      "properties": {
        "mesh_id": 249,
        "source_feature_id": "310953,85077",
        "evaluation_class": "NOT_EVALUATED",
        "ground_truth": null,
        "detected": false,
        "review_status": "NOT_REVIEWED",
        "change_type": null,
        "source_change_type": null,
        "type_basis": null,
        "source_density": 0.0,
        "source_mean": 0.0,
        "density_rank": null,
        "interpreter_a_judgment": null,
        "interpreter_b_judgment": null,
        "interpreter_a_type": null,
        "interpreter_b_type": null,
        "interpreter_a_note": null,
        "interpreter_b_note": null,
        "interpreter_a_needs_check": null,
        "interpreter_b_needs_check": null,
        "experiment_id": "window-a-2019-2025-frozen"
      }
    },
    {
      "type": "Feature",
      "id": 250,
      "geometry": {
        "type": "Polygon",
        "coordinates": [
          [
            [
              139.66736543,
              35.65935636
            ],
            [
              139.66781459,
              35.65935636
            ],
            [
              139.66781459,
              35.6597213
            ],
            [
              139.66736543,
              35.6597213
            ],
            [
              139.66736543,
              35.65935636
            ]
          ]
        ]
      },
      "properties": {
        "mesh_id": 250,
        "source_feature_id": "310954,85077",
        "evaluation_class": "NOT_EVALUATED",
        "ground_truth": null,
        "detected": false,
        "review_status": "NOT_REVIEWED",
        "change_type": null,
        "source_change_type": null,
        "type_basis": null,
        "source_density": 0.0,
        "source_mean": 0.0,
        "density_rank": null,
        "interpreter_a_judgment": null,
        "interpreter_b_judgment": null,
        "interpreter_a_type": null,
        "interpreter_b_type": null,
        "interpreter_a_note": null,
        "interpreter_b_note": null,
        "interpreter_a_needs_check": null,
        "interpreter_b_needs_check": null,
        "experiment_id": "window-a-2019-2025-frozen"
      }
    },
    {
      "type": "Feature",
      "id": 251,
      "geometry": {
        "type": "Polygon",
        "coordinates": [
          [
            [
              139.66781459,
              35.65935636
            ],
            [
              139.66826374,
              35.65935636
            ],
            [
              139.66826374,
              35.6597213
            ],
            [
              139.66781459,
              35.6597213
            ],
            [
              139.66781459,
              35.65935636
            ]
          ]
        ]
      },
      "properties": {
        "mesh_id": 251,
        "source_feature_id": "310955,85077",
        "evaluation_class": "NOT_EVALUATED",
        "ground_truth": null,
        "detected": false,
        "review_status": "NOT_REVIEWED",
        "change_type": null,
        "source_change_type": null,
        "type_basis": null,
        "source_density": 0.0,
        "source_mean": 0.0,
        "density_rank": null,
        "interpreter_a_judgment": null,
        "interpreter_b_judgment": null,
        "interpreter_a_type": null,
        "interpreter_b_type": null,
        "interpreter_a_note": null,
        "interpreter_b_note": null,
        "interpreter_a_needs_check": null,
        "interpreter_b_needs_check": null,
        "experiment_id": "window-a-2019-2025-frozen"
      }
    },
    {
      "type": "Feature",
      "id": 252,
      "geometry": {
        "type": "Polygon",
        "coordinates": [
          [
            [
              139.66826374,
              35.65935636
            ],
            [
              139.6687129,
              35.65935636
            ],
            [
              139.6687129,
              35.6597213
            ],
            [
              139.66826374,
              35.6597213
            ],
            [
              139.66826374,
              35.65935636
            ]
          ]
        ]
      },
      "properties": {
        "mesh_id": 252,
        "source_feature_id": "310956,85077",
        "evaluation_class": "NOT_EVALUATED",
        "ground_truth": null,
        "detected": false,
        "review_status": "NOT_REVIEWED",
        "change_type": null,
        "source_change_type": null,
        "type_basis": null,
        "source_density": 0.0,
        "source_mean": 0.0,
        "density_rank": null,
        "interpreter_a_judgment": null,
        "interpreter_b_judgment": null,
        "interpreter_a_type": null,
        "interpreter_b_type": null,
        "interpreter_a_note": null,
        "interpreter_b_note": null,
        "interpreter_a_needs_check": null,
        "interpreter_b_needs_check": null,
        "experiment_id": "window-a-2019-2025-frozen"
      }
    },
    {
      "type": "Feature",
      "id": 253,
      "geometry": {
        "type": "Polygon",
        "coordinates": [
          [
            [
              139.6687129,
              35.65935636
            ],
            [
              139.66916206,
              35.65935636
            ],
            [
              139.66916206,
              35.6597213
            ],
            [
              139.6687129,
              35.6597213
            ],
            [
              139.6687129,
              35.65935636
            ]
          ]
        ]
      },
      "properties": {
        "mesh_id": 253,
        "source_feature_id": "310957,85077",
        "evaluation_class": "NOT_EVALUATED",
        "ground_truth": null,
        "detected": false,
        "review_status": "NOT_REVIEWED",
        "change_type": null,
        "source_change_type": null,
        "type_basis": null,
        "source_density": 0.0,
        "source_mean": 0.0,
        "density_rank": null,
        "interpreter_a_judgment": null,
        "interpreter_b_judgment": null,
        "interpreter_a_type": null,
        "interpreter_b_type": null,
        "interpreter_a_note": null,
        "interpreter_b_note": null,
        "interpreter_a_needs_check": null,
        "interpreter_b_needs_check": null,
        "experiment_id": "window-a-2019-2025-frozen"
      }
    },
    {
      "type": "Feature",
      "id": 254,
      "geometry": {
        "type": "Polygon",
        "coordinates": [
          [
            [
              139.66916206,
              35.65935636
            ],
            [
              139.66961122,
              35.65935636
            ],
            [
              139.66961122,
              35.6597213
            ],
            [
              139.66916206,
              35.6597213
            ],
            [
              139.66916206,
              35.65935636
            ]
          ]
        ]
      },
      "properties": {
        "mesh_id": 254,
        "source_feature_id": "310958,85077",
        "evaluation_class": "NOT_EVALUATED",
        "ground_truth": null,
        "detected": false,
        "review_status": "NOT_REVIEWED",
        "change_type": null,
        "source_change_type": null,
        "type_basis": null,
        "source_density": 0.0,
        "source_mean": 0.0,
        "density_rank": null,
        "interpreter_a_judgment": null,
        "interpreter_b_judgment": null,
        "interpreter_a_type": null,
        "interpreter_b_type": null,
        "interpreter_a_note": null,
        "interpreter_b_note": null,
        "interpreter_a_needs_check": null,
        "interpreter_b_needs_check": null,
        "experiment_id": "window-a-2019-2025-frozen"
      }
    },
    {
      "type": "Feature",
      "id": 255,
      "geometry": {
        "type": "Polygon",
        "coordinates": [
          [
            [
              139.66961122,
              35.65935636
            ],
            [
              139.67006037,
              35.65935636
            ],
            [
              139.67006037,
              35.6597213
            ],
            [
              139.66961122,
              35.6597213
            ],
            [
              139.66961122,
              35.65935636
            ]
          ]
        ]
      },
      "properties": {
        "mesh_id": 255,
        "source_feature_id": "310959,85077",
        "evaluation_class": "NOT_EVALUATED",
        "ground_truth": null,
        "detected": false,
        "review_status": "NOT_REVIEWED",
        "change_type": null,
        "source_change_type": null,
        "type_basis": null,
        "source_density": 0.0,
        "source_mean": 0.0,
        "density_rank": null,
        "interpreter_a_judgment": null,
        "interpreter_b_judgment": null,
        "interpreter_a_type": null,
        "interpreter_b_type": null,
        "interpreter_a_note": null,
        "interpreter_b_note": null,
        "interpreter_a_needs_check": null,
        "interpreter_b_needs_check": null,
        "experiment_id": "window-a-2019-2025-frozen"
      }
    },
    {
      "type": "Feature",
      "id": 256,
      "geometry": {
        "type": "Polygon",
        "coordinates": [
          [
            [
              139.67006037,
              35.65935636
            ],
            [
              139.67050953,
              35.65935636
            ],
            [
              139.67050953,
              35.6597213
            ],
            [
              139.67006037,
              35.6597213
            ],
            [
              139.67006037,
              35.65935636
            ]
          ]
        ]
      },
      "properties": {
        "mesh_id": 256,
        "source_feature_id": "310960,85077",
        "evaluation_class": "NOT_EVALUATED",
        "ground_truth": null,
        "detected": false,
        "review_status": "NOT_REVIEWED",
        "change_type": null,
        "source_change_type": null,
        "type_basis": null,
        "source_density": 0.0,
        "source_mean": 0.0,
        "density_rank": null,
        "interpreter_a_judgment": null,
        "interpreter_b_judgment": null,
        "interpreter_a_type": null,
        "interpreter_b_type": null,
        "interpreter_a_note": null,
        "interpreter_b_note": null,
        "interpreter_a_needs_check": null,
        "interpreter_b_needs_check": null,
        "experiment_id": "window-a-2019-2025-frozen"
      }
    },
    {
      "type": "Feature",
      "id": 257,
      "geometry": {
        "type": "Polygon",
        "coordinates": [
          [
            [
              139.67050953,
              35.65935636
            ],
            [
              139.67095869,
              35.65935636
            ],
            [
              139.67095869,
              35.6597213
            ],
            [
              139.67050953,
              35.6597213
            ],
            [
              139.67050953,
              35.65935636
            ]
          ]
        ]
      },
      "properties": {
        "mesh_id": 257,
        "source_feature_id": "310961,85077",
        "evaluation_class": "TN",
        "ground_truth": "NO_CHANGE",
        "detected": false,
        "review_status": "AGREED",
        "change_type": null,
        "source_change_type": null,
        "type_basis": null,
        "source_density": 0.0,
        "source_mean": 0.0,
        "density_rank": null,
        "interpreter_a_judgment": "×",
        "interpreter_b_judgment": "×",
        "interpreter_a_type": null,
        "interpreter_b_type": null,
        "interpreter_a_note": null,
        "interpreter_b_note": null,
        "interpreter_a_needs_check": null,
        "interpreter_b_needs_check": null,
        "experiment_id": "window-a-2019-2025-frozen"
      }
    },
    {
      "type": "Feature",
      "id": 258,
      "geometry": {
        "type": "Polygon",
        "coordinates": [
          [
            [
              139.67095869,
              35.65935636
            ],
            [
              139.67140785,
              35.65935636
            ],
            [
              139.67140785,
              35.6597213
            ],
            [
              139.67095869,
              35.6597213
            ],
            [
              139.67095869,
              35.65935636
            ]
          ]
        ]
      },
      "properties": {
        "mesh_id": 258,
        "source_feature_id": "310962,85077",
        "evaluation_class": "NOT_EVALUATED",
        "ground_truth": null,
        "detected": false,
        "review_status": "NOT_REVIEWED",
        "change_type": null,
        "source_change_type": null,
        "type_basis": null,
        "source_density": 0.0,
        "source_mean": 0.0,
        "density_rank": null,
        "interpreter_a_judgment": null,
        "interpreter_b_judgment": null,
        "interpreter_a_type": null,
        "interpreter_b_type": null,
        "interpreter_a_note": null,
        "interpreter_b_note": null,
        "interpreter_a_needs_check": null,
        "interpreter_b_needs_check": null,
        "experiment_id": "window-a-2019-2025-frozen"
      }
    },
    {
      "type": "Feature",
      "id": 259,
      "geometry": {
        "type": "Polygon",
        "coordinates": [
          [
            [
              139.67140785,
              35.65935636
            ],
            [
              139.67185701,
              35.65935636
            ],
            [
              139.67185701,
              35.6597213
            ],
            [
              139.67140785,
              35.6597213
            ],
            [
              139.67140785,
              35.65935636
            ]
          ]
        ]
      },
      "properties": {
        "mesh_id": 259,
        "source_feature_id": "310963,85077",
        "evaluation_class": "FN",
        "ground_truth": "CHANGE",
        "detected": false,
        "review_status": "AGREED",
        "change_type": null,
        "source_change_type": null,
        "type_basis": null,
        "source_density": 0.0,
        "source_mean": 0.0,
        "density_rank": null,
        "interpreter_a_judgment": "○",
        "interpreter_b_judgment": "○",
        "interpreter_a_type": "N",
        "interpreter_b_type": "R",
        "interpreter_a_note": null,
        "interpreter_b_note": null,
        "interpreter_a_needs_check": null,
        "interpreter_b_needs_check": null,
        "experiment_id": "window-a-2019-2025-frozen"
      }
    },
    {
      "type": "Feature",
      "id": 260,
      "geometry": {
        "type": "Polygon",
        "coordinates": [
          [
            [
              139.66017891,
              35.6597213
            ],
            [
              139.66062806,
              35.6597213
            ],
            [
              139.66062806,
              35.66008623
            ],
            [
              139.66017891,
              35.66008623
            ],
            [
              139.66017891,
              35.6597213
            ]
          ]
        ]
      },
      "properties": {
        "mesh_id": 260,
        "source_feature_id": "310938,85078",
        "evaluation_class": "NOT_EVALUATED",
        "ground_truth": null,
        "detected": false,
        "review_status": "NOT_REVIEWED",
        "change_type": null,
        "source_change_type": null,
        "type_basis": null,
        "source_density": 0.0,
        "source_mean": 0.0,
        "density_rank": null,
        "interpreter_a_judgment": null,
        "interpreter_b_judgment": null,
        "interpreter_a_type": null,
        "interpreter_b_type": null,
        "interpreter_a_note": null,
        "interpreter_b_note": null,
        "interpreter_a_needs_check": null,
        "interpreter_b_needs_check": null,
        "experiment_id": "window-a-2019-2025-frozen"
      }
    },
    {
      "type": "Feature",
      "id": 261,
      "geometry": {
        "type": "Polygon",
        "coordinates": [
          [
            [
              139.66062806,
              35.6597213
            ],
            [
              139.66107722,
              35.6597213
            ],
            [
              139.66107722,
              35.66008623
            ],
            [
              139.66062806,
              35.66008623
            ],
            [
              139.66062806,
              35.6597213
            ]
          ]
        ]
      },
      "properties": {
        "mesh_id": 261,
        "source_feature_id": "310939,85078",
        "evaluation_class": "NOT_EVALUATED",
        "ground_truth": null,
        "detected": false,
        "review_status": "NOT_REVIEWED",
        "change_type": null,
        "source_change_type": null,
        "type_basis": null,
        "source_density": 0.0,
        "source_mean": 0.0,
        "density_rank": null,
        "interpreter_a_judgment": null,
        "interpreter_b_judgment": null,
        "interpreter_a_type": null,
        "interpreter_b_type": null,
        "interpreter_a_note": null,
        "interpreter_b_note": null,
        "interpreter_a_needs_check": null,
        "interpreter_b_needs_check": null,
        "experiment_id": "window-a-2019-2025-frozen"
      }
    },
    {
      "type": "Feature",
      "id": 262,
      "geometry": {
        "type": "Polygon",
        "coordinates": [
          [
            [
              139.66107722,
              35.6597213
            ],
            [
              139.66152638,
              35.6597213
            ],
            [
              139.66152638,
              35.66008623
            ],
            [
              139.66107722,
              35.66008623
            ],
            [
              139.66107722,
              35.6597213
            ]
          ]
        ]
      },
      "properties": {
        "mesh_id": 262,
        "source_feature_id": "310940,85078",
        "evaluation_class": "NOT_EVALUATED",
        "ground_truth": null,
        "detected": false,
        "review_status": "NOT_REVIEWED",
        "change_type": null,
        "source_change_type": null,
        "type_basis": null,
        "source_density": 0.0,
        "source_mean": 0.0,
        "density_rank": null,
        "interpreter_a_judgment": null,
        "interpreter_b_judgment": null,
        "interpreter_a_type": null,
        "interpreter_b_type": null,
        "interpreter_a_note": null,
        "interpreter_b_note": null,
        "interpreter_a_needs_check": null,
        "interpreter_b_needs_check": null,
        "experiment_id": "window-a-2019-2025-frozen"
      }
    },
    {
      "type": "Feature",
      "id": 263,
      "geometry": {
        "type": "Polygon",
        "coordinates": [
          [
            [
              139.66152638,
              35.6597213
            ],
            [
              139.66197554,
              35.6597213
            ],
            [
              139.66197554,
              35.66008623
            ],
            [
              139.66152638,
              35.66008623
            ],
            [
              139.66152638,
              35.6597213
            ]
          ]
        ]
      },
      "properties": {
        "mesh_id": 263,
        "source_feature_id": "310941,85078",
        "evaluation_class": "NOT_EVALUATED",
        "ground_truth": null,
        "detected": false,
        "review_status": "NOT_REVIEWED",
        "change_type": null,
        "source_change_type": null,
        "type_basis": null,
        "source_density": 0.0,
        "source_mean": 0.0,
        "density_rank": null,
        "interpreter_a_judgment": null,
        "interpreter_b_judgment": null,
        "interpreter_a_type": null,
        "interpreter_b_type": null,
        "interpreter_a_note": null,
        "interpreter_b_note": null,
        "interpreter_a_needs_check": null,
        "interpreter_b_needs_check": null,
        "experiment_id": "window-a-2019-2025-frozen"
      }
    },
    {
      "type": "Feature",
      "id": 264,
      "geometry": {
        "type": "Polygon",
        "coordinates": [
          [
            [
              139.66197554,
              35.6597213
            ],
            [
              139.66242469,
              35.6597213
            ],
            [
              139.66242469,
              35.66008623
            ],
            [
              139.66197554,
              35.66008623
            ],
            [
              139.66197554,
              35.6597213
            ]
          ]
        ]
      },
      "properties": {
        "mesh_id": 264,
        "source_feature_id": "310942,85078",
        "evaluation_class": "NOT_EVALUATED",
        "ground_truth": null,
        "detected": false,
        "review_status": "NOT_REVIEWED",
        "change_type": null,
        "source_change_type": null,
        "type_basis": null,
        "source_density": 0.0,
        "source_mean": 0.0,
        "density_rank": null,
        "interpreter_a_judgment": null,
        "interpreter_b_judgment": null,
        "interpreter_a_type": null,
        "interpreter_b_type": null,
        "interpreter_a_note": null,
        "interpreter_b_note": null,
        "interpreter_a_needs_check": null,
        "interpreter_b_needs_check": null,
        "experiment_id": "window-a-2019-2025-frozen"
      }
    },
    {
      "type": "Feature",
      "id": 265,
      "geometry": {
        "type": "Polygon",
        "coordinates": [
          [
            [
              139.66242469,
              35.6597213
            ],
            [
              139.66287385,
              35.6597213
            ],
            [
              139.66287385,
              35.66008623
            ],
            [
              139.66242469,
              35.66008623
            ],
            [
              139.66242469,
              35.6597213
            ]
          ]
        ]
      },
      "properties": {
        "mesh_id": 265,
        "source_feature_id": "310943,85078",
        "evaluation_class": "NOT_EVALUATED",
        "ground_truth": null,
        "detected": false,
        "review_status": "NOT_REVIEWED",
        "change_type": null,
        "source_change_type": null,
        "type_basis": null,
        "source_density": 0.0,
        "source_mean": 0.0,
        "density_rank": null,
        "interpreter_a_judgment": null,
        "interpreter_b_judgment": null,
        "interpreter_a_type": null,
        "interpreter_b_type": null,
        "interpreter_a_note": null,
        "interpreter_b_note": null,
        "interpreter_a_needs_check": null,
        "interpreter_b_needs_check": null,
        "experiment_id": "window-a-2019-2025-frozen"
      }
    },
    {
      "type": "Feature",
      "id": 266,
      "geometry": {
        "type": "Polygon",
        "coordinates": [
          [
            [
              139.66287385,
              35.6597213
            ],
            [
              139.66332301,
              35.6597213
            ],
            [
              139.66332301,
              35.66008623
            ],
            [
              139.66287385,
              35.66008623
            ],
            [
              139.66287385,
              35.6597213
            ]
          ]
        ]
      },
      "properties": {
        "mesh_id": 266,
        "source_feature_id": "310944,85078",
        "evaluation_class": "NOT_EVALUATED",
        "ground_truth": null,
        "detected": false,
        "review_status": "NOT_REVIEWED",
        "change_type": null,
        "source_change_type": null,
        "type_basis": null,
        "source_density": 0.0,
        "source_mean": 0.0,
        "density_rank": null,
        "interpreter_a_judgment": null,
        "interpreter_b_judgment": null,
        "interpreter_a_type": null,
        "interpreter_b_type": null,
        "interpreter_a_note": null,
        "interpreter_b_note": null,
        "interpreter_a_needs_check": null,
        "interpreter_b_needs_check": null,
        "experiment_id": "window-a-2019-2025-frozen"
      }
    },
    {
      "type": "Feature",
      "id": 267,
      "geometry": {
        "type": "Polygon",
        "coordinates": [
          [
            [
              139.66332301,
              35.6597213
            ],
            [
              139.66377217,
              35.6597213
            ],
            [
              139.66377217,
              35.66008623
            ],
            [
              139.66332301,
              35.66008623
            ],
            [
              139.66332301,
              35.6597213
            ]
          ]
        ]
      },
      "properties": {
        "mesh_id": 267,
        "source_feature_id": "310945,85078",
        "evaluation_class": "NOT_EVALUATED",
        "ground_truth": null,
        "detected": false,
        "review_status": "NOT_REVIEWED",
        "change_type": null,
        "source_change_type": null,
        "type_basis": null,
        "source_density": 0.0,
        "source_mean": 0.0,
        "density_rank": null,
        "interpreter_a_judgment": null,
        "interpreter_b_judgment": null,
        "interpreter_a_type": null,
        "interpreter_b_type": null,
        "interpreter_a_note": null,
        "interpreter_b_note": null,
        "interpreter_a_needs_check": null,
        "interpreter_b_needs_check": null,
        "experiment_id": "window-a-2019-2025-frozen"
      }
    },
    {
      "type": "Feature",
      "id": 268,
      "geometry": {
        "type": "Polygon",
        "coordinates": [
          [
            [
              139.66377217,
              35.6597213
            ],
            [
              139.66422133,
              35.6597213
            ],
            [
              139.66422133,
              35.66008623
            ],
            [
              139.66377217,
              35.66008623
            ],
            [
              139.66377217,
              35.6597213
            ]
          ]
        ]
      },
      "properties": {
        "mesh_id": 268,
        "source_feature_id": "310946,85078",
        "evaluation_class": "NOT_EVALUATED",
        "ground_truth": null,
        "detected": false,
        "review_status": "NOT_REVIEWED",
        "change_type": null,
        "source_change_type": null,
        "type_basis": null,
        "source_density": 0.0,
        "source_mean": 0.0,
        "density_rank": null,
        "interpreter_a_judgment": null,
        "interpreter_b_judgment": null,
        "interpreter_a_type": null,
        "interpreter_b_type": null,
        "interpreter_a_note": null,
        "interpreter_b_note": null,
        "interpreter_a_needs_check": null,
        "interpreter_b_needs_check": null,
        "experiment_id": "window-a-2019-2025-frozen"
      }
    },
    {
      "type": "Feature",
      "id": 269,
      "geometry": {
        "type": "Polygon",
        "coordinates": [
          [
            [
              139.66422133,
              35.6597213
            ],
            [
              139.66467048,
              35.6597213
            ],
            [
              139.66467048,
              35.66008623
            ],
            [
              139.66422133,
              35.66008623
            ],
            [
              139.66422133,
              35.6597213
            ]
          ]
        ]
      },
      "properties": {
        "mesh_id": 269,
        "source_feature_id": "310947,85078",
        "evaluation_class": "NOT_EVALUATED",
        "ground_truth": null,
        "detected": false,
        "review_status": "NOT_REVIEWED",
        "change_type": null,
        "source_change_type": null,
        "type_basis": null,
        "source_density": 0.0,
        "source_mean": 0.0,
        "density_rank": null,
        "interpreter_a_judgment": null,
        "interpreter_b_judgment": null,
        "interpreter_a_type": null,
        "interpreter_b_type": null,
        "interpreter_a_note": null,
        "interpreter_b_note": null,
        "interpreter_a_needs_check": null,
        "interpreter_b_needs_check": null,
        "experiment_id": "window-a-2019-2025-frozen"
      }
    },
    {
      "type": "Feature",
      "id": 270,
      "geometry": {
        "type": "Polygon",
        "coordinates": [
          [
            [
              139.66467048,
              35.6597213
            ],
            [
              139.66511964,
              35.6597213
            ],
            [
              139.66511964,
              35.66008623
            ],
            [
              139.66467048,
              35.66008623
            ],
            [
              139.66467048,
              35.6597213
            ]
          ]
        ]
      },
      "properties": {
        "mesh_id": 270,
        "source_feature_id": "310948,85078",
        "evaluation_class": "NOT_EVALUATED",
        "ground_truth": null,
        "detected": false,
        "review_status": "NOT_REVIEWED",
        "change_type": null,
        "source_change_type": null,
        "type_basis": null,
        "source_density": 0.0,
        "source_mean": 0.0,
        "density_rank": null,
        "interpreter_a_judgment": null,
        "interpreter_b_judgment": null,
        "interpreter_a_type": null,
        "interpreter_b_type": null,
        "interpreter_a_note": null,
        "interpreter_b_note": null,
        "interpreter_a_needs_check": null,
        "interpreter_b_needs_check": null,
        "experiment_id": "window-a-2019-2025-frozen"
      }
    },
    {
      "type": "Feature",
      "id": 271,
      "geometry": {
        "type": "Polygon",
        "coordinates": [
          [
            [
              139.66511964,
              35.6597213
            ],
            [
              139.6655688,
              35.6597213
            ],
            [
              139.6655688,
              35.66008623
            ],
            [
              139.66511964,
              35.66008623
            ],
            [
              139.66511964,
              35.6597213
            ]
          ]
        ]
      },
      "properties": {
        "mesh_id": 271,
        "source_feature_id": "310949,85078",
        "evaluation_class": "NOT_EVALUATED",
        "ground_truth": null,
        "detected": false,
        "review_status": "NOT_REVIEWED",
        "change_type": null,
        "source_change_type": null,
        "type_basis": null,
        "source_density": 0.0,
        "source_mean": 0.0,
        "density_rank": null,
        "interpreter_a_judgment": null,
        "interpreter_b_judgment": null,
        "interpreter_a_type": null,
        "interpreter_b_type": null,
        "interpreter_a_note": null,
        "interpreter_b_note": null,
        "interpreter_a_needs_check": null,
        "interpreter_b_needs_check": null,
        "experiment_id": "window-a-2019-2025-frozen"
      }
    },
    {
      "type": "Feature",
      "id": 272,
      "geometry": {
        "type": "Polygon",
        "coordinates": [
          [
            [
              139.6655688,
              35.6597213
            ],
            [
              139.66601796,
              35.6597213
            ],
            [
              139.66601796,
              35.66008623
            ],
            [
              139.6655688,
              35.66008623
            ],
            [
              139.6655688,
              35.6597213
            ]
          ]
        ]
      },
      "properties": {
        "mesh_id": 272,
        "source_feature_id": "310950,85078",
        "evaluation_class": "NOT_EVALUATED",
        "ground_truth": null,
        "detected": false,
        "review_status": "NOT_REVIEWED",
        "change_type": null,
        "source_change_type": null,
        "type_basis": null,
        "source_density": 0.0,
        "source_mean": 0.0,
        "density_rank": null,
        "interpreter_a_judgment": null,
        "interpreter_b_judgment": null,
        "interpreter_a_type": null,
        "interpreter_b_type": null,
        "interpreter_a_note": null,
        "interpreter_b_note": null,
        "interpreter_a_needs_check": null,
        "interpreter_b_needs_check": null,
        "experiment_id": "window-a-2019-2025-frozen"
      }
    },
    {
      "type": "Feature",
      "id": 273,
      "geometry": {
        "type": "Polygon",
        "coordinates": [
          [
            [
              139.66601796,
              35.6597213
            ],
            [
              139.66646711,
              35.6597213
            ],
            [
              139.66646711,
              35.66008623
            ],
            [
              139.66601796,
              35.66008623
            ],
            [
              139.66601796,
              35.6597213
            ]
          ]
        ]
      },
      "properties": {
        "mesh_id": 273,
        "source_feature_id": "310951,85078",
        "evaluation_class": "NOT_EVALUATED",
        "ground_truth": null,
        "detected": false,
        "review_status": "NOT_REVIEWED",
        "change_type": null,
        "source_change_type": null,
        "type_basis": null,
        "source_density": 0.0,
        "source_mean": 0.0,
        "density_rank": null,
        "interpreter_a_judgment": null,
        "interpreter_b_judgment": null,
        "interpreter_a_type": null,
        "interpreter_b_type": null,
        "interpreter_a_note": null,
        "interpreter_b_note": null,
        "interpreter_a_needs_check": null,
        "interpreter_b_needs_check": null,
        "experiment_id": "window-a-2019-2025-frozen"
      }
    },
    {
      "type": "Feature",
      "id": 274,
      "geometry": {
        "type": "Polygon",
        "coordinates": [
          [
            [
              139.66646711,
              35.6597213
            ],
            [
              139.66691627,
              35.6597213
            ],
            [
              139.66691627,
              35.66008623
            ],
            [
              139.66646711,
              35.66008623
            ],
            [
              139.66646711,
              35.6597213
            ]
          ]
        ]
      },
      "properties": {
        "mesh_id": 274,
        "source_feature_id": "310952,85078",
        "evaluation_class": "NOT_EVALUATED",
        "ground_truth": null,
        "detected": false,
        "review_status": "NOT_REVIEWED",
        "change_type": null,
        "source_change_type": null,
        "type_basis": null,
        "source_density": 0.0,
        "source_mean": 0.0,
        "density_rank": null,
        "interpreter_a_judgment": null,
        "interpreter_b_judgment": null,
        "interpreter_a_type": null,
        "interpreter_b_type": null,
        "interpreter_a_note": null,
        "interpreter_b_note": null,
        "interpreter_a_needs_check": null,
        "interpreter_b_needs_check": null,
        "experiment_id": "window-a-2019-2025-frozen"
      }
    },
    {
      "type": "Feature",
      "id": 275,
      "geometry": {
        "type": "Polygon",
        "coordinates": [
          [
            [
              139.66691627,
              35.6597213
            ],
            [
              139.66736543,
              35.6597213
            ],
            [
              139.66736543,
              35.66008623
            ],
            [
              139.66691627,
              35.66008623
            ],
            [
              139.66691627,
              35.6597213
            ]
          ]
        ]
      },
      "properties": {
        "mesh_id": 275,
        "source_feature_id": "310953,85078",
        "evaluation_class": "NOT_EVALUATED",
        "ground_truth": null,
        "detected": false,
        "review_status": "NOT_REVIEWED",
        "change_type": null,
        "source_change_type": null,
        "type_basis": null,
        "source_density": 0.0,
        "source_mean": 0.0,
        "density_rank": null,
        "interpreter_a_judgment": null,
        "interpreter_b_judgment": null,
        "interpreter_a_type": null,
        "interpreter_b_type": null,
        "interpreter_a_note": null,
        "interpreter_b_note": null,
        "interpreter_a_needs_check": null,
        "interpreter_b_needs_check": null,
        "experiment_id": "window-a-2019-2025-frozen"
      }
    },
    {
      "type": "Feature",
      "id": 276,
      "geometry": {
        "type": "Polygon",
        "coordinates": [
          [
            [
              139.66736543,
              35.6597213
            ],
            [
              139.66781459,
              35.6597213
            ],
            [
              139.66781459,
              35.66008623
            ],
            [
              139.66736543,
              35.66008623
            ],
            [
              139.66736543,
              35.6597213
            ]
          ]
        ]
      },
      "properties": {
        "mesh_id": 276,
        "source_feature_id": "310954,85078",
        "evaluation_class": "NOT_EVALUATED",
        "ground_truth": null,
        "detected": false,
        "review_status": "NOT_REVIEWED",
        "change_type": null,
        "source_change_type": null,
        "type_basis": null,
        "source_density": 0.0,
        "source_mean": 0.0,
        "density_rank": null,
        "interpreter_a_judgment": null,
        "interpreter_b_judgment": null,
        "interpreter_a_type": null,
        "interpreter_b_type": null,
        "interpreter_a_note": null,
        "interpreter_b_note": null,
        "interpreter_a_needs_check": null,
        "interpreter_b_needs_check": null,
        "experiment_id": "window-a-2019-2025-frozen"
      }
    },
    {
      "type": "Feature",
      "id": 277,
      "geometry": {
        "type": "Polygon",
        "coordinates": [
          [
            [
              139.66781459,
              35.6597213
            ],
            [
              139.66826374,
              35.6597213
            ],
            [
              139.66826374,
              35.66008623
            ],
            [
              139.66781459,
              35.66008623
            ],
            [
              139.66781459,
              35.6597213
            ]
          ]
        ]
      },
      "properties": {
        "mesh_id": 277,
        "source_feature_id": "310955,85078",
        "evaluation_class": "NOT_EVALUATED",
        "ground_truth": null,
        "detected": false,
        "review_status": "NOT_REVIEWED",
        "change_type": null,
        "source_change_type": null,
        "type_basis": null,
        "source_density": 0.0,
        "source_mean": 0.0,
        "density_rank": null,
        "interpreter_a_judgment": null,
        "interpreter_b_judgment": null,
        "interpreter_a_type": null,
        "interpreter_b_type": null,
        "interpreter_a_note": null,
        "interpreter_b_note": null,
        "interpreter_a_needs_check": null,
        "interpreter_b_needs_check": null,
        "experiment_id": "window-a-2019-2025-frozen"
      }
    },
    {
      "type": "Feature",
      "id": 278,
      "geometry": {
        "type": "Polygon",
        "coordinates": [
          [
            [
              139.66826374,
              35.6597213
            ],
            [
              139.6687129,
              35.6597213
            ],
            [
              139.6687129,
              35.66008623
            ],
            [
              139.66826374,
              35.66008623
            ],
            [
              139.66826374,
              35.6597213
            ]
          ]
        ]
      },
      "properties": {
        "mesh_id": 278,
        "source_feature_id": "310956,85078",
        "evaluation_class": "NOT_EVALUATED",
        "ground_truth": null,
        "detected": false,
        "review_status": "NOT_REVIEWED",
        "change_type": null,
        "source_change_type": null,
        "type_basis": null,
        "source_density": 0.0,
        "source_mean": 0.0,
        "density_rank": null,
        "interpreter_a_judgment": null,
        "interpreter_b_judgment": null,
        "interpreter_a_type": null,
        "interpreter_b_type": null,
        "interpreter_a_note": null,
        "interpreter_b_note": null,
        "interpreter_a_needs_check": null,
        "interpreter_b_needs_check": null,
        "experiment_id": "window-a-2019-2025-frozen"
      }
    },
    {
      "type": "Feature",
      "id": 279,
      "geometry": {
        "type": "Polygon",
        "coordinates": [
          [
            [
              139.6687129,
              35.6597213
            ],
            [
              139.66916206,
              35.6597213
            ],
            [
              139.66916206,
              35.66008623
            ],
            [
              139.6687129,
              35.66008623
            ],
            [
              139.6687129,
              35.6597213
            ]
          ]
        ]
      },
      "properties": {
        "mesh_id": 279,
        "source_feature_id": "310957,85078",
        "evaluation_class": "NOT_EVALUATED",
        "ground_truth": null,
        "detected": false,
        "review_status": "NOT_REVIEWED",
        "change_type": null,
        "source_change_type": null,
        "type_basis": null,
        "source_density": 0.0,
        "source_mean": 0.0,
        "density_rank": null,
        "interpreter_a_judgment": null,
        "interpreter_b_judgment": null,
        "interpreter_a_type": null,
        "interpreter_b_type": null,
        "interpreter_a_note": null,
        "interpreter_b_note": null,
        "interpreter_a_needs_check": null,
        "interpreter_b_needs_check": null,
        "experiment_id": "window-a-2019-2025-frozen"
      }
    },
    {
      "type": "Feature",
      "id": 280,
      "geometry": {
        "type": "Polygon",
        "coordinates": [
          [
            [
              139.66916206,
              35.6597213
            ],
            [
              139.66961122,
              35.6597213
            ],
            [
              139.66961122,
              35.66008623
            ],
            [
              139.66916206,
              35.66008623
            ],
            [
              139.66916206,
              35.6597213
            ]
          ]
        ]
      },
      "properties": {
        "mesh_id": 280,
        "source_feature_id": "310958,85078",
        "evaluation_class": "NOT_EVALUATED",
        "ground_truth": null,
        "detected": false,
        "review_status": "NOT_REVIEWED",
        "change_type": null,
        "source_change_type": null,
        "type_basis": null,
        "source_density": 0.0,
        "source_mean": 0.0,
        "density_rank": null,
        "interpreter_a_judgment": null,
        "interpreter_b_judgment": null,
        "interpreter_a_type": null,
        "interpreter_b_type": null,
        "interpreter_a_note": null,
        "interpreter_b_note": null,
        "interpreter_a_needs_check": null,
        "interpreter_b_needs_check": null,
        "experiment_id": "window-a-2019-2025-frozen"
      }
    },
    {
      "type": "Feature",
      "id": 281,
      "geometry": {
        "type": "Polygon",
        "coordinates": [
          [
            [
              139.66961122,
              35.6597213
            ],
            [
              139.67006037,
              35.6597213
            ],
            [
              139.67006037,
              35.66008623
            ],
            [
              139.66961122,
              35.66008623
            ],
            [
              139.66961122,
              35.6597213
            ]
          ]
        ]
      },
      "properties": {
        "mesh_id": 281,
        "source_feature_id": "310959,85078",
        "evaluation_class": "TN",
        "ground_truth": "NO_CHANGE",
        "detected": false,
        "review_status": "AGREED",
        "change_type": null,
        "source_change_type": null,
        "type_basis": null,
        "source_density": 0.0,
        "source_mean": 0.0,
        "density_rank": null,
        "interpreter_a_judgment": "×",
        "interpreter_b_judgment": "×",
        "interpreter_a_type": null,
        "interpreter_b_type": null,
        "interpreter_a_note": "太陽光パネルが入るだけ",
        "interpreter_b_note": null,
        "interpreter_a_needs_check": null,
        "interpreter_b_needs_check": null,
        "experiment_id": "window-a-2019-2025-frozen"
      }
    },
    {
      "type": "Feature",
      "id": 282,
      "geometry": {
        "type": "Polygon",
        "coordinates": [
          [
            [
              139.67006037,
              35.6597213
            ],
            [
              139.67050953,
              35.6597213
            ],
            [
              139.67050953,
              35.66008623
            ],
            [
              139.67006037,
              35.66008623
            ],
            [
              139.67006037,
              35.6597213
            ]
          ]
        ]
      },
      "properties": {
        "mesh_id": 282,
        "source_feature_id": "310960,85078",
        "evaluation_class": "NOT_EVALUATED",
        "ground_truth": null,
        "detected": false,
        "review_status": "NOT_REVIEWED",
        "change_type": null,
        "source_change_type": null,
        "type_basis": null,
        "source_density": 0.0,
        "source_mean": 0.0,
        "density_rank": null,
        "interpreter_a_judgment": null,
        "interpreter_b_judgment": null,
        "interpreter_a_type": null,
        "interpreter_b_type": null,
        "interpreter_a_note": null,
        "interpreter_b_note": null,
        "interpreter_a_needs_check": null,
        "interpreter_b_needs_check": null,
        "experiment_id": "window-a-2019-2025-frozen"
      }
    },
    {
      "type": "Feature",
      "id": 283,
      "geometry": {
        "type": "Polygon",
        "coordinates": [
          [
            [
              139.67050953,
              35.6597213
            ],
            [
              139.67095869,
              35.6597213
            ],
            [
              139.67095869,
              35.66008623
            ],
            [
              139.67050953,
              35.66008623
            ],
            [
              139.67050953,
              35.6597213
            ]
          ]
        ]
      },
      "properties": {
        "mesh_id": 283,
        "source_feature_id": "310961,85078",
        "evaluation_class": "NOT_EVALUATED",
        "ground_truth": null,
        "detected": false,
        "review_status": "NOT_REVIEWED",
        "change_type": null,
        "source_change_type": null,
        "type_basis": null,
        "source_density": 0.0,
        "source_mean": 0.0,
        "density_rank": null,
        "interpreter_a_judgment": null,
        "interpreter_b_judgment": null,
        "interpreter_a_type": null,
        "interpreter_b_type": null,
        "interpreter_a_note": null,
        "interpreter_b_note": null,
        "interpreter_a_needs_check": null,
        "interpreter_b_needs_check": null,
        "experiment_id": "window-a-2019-2025-frozen"
      }
    },
    {
      "type": "Feature",
      "id": 284,
      "geometry": {
        "type": "Polygon",
        "coordinates": [
          [
            [
              139.67095869,
              35.6597213
            ],
            [
              139.67140785,
              35.6597213
            ],
            [
              139.67140785,
              35.66008623
            ],
            [
              139.67095869,
              35.66008623
            ],
            [
              139.67095869,
              35.6597213
            ]
          ]
        ]
      },
      "properties": {
        "mesh_id": 284,
        "source_feature_id": "310962,85078",
        "evaluation_class": "NOT_EVALUATED",
        "ground_truth": null,
        "detected": false,
        "review_status": "NOT_REVIEWED",
        "change_type": null,
        "source_change_type": null,
        "type_basis": null,
        "source_density": 0.0,
        "source_mean": 0.0,
        "density_rank": null,
        "interpreter_a_judgment": null,
        "interpreter_b_judgment": null,
        "interpreter_a_type": null,
        "interpreter_b_type": null,
        "interpreter_a_note": null,
        "interpreter_b_note": null,
        "interpreter_a_needs_check": null,
        "interpreter_b_needs_check": null,
        "experiment_id": "window-a-2019-2025-frozen"
      }
    },
    {
      "type": "Feature",
      "id": 285,
      "geometry": {
        "type": "Polygon",
        "coordinates": [
          [
            [
              139.67140785,
              35.6597213
            ],
            [
              139.67185701,
              35.6597213
            ],
            [
              139.67185701,
              35.66008623
            ],
            [
              139.67140785,
              35.66008623
            ],
            [
              139.67140785,
              35.6597213
            ]
          ]
        ]
      },
      "properties": {
        "mesh_id": 285,
        "source_feature_id": "310963,85078",
        "evaluation_class": "FP",
        "ground_truth": "NO_CHANGE",
        "detected": true,
        "review_status": "AGREED",
        "change_type": null,
        "source_change_type": null,
        "type_basis": null,
        "source_density": 0.04922779922779924,
        "source_mean": 0.04922779922779924,
        "density_rank": 23,
        "interpreter_a_judgment": "×",
        "interpreter_b_judgment": "×",
        "interpreter_a_type": null,
        "interpreter_b_type": null,
        "interpreter_a_note": null,
        "interpreter_b_note": null,
        "interpreter_a_needs_check": null,
        "interpreter_b_needs_check": null,
        "experiment_id": "window-a-2019-2025-frozen"
      }
    },
    {
      "type": "Feature",
      "id": 286,
      "geometry": {
        "type": "Polygon",
        "coordinates": [
          [
            [
              139.66017891,
              35.66008623
            ],
            [
              139.66062806,
              35.66008623
            ],
            [
              139.66062806,
              35.66045117
            ],
            [
              139.66017891,
              35.66045117
            ],
            [
              139.66017891,
              35.66008623
            ]
          ]
        ]
      },
      "properties": {
        "mesh_id": 286,
        "source_feature_id": "310938,85079",
        "evaluation_class": "NOT_EVALUATED",
        "ground_truth": null,
        "detected": false,
        "review_status": "NOT_REVIEWED",
        "change_type": null,
        "source_change_type": null,
        "type_basis": null,
        "source_density": 0.0,
        "source_mean": 0.0,
        "density_rank": null,
        "interpreter_a_judgment": null,
        "interpreter_b_judgment": null,
        "interpreter_a_type": null,
        "interpreter_b_type": null,
        "interpreter_a_note": null,
        "interpreter_b_note": null,
        "interpreter_a_needs_check": null,
        "interpreter_b_needs_check": null,
        "experiment_id": "window-a-2019-2025-frozen"
      }
    },
    {
      "type": "Feature",
      "id": 287,
      "geometry": {
        "type": "Polygon",
        "coordinates": [
          [
            [
              139.66062806,
              35.66008623
            ],
            [
              139.66107722,
              35.66008623
            ],
            [
              139.66107722,
              35.66045117
            ],
            [
              139.66062806,
              35.66045117
            ],
            [
              139.66062806,
              35.66008623
            ]
          ]
        ]
      },
      "properties": {
        "mesh_id": 287,
        "source_feature_id": "310939,85079",
        "evaluation_class": "NOT_EVALUATED",
        "ground_truth": null,
        "detected": false,
        "review_status": "NOT_REVIEWED",
        "change_type": null,
        "source_change_type": null,
        "type_basis": null,
        "source_density": 0.0,
        "source_mean": 0.0,
        "density_rank": null,
        "interpreter_a_judgment": null,
        "interpreter_b_judgment": null,
        "interpreter_a_type": null,
        "interpreter_b_type": null,
        "interpreter_a_note": null,
        "interpreter_b_note": null,
        "interpreter_a_needs_check": null,
        "interpreter_b_needs_check": null,
        "experiment_id": "window-a-2019-2025-frozen"
      }
    },
    {
      "type": "Feature",
      "id": 288,
      "geometry": {
        "type": "Polygon",
        "coordinates": [
          [
            [
              139.66107722,
              35.66008623
            ],
            [
              139.66152638,
              35.66008623
            ],
            [
              139.66152638,
              35.66045117
            ],
            [
              139.66107722,
              35.66045117
            ],
            [
              139.66107722,
              35.66008623
            ]
          ]
        ]
      },
      "properties": {
        "mesh_id": 288,
        "source_feature_id": "310940,85079",
        "evaluation_class": "FN",
        "ground_truth": "CHANGE",
        "detected": false,
        "review_status": "AGREED",
        "change_type": "REBUILDING",
        "source_change_type": "R",
        "type_basis": "文字列完全一致",
        "source_density": 0.0,
        "source_mean": 0.0,
        "density_rank": null,
        "interpreter_a_judgment": "○",
        "interpreter_b_judgment": "○",
        "interpreter_a_type": "R",
        "interpreter_b_type": "R",
        "interpreter_a_note": null,
        "interpreter_b_note": null,
        "interpreter_a_needs_check": null,
        "interpreter_b_needs_check": null,
        "experiment_id": "window-a-2019-2025-frozen"
      }
    },
    {
      "type": "Feature",
      "id": 289,
      "geometry": {
        "type": "Polygon",
        "coordinates": [
          [
            [
              139.66152638,
              35.66008623
            ],
            [
              139.66197554,
              35.66008623
            ],
            [
              139.66197554,
              35.66045117
            ],
            [
              139.66152638,
              35.66045117
            ],
            [
              139.66152638,
              35.66008623
            ]
          ]
        ]
      },
      "properties": {
        "mesh_id": 289,
        "source_feature_id": "310941,85079",
        "evaluation_class": "NOT_EVALUATED",
        "ground_truth": null,
        "detected": false,
        "review_status": "NOT_REVIEWED",
        "change_type": null,
        "source_change_type": null,
        "type_basis": null,
        "source_density": 0.0,
        "source_mean": 0.0,
        "density_rank": null,
        "interpreter_a_judgment": null,
        "interpreter_b_judgment": null,
        "interpreter_a_type": null,
        "interpreter_b_type": null,
        "interpreter_a_note": null,
        "interpreter_b_note": null,
        "interpreter_a_needs_check": null,
        "interpreter_b_needs_check": null,
        "experiment_id": "window-a-2019-2025-frozen"
      }
    },
    {
      "type": "Feature",
      "id": 290,
      "geometry": {
        "type": "Polygon",
        "coordinates": [
          [
            [
              139.66197554,
              35.66008623
            ],
            [
              139.66242469,
              35.66008623
            ],
            [
              139.66242469,
              35.66045117
            ],
            [
              139.66197554,
              35.66045117
            ],
            [
              139.66197554,
              35.66008623
            ]
          ]
        ]
      },
      "properties": {
        "mesh_id": 290,
        "source_feature_id": "310942,85079",
        "evaluation_class": "NOT_EVALUATED",
        "ground_truth": null,
        "detected": false,
        "review_status": "NOT_REVIEWED",
        "change_type": null,
        "source_change_type": null,
        "type_basis": null,
        "source_density": 0.0,
        "source_mean": 0.0,
        "density_rank": null,
        "interpreter_a_judgment": null,
        "interpreter_b_judgment": null,
        "interpreter_a_type": null,
        "interpreter_b_type": null,
        "interpreter_a_note": null,
        "interpreter_b_note": null,
        "interpreter_a_needs_check": null,
        "interpreter_b_needs_check": null,
        "experiment_id": "window-a-2019-2025-frozen"
      }
    },
    {
      "type": "Feature",
      "id": 291,
      "geometry": {
        "type": "Polygon",
        "coordinates": [
          [
            [
              139.66242469,
              35.66008623
            ],
            [
              139.66287385,
              35.66008623
            ],
            [
              139.66287385,
              35.66045117
            ],
            [
              139.66242469,
              35.66045117
            ],
            [
              139.66242469,
              35.66008623
            ]
          ]
        ]
      },
      "properties": {
        "mesh_id": 291,
        "source_feature_id": "310943,85079",
        "evaluation_class": "NOT_EVALUATED",
        "ground_truth": null,
        "detected": false,
        "review_status": "NOT_REVIEWED",
        "change_type": null,
        "source_change_type": null,
        "type_basis": null,
        "source_density": 0.0,
        "source_mean": 0.0,
        "density_rank": null,
        "interpreter_a_judgment": null,
        "interpreter_b_judgment": null,
        "interpreter_a_type": null,
        "interpreter_b_type": null,
        "interpreter_a_note": null,
        "interpreter_b_note": null,
        "interpreter_a_needs_check": null,
        "interpreter_b_needs_check": null,
        "experiment_id": "window-a-2019-2025-frozen"
      }
    },
    {
      "type": "Feature",
      "id": 292,
      "geometry": {
        "type": "Polygon",
        "coordinates": [
          [
            [
              139.66287385,
              35.66008623
            ],
            [
              139.66332301,
              35.66008623
            ],
            [
              139.66332301,
              35.66045117
            ],
            [
              139.66287385,
              35.66045117
            ],
            [
              139.66287385,
              35.66008623
            ]
          ]
        ]
      },
      "properties": {
        "mesh_id": 292,
        "source_feature_id": "310944,85079",
        "evaluation_class": "FN",
        "ground_truth": "CHANGE",
        "detected": false,
        "review_status": "AGREED",
        "change_type": "REBUILDING",
        "source_change_type": "R",
        "type_basis": "文字列完全一致",
        "source_density": 0.0,
        "source_mean": 0.0,
        "density_rank": null,
        "interpreter_a_judgment": "○",
        "interpreter_b_judgment": "○",
        "interpreter_a_type": "R",
        "interpreter_b_type": "R",
        "interpreter_a_note": null,
        "interpreter_b_note": null,
        "interpreter_a_needs_check": null,
        "interpreter_b_needs_check": null,
        "experiment_id": "window-a-2019-2025-frozen"
      }
    },
    {
      "type": "Feature",
      "id": 293,
      "geometry": {
        "type": "Polygon",
        "coordinates": [
          [
            [
              139.66332301,
              35.66008623
            ],
            [
              139.66377217,
              35.66008623
            ],
            [
              139.66377217,
              35.66045117
            ],
            [
              139.66332301,
              35.66045117
            ],
            [
              139.66332301,
              35.66008623
            ]
          ]
        ]
      },
      "properties": {
        "mesh_id": 293,
        "source_feature_id": "310945,85079",
        "evaluation_class": "NOT_EVALUATED",
        "ground_truth": null,
        "detected": false,
        "review_status": "NOT_REVIEWED",
        "change_type": null,
        "source_change_type": null,
        "type_basis": null,
        "source_density": 0.0,
        "source_mean": 0.0,
        "density_rank": null,
        "interpreter_a_judgment": null,
        "interpreter_b_judgment": null,
        "interpreter_a_type": null,
        "interpreter_b_type": null,
        "interpreter_a_note": null,
        "interpreter_b_note": null,
        "interpreter_a_needs_check": null,
        "interpreter_b_needs_check": null,
        "experiment_id": "window-a-2019-2025-frozen"
      }
    },
    {
      "type": "Feature",
      "id": 294,
      "geometry": {
        "type": "Polygon",
        "coordinates": [
          [
            [
              139.66377217,
              35.66008623
            ],
            [
              139.66422133,
              35.66008623
            ],
            [
              139.66422133,
              35.66045117
            ],
            [
              139.66377217,
              35.66045117
            ],
            [
              139.66377217,
              35.66008623
            ]
          ]
        ]
      },
      "properties": {
        "mesh_id": 294,
        "source_feature_id": "310946,85079",
        "evaluation_class": "NOT_EVALUATED",
        "ground_truth": null,
        "detected": false,
        "review_status": "NOT_REVIEWED",
        "change_type": null,
        "source_change_type": null,
        "type_basis": null,
        "source_density": 0.0,
        "source_mean": 0.0,
        "density_rank": null,
        "interpreter_a_judgment": null,
        "interpreter_b_judgment": null,
        "interpreter_a_type": null,
        "interpreter_b_type": null,
        "interpreter_a_note": null,
        "interpreter_b_note": null,
        "interpreter_a_needs_check": null,
        "interpreter_b_needs_check": null,
        "experiment_id": "window-a-2019-2025-frozen"
      }
    },
    {
      "type": "Feature",
      "id": 295,
      "geometry": {
        "type": "Polygon",
        "coordinates": [
          [
            [
              139.66422133,
              35.66008623
            ],
            [
              139.66467048,
              35.66008623
            ],
            [
              139.66467048,
              35.66045117
            ],
            [
              139.66422133,
              35.66045117
            ],
            [
              139.66422133,
              35.66008623
            ]
          ]
        ]
      },
      "properties": {
        "mesh_id": 295,
        "source_feature_id": "310947,85079",
        "evaluation_class": "NOT_EVALUATED",
        "ground_truth": null,
        "detected": false,
        "review_status": "NOT_REVIEWED",
        "change_type": null,
        "source_change_type": null,
        "type_basis": null,
        "source_density": 0.0,
        "source_mean": 0.0,
        "density_rank": null,
        "interpreter_a_judgment": null,
        "interpreter_b_judgment": null,
        "interpreter_a_type": null,
        "interpreter_b_type": null,
        "interpreter_a_note": null,
        "interpreter_b_note": null,
        "interpreter_a_needs_check": null,
        "interpreter_b_needs_check": null,
        "experiment_id": "window-a-2019-2025-frozen"
      }
    },
    {
      "type": "Feature",
      "id": 296,
      "geometry": {
        "type": "Polygon",
        "coordinates": [
          [
            [
              139.66467048,
              35.66008623
            ],
            [
              139.66511964,
              35.66008623
            ],
            [
              139.66511964,
              35.66045117
            ],
            [
              139.66467048,
              35.66045117
            ],
            [
              139.66467048,
              35.66008623
            ]
          ]
        ]
      },
      "properties": {
        "mesh_id": 296,
        "source_feature_id": "310948,85079",
        "evaluation_class": "NOT_EVALUATED",
        "ground_truth": null,
        "detected": false,
        "review_status": "NOT_REVIEWED",
        "change_type": null,
        "source_change_type": null,
        "type_basis": null,
        "source_density": 0.0,
        "source_mean": 0.0,
        "density_rank": null,
        "interpreter_a_judgment": null,
        "interpreter_b_judgment": null,
        "interpreter_a_type": null,
        "interpreter_b_type": null,
        "interpreter_a_note": null,
        "interpreter_b_note": null,
        "interpreter_a_needs_check": null,
        "interpreter_b_needs_check": null,
        "experiment_id": "window-a-2019-2025-frozen"
      }
    },
    {
      "type": "Feature",
      "id": 297,
      "geometry": {
        "type": "Polygon",
        "coordinates": [
          [
            [
              139.66511964,
              35.66008623
            ],
            [
              139.6655688,
              35.66008623
            ],
            [
              139.6655688,
              35.66045117
            ],
            [
              139.66511964,
              35.66045117
            ],
            [
              139.66511964,
              35.66008623
            ]
          ]
        ]
      },
      "properties": {
        "mesh_id": 297,
        "source_feature_id": "310949,85079",
        "evaluation_class": "NOT_EVALUATED",
        "ground_truth": null,
        "detected": false,
        "review_status": "NOT_REVIEWED",
        "change_type": null,
        "source_change_type": null,
        "type_basis": null,
        "source_density": 0.0,
        "source_mean": 0.0,
        "density_rank": null,
        "interpreter_a_judgment": null,
        "interpreter_b_judgment": null,
        "interpreter_a_type": null,
        "interpreter_b_type": null,
        "interpreter_a_note": null,
        "interpreter_b_note": null,
        "interpreter_a_needs_check": null,
        "interpreter_b_needs_check": null,
        "experiment_id": "window-a-2019-2025-frozen"
      }
    },
    {
      "type": "Feature",
      "id": 298,
      "geometry": {
        "type": "Polygon",
        "coordinates": [
          [
            [
              139.6655688,
              35.66008623
            ],
            [
              139.66601796,
              35.66008623
            ],
            [
              139.66601796,
              35.66045117
            ],
            [
              139.6655688,
              35.66045117
            ],
            [
              139.6655688,
              35.66008623
            ]
          ]
        ]
      },
      "properties": {
        "mesh_id": 298,
        "source_feature_id": "310950,85079",
        "evaluation_class": "NOT_EVALUATED",
        "ground_truth": null,
        "detected": false,
        "review_status": "NOT_REVIEWED",
        "change_type": null,
        "source_change_type": null,
        "type_basis": null,
        "source_density": 0.0,
        "source_mean": 0.0,
        "density_rank": null,
        "interpreter_a_judgment": null,
        "interpreter_b_judgment": null,
        "interpreter_a_type": null,
        "interpreter_b_type": null,
        "interpreter_a_note": null,
        "interpreter_b_note": null,
        "interpreter_a_needs_check": null,
        "interpreter_b_needs_check": null,
        "experiment_id": "window-a-2019-2025-frozen"
      }
    },
    {
      "type": "Feature",
      "id": 299,
      "geometry": {
        "type": "Polygon",
        "coordinates": [
          [
            [
              139.66601796,
              35.66008623
            ],
            [
              139.66646711,
              35.66008623
            ],
            [
              139.66646711,
              35.66045117
            ],
            [
              139.66601796,
              35.66045117
            ],
            [
              139.66601796,
              35.66008623
            ]
          ]
        ]
      },
      "properties": {
        "mesh_id": 299,
        "source_feature_id": "310951,85079",
        "evaluation_class": "NOT_EVALUATED",
        "ground_truth": null,
        "detected": false,
        "review_status": "NOT_REVIEWED",
        "change_type": null,
        "source_change_type": null,
        "type_basis": null,
        "source_density": 0.0,
        "source_mean": 0.0,
        "density_rank": null,
        "interpreter_a_judgment": null,
        "interpreter_b_judgment": null,
        "interpreter_a_type": null,
        "interpreter_b_type": null,
        "interpreter_a_note": null,
        "interpreter_b_note": null,
        "interpreter_a_needs_check": null,
        "interpreter_b_needs_check": null,
        "experiment_id": "window-a-2019-2025-frozen"
      }
    },
    {
      "type": "Feature",
      "id": 300,
      "geometry": {
        "type": "Polygon",
        "coordinates": [
          [
            [
              139.66646711,
              35.66008623
            ],
            [
              139.66691627,
              35.66008623
            ],
            [
              139.66691627,
              35.66045117
            ],
            [
              139.66646711,
              35.66045117
            ],
            [
              139.66646711,
              35.66008623
            ]
          ]
        ]
      },
      "properties": {
        "mesh_id": 300,
        "source_feature_id": "310952,85079",
        "evaluation_class": "NOT_EVALUATED",
        "ground_truth": null,
        "detected": false,
        "review_status": "NOT_REVIEWED",
        "change_type": null,
        "source_change_type": null,
        "type_basis": null,
        "source_density": 0.0,
        "source_mean": 0.0,
        "density_rank": null,
        "interpreter_a_judgment": null,
        "interpreter_b_judgment": null,
        "interpreter_a_type": null,
        "interpreter_b_type": null,
        "interpreter_a_note": null,
        "interpreter_b_note": null,
        "interpreter_a_needs_check": null,
        "interpreter_b_needs_check": null,
        "experiment_id": "window-a-2019-2025-frozen"
      }
    },
    {
      "type": "Feature",
      "id": 301,
      "geometry": {
        "type": "Polygon",
        "coordinates": [
          [
            [
              139.66691627,
              35.66008623
            ],
            [
              139.66736543,
              35.66008623
            ],
            [
              139.66736543,
              35.66045117
            ],
            [
              139.66691627,
              35.66045117
            ],
            [
              139.66691627,
              35.66008623
            ]
          ]
        ]
      },
      "properties": {
        "mesh_id": 301,
        "source_feature_id": "310953,85079",
        "evaluation_class": "NOT_EVALUATED",
        "ground_truth": null,
        "detected": false,
        "review_status": "NOT_REVIEWED",
        "change_type": null,
        "source_change_type": null,
        "type_basis": null,
        "source_density": 0.0,
        "source_mean": 0.0,
        "density_rank": null,
        "interpreter_a_judgment": null,
        "interpreter_b_judgment": null,
        "interpreter_a_type": null,
        "interpreter_b_type": null,
        "interpreter_a_note": null,
        "interpreter_b_note": null,
        "interpreter_a_needs_check": null,
        "interpreter_b_needs_check": null,
        "experiment_id": "window-a-2019-2025-frozen"
      }
    },
    {
      "type": "Feature",
      "id": 302,
      "geometry": {
        "type": "Polygon",
        "coordinates": [
          [
            [
              139.66736543,
              35.66008623
            ],
            [
              139.66781459,
              35.66008623
            ],
            [
              139.66781459,
              35.66045117
            ],
            [
              139.66736543,
              35.66045117
            ],
            [
              139.66736543,
              35.66008623
            ]
          ]
        ]
      },
      "properties": {
        "mesh_id": 302,
        "source_feature_id": "310954,85079",
        "evaluation_class": "NOT_EVALUATED",
        "ground_truth": null,
        "detected": false,
        "review_status": "NOT_REVIEWED",
        "change_type": null,
        "source_change_type": null,
        "type_basis": null,
        "source_density": 0.0,
        "source_mean": 0.0,
        "density_rank": null,
        "interpreter_a_judgment": null,
        "interpreter_b_judgment": null,
        "interpreter_a_type": null,
        "interpreter_b_type": null,
        "interpreter_a_note": null,
        "interpreter_b_note": null,
        "interpreter_a_needs_check": null,
        "interpreter_b_needs_check": null,
        "experiment_id": "window-a-2019-2025-frozen"
      }
    },
    {
      "type": "Feature",
      "id": 303,
      "geometry": {
        "type": "Polygon",
        "coordinates": [
          [
            [
              139.66781459,
              35.66008623
            ],
            [
              139.66826374,
              35.66008623
            ],
            [
              139.66826374,
              35.66045117
            ],
            [
              139.66781459,
              35.66045117
            ],
            [
              139.66781459,
              35.66008623
            ]
          ]
        ]
      },
      "properties": {
        "mesh_id": 303,
        "source_feature_id": "310955,85079",
        "evaluation_class": "NOT_EVALUATED",
        "ground_truth": null,
        "detected": false,
        "review_status": "DISAGREED",
        "change_type": null,
        "source_change_type": null,
        "type_basis": null,
        "source_density": 0.0,
        "source_mean": 0.0,
        "density_rank": null,
        "interpreter_a_judgment": "×",
        "interpreter_b_judgment": "△",
        "interpreter_a_type": null,
        "interpreter_b_type": null,
        "interpreter_a_note": null,
        "interpreter_b_note": "屋根の色",
        "interpreter_a_needs_check": null,
        "interpreter_b_needs_check": null,
        "experiment_id": "window-a-2019-2025-frozen"
      }
    },
    {
      "type": "Feature",
      "id": 304,
      "geometry": {
        "type": "Polygon",
        "coordinates": [
          [
            [
              139.66826374,
              35.66008623
            ],
            [
              139.6687129,
              35.66008623
            ],
            [
              139.6687129,
              35.66045117
            ],
            [
              139.66826374,
              35.66045117
            ],
            [
              139.66826374,
              35.66008623
            ]
          ]
        ]
      },
      "properties": {
        "mesh_id": 304,
        "source_feature_id": "310956,85079",
        "evaluation_class": "NOT_EVALUATED",
        "ground_truth": null,
        "detected": false,
        "review_status": "NOT_REVIEWED",
        "change_type": null,
        "source_change_type": null,
        "type_basis": null,
        "source_density": 0.0,
        "source_mean": 0.0,
        "density_rank": null,
        "interpreter_a_judgment": null,
        "interpreter_b_judgment": null,
        "interpreter_a_type": null,
        "interpreter_b_type": null,
        "interpreter_a_note": null,
        "interpreter_b_note": null,
        "interpreter_a_needs_check": null,
        "interpreter_b_needs_check": null,
        "experiment_id": "window-a-2019-2025-frozen"
      }
    },
    {
      "type": "Feature",
      "id": 305,
      "geometry": {
        "type": "Polygon",
        "coordinates": [
          [
            [
              139.6687129,
              35.66008623
            ],
            [
              139.66916206,
              35.66008623
            ],
            [
              139.66916206,
              35.66045117
            ],
            [
              139.6687129,
              35.66045117
            ],
            [
              139.6687129,
              35.66008623
            ]
          ]
        ]
      },
      "properties": {
        "mesh_id": 305,
        "source_feature_id": "310957,85079",
        "evaluation_class": "NOT_EVALUATED",
        "ground_truth": null,
        "detected": false,
        "review_status": "NOT_REVIEWED",
        "change_type": null,
        "source_change_type": null,
        "type_basis": null,
        "source_density": 0.0,
        "source_mean": 0.0,
        "density_rank": null,
        "interpreter_a_judgment": null,
        "interpreter_b_judgment": null,
        "interpreter_a_type": null,
        "interpreter_b_type": null,
        "interpreter_a_note": null,
        "interpreter_b_note": null,
        "interpreter_a_needs_check": null,
        "interpreter_b_needs_check": null,
        "experiment_id": "window-a-2019-2025-frozen"
      }
    },
    {
      "type": "Feature",
      "id": 306,
      "geometry": {
        "type": "Polygon",
        "coordinates": [
          [
            [
              139.66916206,
              35.66008623
            ],
            [
              139.66961122,
              35.66008623
            ],
            [
              139.66961122,
              35.66045117
            ],
            [
              139.66916206,
              35.66045117
            ],
            [
              139.66916206,
              35.66008623
            ]
          ]
        ]
      },
      "properties": {
        "mesh_id": 306,
        "source_feature_id": "310958,85079",
        "evaluation_class": "NOT_EVALUATED",
        "ground_truth": null,
        "detected": false,
        "review_status": "NOT_REVIEWED",
        "change_type": null,
        "source_change_type": null,
        "type_basis": null,
        "source_density": 0.0,
        "source_mean": 0.0,
        "density_rank": null,
        "interpreter_a_judgment": null,
        "interpreter_b_judgment": null,
        "interpreter_a_type": null,
        "interpreter_b_type": null,
        "interpreter_a_note": null,
        "interpreter_b_note": null,
        "interpreter_a_needs_check": null,
        "interpreter_b_needs_check": null,
        "experiment_id": "window-a-2019-2025-frozen"
      }
    },
    {
      "type": "Feature",
      "id": 307,
      "geometry": {
        "type": "Polygon",
        "coordinates": [
          [
            [
              139.66961122,
              35.66008623
            ],
            [
              139.67006037,
              35.66008623
            ],
            [
              139.67006037,
              35.66045117
            ],
            [
              139.66961122,
              35.66045117
            ],
            [
              139.66961122,
              35.66008623
            ]
          ]
        ]
      },
      "properties": {
        "mesh_id": 307,
        "source_feature_id": "310959,85079",
        "evaluation_class": "NOT_EVALUATED",
        "ground_truth": null,
        "detected": false,
        "review_status": "NOT_REVIEWED",
        "change_type": null,
        "source_change_type": null,
        "type_basis": null,
        "source_density": 0.0,
        "source_mean": 0.0,
        "density_rank": null,
        "interpreter_a_judgment": null,
        "interpreter_b_judgment": null,
        "interpreter_a_type": null,
        "interpreter_b_type": null,
        "interpreter_a_note": null,
        "interpreter_b_note": null,
        "interpreter_a_needs_check": null,
        "interpreter_b_needs_check": null,
        "experiment_id": "window-a-2019-2025-frozen"
      }
    },
    {
      "type": "Feature",
      "id": 308,
      "geometry": {
        "type": "Polygon",
        "coordinates": [
          [
            [
              139.67006037,
              35.66008623
            ],
            [
              139.67050953,
              35.66008623
            ],
            [
              139.67050953,
              35.66045117
            ],
            [
              139.67006037,
              35.66045117
            ],
            [
              139.67006037,
              35.66008623
            ]
          ]
        ]
      },
      "properties": {
        "mesh_id": 308,
        "source_feature_id": "310960,85079",
        "evaluation_class": "NOT_EVALUATED",
        "ground_truth": null,
        "detected": false,
        "review_status": "NOT_REVIEWED",
        "change_type": null,
        "source_change_type": null,
        "type_basis": null,
        "source_density": 0.0,
        "source_mean": 0.0,
        "density_rank": null,
        "interpreter_a_judgment": null,
        "interpreter_b_judgment": null,
        "interpreter_a_type": null,
        "interpreter_b_type": null,
        "interpreter_a_note": null,
        "interpreter_b_note": null,
        "interpreter_a_needs_check": null,
        "interpreter_b_needs_check": null,
        "experiment_id": "window-a-2019-2025-frozen"
      }
    },
    {
      "type": "Feature",
      "id": 309,
      "geometry": {
        "type": "Polygon",
        "coordinates": [
          [
            [
              139.67050953,
              35.66008623
            ],
            [
              139.67095869,
              35.66008623
            ],
            [
              139.67095869,
              35.66045117
            ],
            [
              139.67050953,
              35.66045117
            ],
            [
              139.67050953,
              35.66008623
            ]
          ]
        ]
      },
      "properties": {
        "mesh_id": 309,
        "source_feature_id": "310961,85079",
        "evaluation_class": "FN",
        "ground_truth": "CHANGE",
        "detected": false,
        "review_status": "AGREED",
        "change_type": "REBUILDING",
        "source_change_type": "R",
        "type_basis": "文字列完全一致",
        "source_density": 0.0,
        "source_mean": 0.0,
        "density_rank": null,
        "interpreter_a_judgment": "○",
        "interpreter_b_judgment": "○",
        "interpreter_a_type": "R",
        "interpreter_b_type": "R",
        "interpreter_a_note": null,
        "interpreter_b_note": null,
        "interpreter_a_needs_check": null,
        "interpreter_b_needs_check": null,
        "experiment_id": "window-a-2019-2025-frozen"
      }
    },
    {
      "type": "Feature",
      "id": 310,
      "geometry": {
        "type": "Polygon",
        "coordinates": [
          [
            [
              139.67095869,
              35.66008623
            ],
            [
              139.67140785,
              35.66008623
            ],
            [
              139.67140785,
              35.66045117
            ],
            [
              139.67095869,
              35.66045117
            ],
            [
              139.67095869,
              35.66008623
            ]
          ]
        ]
      },
      "properties": {
        "mesh_id": 310,
        "source_feature_id": "310962,85079",
        "evaluation_class": "NOT_EVALUATED",
        "ground_truth": null,
        "detected": false,
        "review_status": "NOT_REVIEWED",
        "change_type": null,
        "source_change_type": null,
        "type_basis": null,
        "source_density": 0.0,
        "source_mean": 0.0,
        "density_rank": null,
        "interpreter_a_judgment": null,
        "interpreter_b_judgment": null,
        "interpreter_a_type": null,
        "interpreter_b_type": null,
        "interpreter_a_note": null,
        "interpreter_b_note": null,
        "interpreter_a_needs_check": null,
        "interpreter_b_needs_check": null,
        "experiment_id": "window-a-2019-2025-frozen"
      }
    },
    {
      "type": "Feature",
      "id": 311,
      "geometry": {
        "type": "Polygon",
        "coordinates": [
          [
            [
              139.67140785,
              35.66008623
            ],
            [
              139.67185701,
              35.66008623
            ],
            [
              139.67185701,
              35.66045117
            ],
            [
              139.67140785,
              35.66045117
            ],
            [
              139.67140785,
              35.66008623
            ]
          ]
        ]
      },
      "properties": {
        "mesh_id": 311,
        "source_feature_id": "310963,85079",
        "evaluation_class": "NOT_EVALUATED",
        "ground_truth": null,
        "detected": false,
        "review_status": "NOT_REVIEWED",
        "change_type": null,
        "source_change_type": null,
        "type_basis": null,
        "source_density": 0.0,
        "source_mean": 0.0,
        "density_rank": null,
        "interpreter_a_judgment": null,
        "interpreter_b_judgment": null,
        "interpreter_a_type": null,
        "interpreter_b_type": null,
        "interpreter_a_note": null,
        "interpreter_b_note": null,
        "interpreter_a_needs_check": null,
        "interpreter_b_needs_check": null,
        "experiment_id": "window-a-2019-2025-frozen"
      }
    },
    {
      "type": "Feature",
      "id": 312,
      "geometry": {
        "type": "Polygon",
        "coordinates": [
          [
            [
              139.66017891,
              35.66045117
            ],
            [
              139.66062806,
              35.66045117
            ],
            [
              139.66062806,
              35.6608161
            ],
            [
              139.66017891,
              35.6608161
            ],
            [
              139.66017891,
              35.66045117
            ]
          ]
        ]
      },
      "properties": {
        "mesh_id": 312,
        "source_feature_id": "310938,85080",
        "evaluation_class": "NOT_EVALUATED",
        "ground_truth": null,
        "detected": false,
        "review_status": "NOT_REVIEWED",
        "change_type": null,
        "source_change_type": null,
        "type_basis": null,
        "source_density": 0.0,
        "source_mean": 0.0,
        "density_rank": null,
        "interpreter_a_judgment": null,
        "interpreter_b_judgment": null,
        "interpreter_a_type": null,
        "interpreter_b_type": null,
        "interpreter_a_note": null,
        "interpreter_b_note": null,
        "interpreter_a_needs_check": null,
        "interpreter_b_needs_check": null,
        "experiment_id": "window-a-2019-2025-frozen"
      }
    },
    {
      "type": "Feature",
      "id": 313,
      "geometry": {
        "type": "Polygon",
        "coordinates": [
          [
            [
              139.66062806,
              35.66045117
            ],
            [
              139.66107722,
              35.66045117
            ],
            [
              139.66107722,
              35.6608161
            ],
            [
              139.66062806,
              35.6608161
            ],
            [
              139.66062806,
              35.66045117
            ]
          ]
        ]
      },
      "properties": {
        "mesh_id": 313,
        "source_feature_id": "310939,85080",
        "evaluation_class": "NOT_EVALUATED",
        "ground_truth": null,
        "detected": false,
        "review_status": "NOT_REVIEWED",
        "change_type": null,
        "source_change_type": null,
        "type_basis": null,
        "source_density": 0.0,
        "source_mean": 0.0,
        "density_rank": null,
        "interpreter_a_judgment": null,
        "interpreter_b_judgment": null,
        "interpreter_a_type": null,
        "interpreter_b_type": null,
        "interpreter_a_note": null,
        "interpreter_b_note": null,
        "interpreter_a_needs_check": null,
        "interpreter_b_needs_check": null,
        "experiment_id": "window-a-2019-2025-frozen"
      }
    },
    {
      "type": "Feature",
      "id": 314,
      "geometry": {
        "type": "Polygon",
        "coordinates": [
          [
            [
              139.66107722,
              35.66045117
            ],
            [
              139.66152638,
              35.66045117
            ],
            [
              139.66152638,
              35.6608161
            ],
            [
              139.66107722,
              35.6608161
            ],
            [
              139.66107722,
              35.66045117
            ]
          ]
        ]
      },
      "properties": {
        "mesh_id": 314,
        "source_feature_id": "310940,85080",
        "evaluation_class": "NOT_EVALUATED",
        "ground_truth": null,
        "detected": false,
        "review_status": "NOT_REVIEWED",
        "change_type": null,
        "source_change_type": null,
        "type_basis": null,
        "source_density": 0.0,
        "source_mean": 0.0,
        "density_rank": null,
        "interpreter_a_judgment": null,
        "interpreter_b_judgment": null,
        "interpreter_a_type": null,
        "interpreter_b_type": null,
        "interpreter_a_note": null,
        "interpreter_b_note": null,
        "interpreter_a_needs_check": null,
        "interpreter_b_needs_check": null,
        "experiment_id": "window-a-2019-2025-frozen"
      }
    },
    {
      "type": "Feature",
      "id": 315,
      "geometry": {
        "type": "Polygon",
        "coordinates": [
          [
            [
              139.66152638,
              35.66045117
            ],
            [
              139.66197554,
              35.66045117
            ],
            [
              139.66197554,
              35.6608161
            ],
            [
              139.66152638,
              35.6608161
            ],
            [
              139.66152638,
              35.66045117
            ]
          ]
        ]
      },
      "properties": {
        "mesh_id": 315,
        "source_feature_id": "310941,85080",
        "evaluation_class": "NOT_EVALUATED",
        "ground_truth": null,
        "detected": false,
        "review_status": "NOT_REVIEWED",
        "change_type": null,
        "source_change_type": null,
        "type_basis": null,
        "source_density": 0.0,
        "source_mean": 0.0,
        "density_rank": null,
        "interpreter_a_judgment": null,
        "interpreter_b_judgment": null,
        "interpreter_a_type": null,
        "interpreter_b_type": null,
        "interpreter_a_note": null,
        "interpreter_b_note": null,
        "interpreter_a_needs_check": null,
        "interpreter_b_needs_check": null,
        "experiment_id": "window-a-2019-2025-frozen"
      }
    },
    {
      "type": "Feature",
      "id": 316,
      "geometry": {
        "type": "Polygon",
        "coordinates": [
          [
            [
              139.66197554,
              35.66045117
            ],
            [
              139.66242469,
              35.66045117
            ],
            [
              139.66242469,
              35.6608161
            ],
            [
              139.66197554,
              35.6608161
            ],
            [
              139.66197554,
              35.66045117
            ]
          ]
        ]
      },
      "properties": {
        "mesh_id": 316,
        "source_feature_id": "310942,85080",
        "evaluation_class": "NOT_EVALUATED",
        "ground_truth": null,
        "detected": false,
        "review_status": "NOT_REVIEWED",
        "change_type": null,
        "source_change_type": null,
        "type_basis": null,
        "source_density": 0.0,
        "source_mean": 0.0,
        "density_rank": null,
        "interpreter_a_judgment": null,
        "interpreter_b_judgment": null,
        "interpreter_a_type": null,
        "interpreter_b_type": null,
        "interpreter_a_note": null,
        "interpreter_b_note": null,
        "interpreter_a_needs_check": null,
        "interpreter_b_needs_check": null,
        "experiment_id": "window-a-2019-2025-frozen"
      }
    },
    {
      "type": "Feature",
      "id": 317,
      "geometry": {
        "type": "Polygon",
        "coordinates": [
          [
            [
              139.66242469,
              35.66045117
            ],
            [
              139.66287385,
              35.66045117
            ],
            [
              139.66287385,
              35.6608161
            ],
            [
              139.66242469,
              35.6608161
            ],
            [
              139.66242469,
              35.66045117
            ]
          ]
        ]
      },
      "properties": {
        "mesh_id": 317,
        "source_feature_id": "310943,85080",
        "evaluation_class": "NOT_EVALUATED",
        "ground_truth": null,
        "detected": false,
        "review_status": "NOT_REVIEWED",
        "change_type": null,
        "source_change_type": null,
        "type_basis": null,
        "source_density": 0.0,
        "source_mean": 0.0,
        "density_rank": null,
        "interpreter_a_judgment": null,
        "interpreter_b_judgment": null,
        "interpreter_a_type": null,
        "interpreter_b_type": null,
        "interpreter_a_note": null,
        "interpreter_b_note": null,
        "interpreter_a_needs_check": null,
        "interpreter_b_needs_check": null,
        "experiment_id": "window-a-2019-2025-frozen"
      }
    },
    {
      "type": "Feature",
      "id": 318,
      "geometry": {
        "type": "Polygon",
        "coordinates": [
          [
            [
              139.66287385,
              35.66045117
            ],
            [
              139.66332301,
              35.66045117
            ],
            [
              139.66332301,
              35.6608161
            ],
            [
              139.66287385,
              35.6608161
            ],
            [
              139.66287385,
              35.66045117
            ]
          ]
        ]
      },
      "properties": {
        "mesh_id": 318,
        "source_feature_id": "310944,85080",
        "evaluation_class": "NOT_EVALUATED",
        "ground_truth": null,
        "detected": false,
        "review_status": "NOT_REVIEWED",
        "change_type": null,
        "source_change_type": null,
        "type_basis": null,
        "source_density": 0.0,
        "source_mean": 0.0,
        "density_rank": null,
        "interpreter_a_judgment": null,
        "interpreter_b_judgment": null,
        "interpreter_a_type": null,
        "interpreter_b_type": null,
        "interpreter_a_note": null,
        "interpreter_b_note": null,
        "interpreter_a_needs_check": null,
        "interpreter_b_needs_check": null,
        "experiment_id": "window-a-2019-2025-frozen"
      }
    },
    {
      "type": "Feature",
      "id": 319,
      "geometry": {
        "type": "Polygon",
        "coordinates": [
          [
            [
              139.66332301,
              35.66045117
            ],
            [
              139.66377217,
              35.66045117
            ],
            [
              139.66377217,
              35.6608161
            ],
            [
              139.66332301,
              35.6608161
            ],
            [
              139.66332301,
              35.66045117
            ]
          ]
        ]
      },
      "properties": {
        "mesh_id": 319,
        "source_feature_id": "310945,85080",
        "evaluation_class": "NOT_EVALUATED",
        "ground_truth": null,
        "detected": false,
        "review_status": "NOT_REVIEWED",
        "change_type": null,
        "source_change_type": null,
        "type_basis": null,
        "source_density": 0.0,
        "source_mean": 0.0,
        "density_rank": null,
        "interpreter_a_judgment": null,
        "interpreter_b_judgment": null,
        "interpreter_a_type": null,
        "interpreter_b_type": null,
        "interpreter_a_note": null,
        "interpreter_b_note": null,
        "interpreter_a_needs_check": null,
        "interpreter_b_needs_check": null,
        "experiment_id": "window-a-2019-2025-frozen"
      }
    },
    {
      "type": "Feature",
      "id": 320,
      "geometry": {
        "type": "Polygon",
        "coordinates": [
          [
            [
              139.66377217,
              35.66045117
            ],
            [
              139.66422133,
              35.66045117
            ],
            [
              139.66422133,
              35.6608161
            ],
            [
              139.66377217,
              35.6608161
            ],
            [
              139.66377217,
              35.66045117
            ]
          ]
        ]
      },
      "properties": {
        "mesh_id": 320,
        "source_feature_id": "310946,85080",
        "evaluation_class": "NOT_EVALUATED",
        "ground_truth": null,
        "detected": false,
        "review_status": "NOT_REVIEWED",
        "change_type": null,
        "source_change_type": null,
        "type_basis": null,
        "source_density": 0.0,
        "source_mean": 0.0,
        "density_rank": null,
        "interpreter_a_judgment": null,
        "interpreter_b_judgment": null,
        "interpreter_a_type": null,
        "interpreter_b_type": null,
        "interpreter_a_note": null,
        "interpreter_b_note": null,
        "interpreter_a_needs_check": null,
        "interpreter_b_needs_check": null,
        "experiment_id": "window-a-2019-2025-frozen"
      }
    },
    {
      "type": "Feature",
      "id": 321,
      "geometry": {
        "type": "Polygon",
        "coordinates": [
          [
            [
              139.66422133,
              35.66045117
            ],
            [
              139.66467048,
              35.66045117
            ],
            [
              139.66467048,
              35.6608161
            ],
            [
              139.66422133,
              35.6608161
            ],
            [
              139.66422133,
              35.66045117
            ]
          ]
        ]
      },
      "properties": {
        "mesh_id": 321,
        "source_feature_id": "310947,85080",
        "evaluation_class": "NOT_EVALUATED",
        "ground_truth": null,
        "detected": false,
        "review_status": "NOT_REVIEWED",
        "change_type": null,
        "source_change_type": null,
        "type_basis": null,
        "source_density": 0.0,
        "source_mean": 0.0,
        "density_rank": null,
        "interpreter_a_judgment": null,
        "interpreter_b_judgment": null,
        "interpreter_a_type": null,
        "interpreter_b_type": null,
        "interpreter_a_note": null,
        "interpreter_b_note": null,
        "interpreter_a_needs_check": null,
        "interpreter_b_needs_check": null,
        "experiment_id": "window-a-2019-2025-frozen"
      }
    },
    {
      "type": "Feature",
      "id": 322,
      "geometry": {
        "type": "Polygon",
        "coordinates": [
          [
            [
              139.66467048,
              35.66045117
            ],
            [
              139.66511964,
              35.66045117
            ],
            [
              139.66511964,
              35.6608161
            ],
            [
              139.66467048,
              35.6608161
            ],
            [
              139.66467048,
              35.66045117
            ]
          ]
        ]
      },
      "properties": {
        "mesh_id": 322,
        "source_feature_id": "310948,85080",
        "evaluation_class": "NOT_EVALUATED",
        "ground_truth": null,
        "detected": false,
        "review_status": "NOT_REVIEWED",
        "change_type": null,
        "source_change_type": null,
        "type_basis": null,
        "source_density": 0.0,
        "source_mean": 0.0,
        "density_rank": null,
        "interpreter_a_judgment": null,
        "interpreter_b_judgment": null,
        "interpreter_a_type": null,
        "interpreter_b_type": null,
        "interpreter_a_note": null,
        "interpreter_b_note": null,
        "interpreter_a_needs_check": null,
        "interpreter_b_needs_check": null,
        "experiment_id": "window-a-2019-2025-frozen"
      }
    },
    {
      "type": "Feature",
      "id": 323,
      "geometry": {
        "type": "Polygon",
        "coordinates": [
          [
            [
              139.66511964,
              35.66045117
            ],
            [
              139.6655688,
              35.66045117
            ],
            [
              139.6655688,
              35.6608161
            ],
            [
              139.66511964,
              35.6608161
            ],
            [
              139.66511964,
              35.66045117
            ]
          ]
        ]
      },
      "properties": {
        "mesh_id": 323,
        "source_feature_id": "310949,85080",
        "evaluation_class": "NOT_EVALUATED",
        "ground_truth": null,
        "detected": false,
        "review_status": "NOT_REVIEWED",
        "change_type": null,
        "source_change_type": null,
        "type_basis": null,
        "source_density": 0.0,
        "source_mean": 0.0,
        "density_rank": null,
        "interpreter_a_judgment": null,
        "interpreter_b_judgment": null,
        "interpreter_a_type": null,
        "interpreter_b_type": null,
        "interpreter_a_note": null,
        "interpreter_b_note": null,
        "interpreter_a_needs_check": null,
        "interpreter_b_needs_check": null,
        "experiment_id": "window-a-2019-2025-frozen"
      }
    },
    {
      "type": "Feature",
      "id": 324,
      "geometry": {
        "type": "Polygon",
        "coordinates": [
          [
            [
              139.6655688,
              35.66045117
            ],
            [
              139.66601796,
              35.66045117
            ],
            [
              139.66601796,
              35.6608161
            ],
            [
              139.6655688,
              35.6608161
            ],
            [
              139.6655688,
              35.66045117
            ]
          ]
        ]
      },
      "properties": {
        "mesh_id": 324,
        "source_feature_id": "310950,85080",
        "evaluation_class": "NOT_EVALUATED",
        "ground_truth": null,
        "detected": false,
        "review_status": "NOT_REVIEWED",
        "change_type": null,
        "source_change_type": null,
        "type_basis": null,
        "source_density": 0.0,
        "source_mean": 0.0,
        "density_rank": null,
        "interpreter_a_judgment": null,
        "interpreter_b_judgment": null,
        "interpreter_a_type": null,
        "interpreter_b_type": null,
        "interpreter_a_note": null,
        "interpreter_b_note": null,
        "interpreter_a_needs_check": null,
        "interpreter_b_needs_check": null,
        "experiment_id": "window-a-2019-2025-frozen"
      }
    },
    {
      "type": "Feature",
      "id": 325,
      "geometry": {
        "type": "Polygon",
        "coordinates": [
          [
            [
              139.66601796,
              35.66045117
            ],
            [
              139.66646711,
              35.66045117
            ],
            [
              139.66646711,
              35.6608161
            ],
            [
              139.66601796,
              35.6608161
            ],
            [
              139.66601796,
              35.66045117
            ]
          ]
        ]
      },
      "properties": {
        "mesh_id": 325,
        "source_feature_id": "310951,85080",
        "evaluation_class": "NOT_EVALUATED",
        "ground_truth": null,
        "detected": false,
        "review_status": "NOT_REVIEWED",
        "change_type": null,
        "source_change_type": null,
        "type_basis": null,
        "source_density": 0.0,
        "source_mean": 0.0,
        "density_rank": null,
        "interpreter_a_judgment": null,
        "interpreter_b_judgment": null,
        "interpreter_a_type": null,
        "interpreter_b_type": null,
        "interpreter_a_note": null,
        "interpreter_b_note": null,
        "interpreter_a_needs_check": null,
        "interpreter_b_needs_check": null,
        "experiment_id": "window-a-2019-2025-frozen"
      }
    },
    {
      "type": "Feature",
      "id": 326,
      "geometry": {
        "type": "Polygon",
        "coordinates": [
          [
            [
              139.66646711,
              35.66045117
            ],
            [
              139.66691627,
              35.66045117
            ],
            [
              139.66691627,
              35.6608161
            ],
            [
              139.66646711,
              35.6608161
            ],
            [
              139.66646711,
              35.66045117
            ]
          ]
        ]
      },
      "properties": {
        "mesh_id": 326,
        "source_feature_id": "310952,85080",
        "evaluation_class": "TP",
        "ground_truth": "CHANGE",
        "detected": true,
        "review_status": "AGREED",
        "change_type": "NEW_CONSTRUCTION",
        "source_change_type": "N",
        "type_basis": "文字列完全一致",
        "source_density": 0.14768339768339772,
        "source_mean": 0.14768339768339772,
        "density_rank": 9,
        "interpreter_a_judgment": "○",
        "interpreter_b_judgment": "○",
        "interpreter_a_type": "N",
        "interpreter_b_type": "N",
        "interpreter_a_note": null,
        "interpreter_b_note": null,
        "interpreter_a_needs_check": null,
        "interpreter_b_needs_check": null,
        "experiment_id": "window-a-2019-2025-frozen"
      }
    },
    {
      "type": "Feature",
      "id": 327,
      "geometry": {
        "type": "Polygon",
        "coordinates": [
          [
            [
              139.66691627,
              35.66045117
            ],
            [
              139.66736543,
              35.66045117
            ],
            [
              139.66736543,
              35.6608161
            ],
            [
              139.66691627,
              35.6608161
            ],
            [
              139.66691627,
              35.66045117
            ]
          ]
        ]
      },
      "properties": {
        "mesh_id": 327,
        "source_feature_id": "310953,85080",
        "evaluation_class": "NOT_EVALUATED",
        "ground_truth": null,
        "detected": false,
        "review_status": "NOT_REVIEWED",
        "change_type": null,
        "source_change_type": null,
        "type_basis": null,
        "source_density": 0.0,
        "source_mean": 0.0,
        "density_rank": null,
        "interpreter_a_judgment": null,
        "interpreter_b_judgment": null,
        "interpreter_a_type": null,
        "interpreter_b_type": null,
        "interpreter_a_note": null,
        "interpreter_b_note": null,
        "interpreter_a_needs_check": null,
        "interpreter_b_needs_check": null,
        "experiment_id": "window-a-2019-2025-frozen"
      }
    },
    {
      "type": "Feature",
      "id": 328,
      "geometry": {
        "type": "Polygon",
        "coordinates": [
          [
            [
              139.66736543,
              35.66045117
            ],
            [
              139.66781459,
              35.66045117
            ],
            [
              139.66781459,
              35.6608161
            ],
            [
              139.66736543,
              35.6608161
            ],
            [
              139.66736543,
              35.66045117
            ]
          ]
        ]
      },
      "properties": {
        "mesh_id": 328,
        "source_feature_id": "310954,85080",
        "evaluation_class": "NOT_EVALUATED",
        "ground_truth": null,
        "detected": false,
        "review_status": "NOT_REVIEWED",
        "change_type": null,
        "source_change_type": null,
        "type_basis": null,
        "source_density": 0.0,
        "source_mean": 0.0,
        "density_rank": null,
        "interpreter_a_judgment": null,
        "interpreter_b_judgment": null,
        "interpreter_a_type": null,
        "interpreter_b_type": null,
        "interpreter_a_note": null,
        "interpreter_b_note": null,
        "interpreter_a_needs_check": null,
        "interpreter_b_needs_check": null,
        "experiment_id": "window-a-2019-2025-frozen"
      }
    },
    {
      "type": "Feature",
      "id": 329,
      "geometry": {
        "type": "Polygon",
        "coordinates": [
          [
            [
              139.66781459,
              35.66045117
            ],
            [
              139.66826374,
              35.66045117
            ],
            [
              139.66826374,
              35.6608161
            ],
            [
              139.66781459,
              35.6608161
            ],
            [
              139.66781459,
              35.66045117
            ]
          ]
        ]
      },
      "properties": {
        "mesh_id": 329,
        "source_feature_id": "310955,85080",
        "evaluation_class": "NOT_EVALUATED",
        "ground_truth": null,
        "detected": false,
        "review_status": "NOT_REVIEWED",
        "change_type": null,
        "source_change_type": null,
        "type_basis": null,
        "source_density": 0.0,
        "source_mean": 0.0,
        "density_rank": null,
        "interpreter_a_judgment": null,
        "interpreter_b_judgment": null,
        "interpreter_a_type": null,
        "interpreter_b_type": null,
        "interpreter_a_note": null,
        "interpreter_b_note": null,
        "interpreter_a_needs_check": null,
        "interpreter_b_needs_check": null,
        "experiment_id": "window-a-2019-2025-frozen"
      }
    },
    {
      "type": "Feature",
      "id": 330,
      "geometry": {
        "type": "Polygon",
        "coordinates": [
          [
            [
              139.66826374,
              35.66045117
            ],
            [
              139.6687129,
              35.66045117
            ],
            [
              139.6687129,
              35.6608161
            ],
            [
              139.66826374,
              35.6608161
            ],
            [
              139.66826374,
              35.66045117
            ]
          ]
        ]
      },
      "properties": {
        "mesh_id": 330,
        "source_feature_id": "310956,85080",
        "evaluation_class": "NOT_EVALUATED",
        "ground_truth": null,
        "detected": false,
        "review_status": "NOT_REVIEWED",
        "change_type": null,
        "source_change_type": null,
        "type_basis": null,
        "source_density": 0.0,
        "source_mean": 0.0,
        "density_rank": null,
        "interpreter_a_judgment": null,
        "interpreter_b_judgment": null,
        "interpreter_a_type": null,
        "interpreter_b_type": null,
        "interpreter_a_note": null,
        "interpreter_b_note": null,
        "interpreter_a_needs_check": null,
        "interpreter_b_needs_check": null,
        "experiment_id": "window-a-2019-2025-frozen"
      }
    },
    {
      "type": "Feature",
      "id": 331,
      "geometry": {
        "type": "Polygon",
        "coordinates": [
          [
            [
              139.6687129,
              35.66045117
            ],
            [
              139.66916206,
              35.66045117
            ],
            [
              139.66916206,
              35.6608161
            ],
            [
              139.6687129,
              35.6608161
            ],
            [
              139.6687129,
              35.66045117
            ]
          ]
        ]
      },
      "properties": {
        "mesh_id": 331,
        "source_feature_id": "310957,85080",
        "evaluation_class": "NOT_EVALUATED",
        "ground_truth": null,
        "detected": false,
        "review_status": "NOT_REVIEWED",
        "change_type": null,
        "source_change_type": null,
        "type_basis": null,
        "source_density": 0.0,
        "source_mean": 0.0,
        "density_rank": null,
        "interpreter_a_judgment": null,
        "interpreter_b_judgment": null,
        "interpreter_a_type": null,
        "interpreter_b_type": null,
        "interpreter_a_note": null,
        "interpreter_b_note": null,
        "interpreter_a_needs_check": null,
        "interpreter_b_needs_check": null,
        "experiment_id": "window-a-2019-2025-frozen"
      }
    },
    {
      "type": "Feature",
      "id": 332,
      "geometry": {
        "type": "Polygon",
        "coordinates": [
          [
            [
              139.66916206,
              35.66045117
            ],
            [
              139.66961122,
              35.66045117
            ],
            [
              139.66961122,
              35.6608161
            ],
            [
              139.66916206,
              35.6608161
            ],
            [
              139.66916206,
              35.66045117
            ]
          ]
        ]
      },
      "properties": {
        "mesh_id": 332,
        "source_feature_id": "310958,85080",
        "evaluation_class": "TP",
        "ground_truth": "CHANGE",
        "detected": true,
        "review_status": "AGREED",
        "change_type": null,
        "source_change_type": null,
        "type_basis": null,
        "source_density": 0.019111969111969117,
        "source_mean": 0.019111969111969117,
        "density_rank": 29,
        "interpreter_a_judgment": "○",
        "interpreter_b_judgment": "○",
        "interpreter_a_type": "R/D/N",
        "interpreter_b_type": "R",
        "interpreter_a_note": "全部入ってるな",
        "interpreter_b_note": null,
        "interpreter_a_needs_check": null,
        "interpreter_b_needs_check": null,
        "experiment_id": "window-a-2019-2025-frozen"
      }
    },
    {
      "type": "Feature",
      "id": 333,
      "geometry": {
        "type": "Polygon",
        "coordinates": [
          [
            [
              139.66961122,
              35.66045117
            ],
            [
              139.67006037,
              35.66045117
            ],
            [
              139.67006037,
              35.6608161
            ],
            [
              139.66961122,
              35.6608161
            ],
            [
              139.66961122,
              35.66045117
            ]
          ]
        ]
      },
      "properties": {
        "mesh_id": 333,
        "source_feature_id": "310959,85080",
        "evaluation_class": "NOT_EVALUATED",
        "ground_truth": null,
        "detected": false,
        "review_status": "NOT_REVIEWED",
        "change_type": null,
        "source_change_type": null,
        "type_basis": null,
        "source_density": 0.0,
        "source_mean": 0.0,
        "density_rank": null,
        "interpreter_a_judgment": null,
        "interpreter_b_judgment": null,
        "interpreter_a_type": null,
        "interpreter_b_type": null,
        "interpreter_a_note": null,
        "interpreter_b_note": null,
        "interpreter_a_needs_check": null,
        "interpreter_b_needs_check": null,
        "experiment_id": "window-a-2019-2025-frozen"
      }
    },
    {
      "type": "Feature",
      "id": 334,
      "geometry": {
        "type": "Polygon",
        "coordinates": [
          [
            [
              139.67006037,
              35.66045117
            ],
            [
              139.67050953,
              35.66045117
            ],
            [
              139.67050953,
              35.6608161
            ],
            [
              139.67006037,
              35.6608161
            ],
            [
              139.67006037,
              35.66045117
            ]
          ]
        ]
      },
      "properties": {
        "mesh_id": 334,
        "source_feature_id": "310960,85080",
        "evaluation_class": "NOT_EVALUATED",
        "ground_truth": null,
        "detected": false,
        "review_status": "NOT_REVIEWED",
        "change_type": null,
        "source_change_type": null,
        "type_basis": null,
        "source_density": 0.0,
        "source_mean": 0.0,
        "density_rank": null,
        "interpreter_a_judgment": null,
        "interpreter_b_judgment": null,
        "interpreter_a_type": null,
        "interpreter_b_type": null,
        "interpreter_a_note": null,
        "interpreter_b_note": null,
        "interpreter_a_needs_check": null,
        "interpreter_b_needs_check": null,
        "experiment_id": "window-a-2019-2025-frozen"
      }
    },
    {
      "type": "Feature",
      "id": 335,
      "geometry": {
        "type": "Polygon",
        "coordinates": [
          [
            [
              139.67050953,
              35.66045117
            ],
            [
              139.67095869,
              35.66045117
            ],
            [
              139.67095869,
              35.6608161
            ],
            [
              139.67050953,
              35.6608161
            ],
            [
              139.67050953,
              35.66045117
            ]
          ]
        ]
      },
      "properties": {
        "mesh_id": 335,
        "source_feature_id": "310961,85080",
        "evaluation_class": "NOT_EVALUATED",
        "ground_truth": null,
        "detected": false,
        "review_status": "NOT_REVIEWED",
        "change_type": null,
        "source_change_type": null,
        "type_basis": null,
        "source_density": 0.0,
        "source_mean": 0.0,
        "density_rank": null,
        "interpreter_a_judgment": null,
        "interpreter_b_judgment": null,
        "interpreter_a_type": null,
        "interpreter_b_type": null,
        "interpreter_a_note": null,
        "interpreter_b_note": null,
        "interpreter_a_needs_check": null,
        "interpreter_b_needs_check": null,
        "experiment_id": "window-a-2019-2025-frozen"
      }
    },
    {
      "type": "Feature",
      "id": 336,
      "geometry": {
        "type": "Polygon",
        "coordinates": [
          [
            [
              139.67095869,
              35.66045117
            ],
            [
              139.67140785,
              35.66045117
            ],
            [
              139.67140785,
              35.6608161
            ],
            [
              139.67095869,
              35.6608161
            ],
            [
              139.67095869,
              35.66045117
            ]
          ]
        ]
      },
      "properties": {
        "mesh_id": 336,
        "source_feature_id": "310962,85080",
        "evaluation_class": "NOT_EVALUATED",
        "ground_truth": null,
        "detected": false,
        "review_status": "NOT_REVIEWED",
        "change_type": null,
        "source_change_type": null,
        "type_basis": null,
        "source_density": 0.0,
        "source_mean": 0.0,
        "density_rank": null,
        "interpreter_a_judgment": null,
        "interpreter_b_judgment": null,
        "interpreter_a_type": null,
        "interpreter_b_type": null,
        "interpreter_a_note": null,
        "interpreter_b_note": null,
        "interpreter_a_needs_check": null,
        "interpreter_b_needs_check": null,
        "experiment_id": "window-a-2019-2025-frozen"
      }
    },
    {
      "type": "Feature",
      "id": 337,
      "geometry": {
        "type": "Polygon",
        "coordinates": [
          [
            [
              139.67140785,
              35.66045117
            ],
            [
              139.67185701,
              35.66045117
            ],
            [
              139.67185701,
              35.6608161
            ],
            [
              139.67140785,
              35.6608161
            ],
            [
              139.67140785,
              35.66045117
            ]
          ]
        ]
      },
      "properties": {
        "mesh_id": 337,
        "source_feature_id": "310963,85080",
        "evaluation_class": "NOT_EVALUATED",
        "ground_truth": null,
        "detected": false,
        "review_status": "NOT_REVIEWED",
        "change_type": null,
        "source_change_type": null,
        "type_basis": null,
        "source_density": 0.0,
        "source_mean": 0.0,
        "density_rank": null,
        "interpreter_a_judgment": null,
        "interpreter_b_judgment": null,
        "interpreter_a_type": null,
        "interpreter_b_type": null,
        "interpreter_a_note": null,
        "interpreter_b_note": null,
        "interpreter_a_needs_check": null,
        "interpreter_b_needs_check": null,
        "experiment_id": "window-a-2019-2025-frozen"
      }
    },
    {
      "type": "Feature",
      "id": 338,
      "geometry": {
        "type": "Polygon",
        "coordinates": [
          [
            [
              139.66017891,
              35.6608161
            ],
            [
              139.66062806,
              35.6608161
            ],
            [
              139.66062806,
              35.66118103
            ],
            [
              139.66017891,
              35.66118103
            ],
            [
              139.66017891,
              35.6608161
            ]
          ]
        ]
      },
      "properties": {
        "mesh_id": 338,
        "source_feature_id": "310938,85081",
        "evaluation_class": "NOT_EVALUATED",
        "ground_truth": null,
        "detected": false,
        "review_status": "NOT_REVIEWED",
        "change_type": null,
        "source_change_type": null,
        "type_basis": null,
        "source_density": 0.0,
        "source_mean": 0.0,
        "density_rank": null,
        "interpreter_a_judgment": null,
        "interpreter_b_judgment": null,
        "interpreter_a_type": null,
        "interpreter_b_type": null,
        "interpreter_a_note": null,
        "interpreter_b_note": null,
        "interpreter_a_needs_check": null,
        "interpreter_b_needs_check": null,
        "experiment_id": "window-a-2019-2025-frozen"
      }
    },
    {
      "type": "Feature",
      "id": 339,
      "geometry": {
        "type": "Polygon",
        "coordinates": [
          [
            [
              139.66062806,
              35.6608161
            ],
            [
              139.66107722,
              35.6608161
            ],
            [
              139.66107722,
              35.66118103
            ],
            [
              139.66062806,
              35.66118103
            ],
            [
              139.66062806,
              35.6608161
            ]
          ]
        ]
      },
      "properties": {
        "mesh_id": 339,
        "source_feature_id": "310939,85081",
        "evaluation_class": "NOT_EVALUATED",
        "ground_truth": null,
        "detected": false,
        "review_status": "NOT_REVIEWED",
        "change_type": null,
        "source_change_type": null,
        "type_basis": null,
        "source_density": 0.0,
        "source_mean": 0.0,
        "density_rank": null,
        "interpreter_a_judgment": null,
        "interpreter_b_judgment": null,
        "interpreter_a_type": null,
        "interpreter_b_type": null,
        "interpreter_a_note": null,
        "interpreter_b_note": null,
        "interpreter_a_needs_check": null,
        "interpreter_b_needs_check": null,
        "experiment_id": "window-a-2019-2025-frozen"
      }
    },
    {
      "type": "Feature",
      "id": 340,
      "geometry": {
        "type": "Polygon",
        "coordinates": [
          [
            [
              139.66107722,
              35.6608161
            ],
            [
              139.66152638,
              35.6608161
            ],
            [
              139.66152638,
              35.66118103
            ],
            [
              139.66107722,
              35.66118103
            ],
            [
              139.66107722,
              35.6608161
            ]
          ]
        ]
      },
      "properties": {
        "mesh_id": 340,
        "source_feature_id": "310940,85081",
        "evaluation_class": "NOT_EVALUATED",
        "ground_truth": null,
        "detected": false,
        "review_status": "NOT_REVIEWED",
        "change_type": null,
        "source_change_type": null,
        "type_basis": null,
        "source_density": 0.0,
        "source_mean": 0.0,
        "density_rank": null,
        "interpreter_a_judgment": null,
        "interpreter_b_judgment": null,
        "interpreter_a_type": null,
        "interpreter_b_type": null,
        "interpreter_a_note": null,
        "interpreter_b_note": null,
        "interpreter_a_needs_check": null,
        "interpreter_b_needs_check": null,
        "experiment_id": "window-a-2019-2025-frozen"
      }
    },
    {
      "type": "Feature",
      "id": 341,
      "geometry": {
        "type": "Polygon",
        "coordinates": [
          [
            [
              139.66152638,
              35.6608161
            ],
            [
              139.66197554,
              35.6608161
            ],
            [
              139.66197554,
              35.66118103
            ],
            [
              139.66152638,
              35.66118103
            ],
            [
              139.66152638,
              35.6608161
            ]
          ]
        ]
      },
      "properties": {
        "mesh_id": 341,
        "source_feature_id": "310941,85081",
        "evaluation_class": "NOT_EVALUATED",
        "ground_truth": null,
        "detected": false,
        "review_status": "NOT_REVIEWED",
        "change_type": null,
        "source_change_type": null,
        "type_basis": null,
        "source_density": 0.0,
        "source_mean": 0.0,
        "density_rank": null,
        "interpreter_a_judgment": null,
        "interpreter_b_judgment": null,
        "interpreter_a_type": null,
        "interpreter_b_type": null,
        "interpreter_a_note": null,
        "interpreter_b_note": null,
        "interpreter_a_needs_check": null,
        "interpreter_b_needs_check": null,
        "experiment_id": "window-a-2019-2025-frozen"
      }
    },
    {
      "type": "Feature",
      "id": 342,
      "geometry": {
        "type": "Polygon",
        "coordinates": [
          [
            [
              139.66197554,
              35.6608161
            ],
            [
              139.66242469,
              35.6608161
            ],
            [
              139.66242469,
              35.66118103
            ],
            [
              139.66197554,
              35.66118103
            ],
            [
              139.66197554,
              35.6608161
            ]
          ]
        ]
      },
      "properties": {
        "mesh_id": 342,
        "source_feature_id": "310942,85081",
        "evaluation_class": "NOT_EVALUATED",
        "ground_truth": null,
        "detected": false,
        "review_status": "NOT_REVIEWED",
        "change_type": null,
        "source_change_type": null,
        "type_basis": null,
        "source_density": 0.0,
        "source_mean": 0.0,
        "density_rank": null,
        "interpreter_a_judgment": null,
        "interpreter_b_judgment": null,
        "interpreter_a_type": null,
        "interpreter_b_type": null,
        "interpreter_a_note": null,
        "interpreter_b_note": null,
        "interpreter_a_needs_check": null,
        "interpreter_b_needs_check": null,
        "experiment_id": "window-a-2019-2025-frozen"
      }
    },
    {
      "type": "Feature",
      "id": 343,
      "geometry": {
        "type": "Polygon",
        "coordinates": [
          [
            [
              139.66242469,
              35.6608161
            ],
            [
              139.66287385,
              35.6608161
            ],
            [
              139.66287385,
              35.66118103
            ],
            [
              139.66242469,
              35.66118103
            ],
            [
              139.66242469,
              35.6608161
            ]
          ]
        ]
      },
      "properties": {
        "mesh_id": 343,
        "source_feature_id": "310943,85081",
        "evaluation_class": "NOT_EVALUATED",
        "ground_truth": null,
        "detected": false,
        "review_status": "NOT_REVIEWED",
        "change_type": null,
        "source_change_type": null,
        "type_basis": null,
        "source_density": 0.0,
        "source_mean": 0.0,
        "density_rank": null,
        "interpreter_a_judgment": null,
        "interpreter_b_judgment": null,
        "interpreter_a_type": null,
        "interpreter_b_type": null,
        "interpreter_a_note": null,
        "interpreter_b_note": null,
        "interpreter_a_needs_check": null,
        "interpreter_b_needs_check": null,
        "experiment_id": "window-a-2019-2025-frozen"
      }
    },
    {
      "type": "Feature",
      "id": 344,
      "geometry": {
        "type": "Polygon",
        "coordinates": [
          [
            [
              139.66287385,
              35.6608161
            ],
            [
              139.66332301,
              35.6608161
            ],
            [
              139.66332301,
              35.66118103
            ],
            [
              139.66287385,
              35.66118103
            ],
            [
              139.66287385,
              35.6608161
            ]
          ]
        ]
      },
      "properties": {
        "mesh_id": 344,
        "source_feature_id": "310944,85081",
        "evaluation_class": "NOT_EVALUATED",
        "ground_truth": null,
        "detected": false,
        "review_status": "NOT_REVIEWED",
        "change_type": null,
        "source_change_type": null,
        "type_basis": null,
        "source_density": 0.0,
        "source_mean": 0.0,
        "density_rank": null,
        "interpreter_a_judgment": null,
        "interpreter_b_judgment": null,
        "interpreter_a_type": null,
        "interpreter_b_type": null,
        "interpreter_a_note": null,
        "interpreter_b_note": null,
        "interpreter_a_needs_check": null,
        "interpreter_b_needs_check": null,
        "experiment_id": "window-a-2019-2025-frozen"
      }
    },
    {
      "type": "Feature",
      "id": 345,
      "geometry": {
        "type": "Polygon",
        "coordinates": [
          [
            [
              139.66332301,
              35.6608161
            ],
            [
              139.66377217,
              35.6608161
            ],
            [
              139.66377217,
              35.66118103
            ],
            [
              139.66332301,
              35.66118103
            ],
            [
              139.66332301,
              35.6608161
            ]
          ]
        ]
      },
      "properties": {
        "mesh_id": 345,
        "source_feature_id": "310945,85081",
        "evaluation_class": "NOT_EVALUATED",
        "ground_truth": null,
        "detected": false,
        "review_status": "NOT_REVIEWED",
        "change_type": null,
        "source_change_type": null,
        "type_basis": null,
        "source_density": 0.0,
        "source_mean": 0.0,
        "density_rank": null,
        "interpreter_a_judgment": null,
        "interpreter_b_judgment": null,
        "interpreter_a_type": null,
        "interpreter_b_type": null,
        "interpreter_a_note": null,
        "interpreter_b_note": null,
        "interpreter_a_needs_check": null,
        "interpreter_b_needs_check": null,
        "experiment_id": "window-a-2019-2025-frozen"
      }
    },
    {
      "type": "Feature",
      "id": 346,
      "geometry": {
        "type": "Polygon",
        "coordinates": [
          [
            [
              139.66377217,
              35.6608161
            ],
            [
              139.66422133,
              35.6608161
            ],
            [
              139.66422133,
              35.66118103
            ],
            [
              139.66377217,
              35.66118103
            ],
            [
              139.66377217,
              35.6608161
            ]
          ]
        ]
      },
      "properties": {
        "mesh_id": 346,
        "source_feature_id": "310946,85081",
        "evaluation_class": "NOT_EVALUATED",
        "ground_truth": null,
        "detected": false,
        "review_status": "NOT_REVIEWED",
        "change_type": null,
        "source_change_type": null,
        "type_basis": null,
        "source_density": 0.0,
        "source_mean": 0.0,
        "density_rank": null,
        "interpreter_a_judgment": null,
        "interpreter_b_judgment": null,
        "interpreter_a_type": null,
        "interpreter_b_type": null,
        "interpreter_a_note": null,
        "interpreter_b_note": null,
        "interpreter_a_needs_check": null,
        "interpreter_b_needs_check": null,
        "experiment_id": "window-a-2019-2025-frozen"
      }
    },
    {
      "type": "Feature",
      "id": 347,
      "geometry": {
        "type": "Polygon",
        "coordinates": [
          [
            [
              139.66422133,
              35.6608161
            ],
            [
              139.66467048,
              35.6608161
            ],
            [
              139.66467048,
              35.66118103
            ],
            [
              139.66422133,
              35.66118103
            ],
            [
              139.66422133,
              35.6608161
            ]
          ]
        ]
      },
      "properties": {
        "mesh_id": 347,
        "source_feature_id": "310947,85081",
        "evaluation_class": "NOT_EVALUATED",
        "ground_truth": null,
        "detected": false,
        "review_status": "NOT_REVIEWED",
        "change_type": null,
        "source_change_type": null,
        "type_basis": null,
        "source_density": 0.0,
        "source_mean": 0.0,
        "density_rank": null,
        "interpreter_a_judgment": null,
        "interpreter_b_judgment": null,
        "interpreter_a_type": null,
        "interpreter_b_type": null,
        "interpreter_a_note": null,
        "interpreter_b_note": null,
        "interpreter_a_needs_check": null,
        "interpreter_b_needs_check": null,
        "experiment_id": "window-a-2019-2025-frozen"
      }
    },
    {
      "type": "Feature",
      "id": 348,
      "geometry": {
        "type": "Polygon",
        "coordinates": [
          [
            [
              139.66467048,
              35.6608161
            ],
            [
              139.66511964,
              35.6608161
            ],
            [
              139.66511964,
              35.66118103
            ],
            [
              139.66467048,
              35.66118103
            ],
            [
              139.66467048,
              35.6608161
            ]
          ]
        ]
      },
      "properties": {
        "mesh_id": 348,
        "source_feature_id": "310948,85081",
        "evaluation_class": "NOT_EVALUATED",
        "ground_truth": null,
        "detected": false,
        "review_status": "NOT_REVIEWED",
        "change_type": null,
        "source_change_type": null,
        "type_basis": null,
        "source_density": 0.0,
        "source_mean": 0.0,
        "density_rank": null,
        "interpreter_a_judgment": null,
        "interpreter_b_judgment": null,
        "interpreter_a_type": null,
        "interpreter_b_type": null,
        "interpreter_a_note": null,
        "interpreter_b_note": null,
        "interpreter_a_needs_check": null,
        "interpreter_b_needs_check": null,
        "experiment_id": "window-a-2019-2025-frozen"
      }
    },
    {
      "type": "Feature",
      "id": 349,
      "geometry": {
        "type": "Polygon",
        "coordinates": [
          [
            [
              139.66511964,
              35.6608161
            ],
            [
              139.6655688,
              35.6608161
            ],
            [
              139.6655688,
              35.66118103
            ],
            [
              139.66511964,
              35.66118103
            ],
            [
              139.66511964,
              35.6608161
            ]
          ]
        ]
      },
      "properties": {
        "mesh_id": 349,
        "source_feature_id": "310949,85081",
        "evaluation_class": "NOT_EVALUATED",
        "ground_truth": null,
        "detected": false,
        "review_status": "NOT_REVIEWED",
        "change_type": null,
        "source_change_type": null,
        "type_basis": null,
        "source_density": 0.0,
        "source_mean": 0.0,
        "density_rank": null,
        "interpreter_a_judgment": null,
        "interpreter_b_judgment": null,
        "interpreter_a_type": null,
        "interpreter_b_type": null,
        "interpreter_a_note": null,
        "interpreter_b_note": null,
        "interpreter_a_needs_check": null,
        "interpreter_b_needs_check": null,
        "experiment_id": "window-a-2019-2025-frozen"
      }
    },
    {
      "type": "Feature",
      "id": 350,
      "geometry": {
        "type": "Polygon",
        "coordinates": [
          [
            [
              139.6655688,
              35.6608161
            ],
            [
              139.66601796,
              35.6608161
            ],
            [
              139.66601796,
              35.66118103
            ],
            [
              139.6655688,
              35.66118103
            ],
            [
              139.6655688,
              35.6608161
            ]
          ]
        ]
      },
      "properties": {
        "mesh_id": 350,
        "source_feature_id": "310950,85081",
        "evaluation_class": "NOT_EVALUATED",
        "ground_truth": null,
        "detected": false,
        "review_status": "NOT_REVIEWED",
        "change_type": null,
        "source_change_type": null,
        "type_basis": null,
        "source_density": 0.0,
        "source_mean": 0.0,
        "density_rank": null,
        "interpreter_a_judgment": null,
        "interpreter_b_judgment": null,
        "interpreter_a_type": null,
        "interpreter_b_type": null,
        "interpreter_a_note": null,
        "interpreter_b_note": null,
        "interpreter_a_needs_check": null,
        "interpreter_b_needs_check": null,
        "experiment_id": "window-a-2019-2025-frozen"
      }
    },
    {
      "type": "Feature",
      "id": 351,
      "geometry": {
        "type": "Polygon",
        "coordinates": [
          [
            [
              139.66601796,
              35.6608161
            ],
            [
              139.66646711,
              35.6608161
            ],
            [
              139.66646711,
              35.66118103
            ],
            [
              139.66601796,
              35.66118103
            ],
            [
              139.66601796,
              35.6608161
            ]
          ]
        ]
      },
      "properties": {
        "mesh_id": 351,
        "source_feature_id": "310951,85081",
        "evaluation_class": "NOT_EVALUATED",
        "ground_truth": null,
        "detected": false,
        "review_status": "NOT_REVIEWED",
        "change_type": null,
        "source_change_type": null,
        "type_basis": null,
        "source_density": 0.0,
        "source_mean": 0.0,
        "density_rank": null,
        "interpreter_a_judgment": null,
        "interpreter_b_judgment": null,
        "interpreter_a_type": null,
        "interpreter_b_type": null,
        "interpreter_a_note": null,
        "interpreter_b_note": null,
        "interpreter_a_needs_check": null,
        "interpreter_b_needs_check": null,
        "experiment_id": "window-a-2019-2025-frozen"
      }
    },
    {
      "type": "Feature",
      "id": 352,
      "geometry": {
        "type": "Polygon",
        "coordinates": [
          [
            [
              139.66646711,
              35.6608161
            ],
            [
              139.66691627,
              35.6608161
            ],
            [
              139.66691627,
              35.66118103
            ],
            [
              139.66646711,
              35.66118103
            ],
            [
              139.66646711,
              35.6608161
            ]
          ]
        ]
      },
      "properties": {
        "mesh_id": 352,
        "source_feature_id": "310952,85081",
        "evaluation_class": "NOT_EVALUATED",
        "ground_truth": null,
        "detected": false,
        "review_status": "NOT_REVIEWED",
        "change_type": null,
        "source_change_type": null,
        "type_basis": null,
        "source_density": 0.0,
        "source_mean": 0.0,
        "density_rank": null,
        "interpreter_a_judgment": null,
        "interpreter_b_judgment": null,
        "interpreter_a_type": null,
        "interpreter_b_type": null,
        "interpreter_a_note": null,
        "interpreter_b_note": null,
        "interpreter_a_needs_check": null,
        "interpreter_b_needs_check": null,
        "experiment_id": "window-a-2019-2025-frozen"
      }
    },
    {
      "type": "Feature",
      "id": 353,
      "geometry": {
        "type": "Polygon",
        "coordinates": [
          [
            [
              139.66691627,
              35.6608161
            ],
            [
              139.66736543,
              35.6608161
            ],
            [
              139.66736543,
              35.66118103
            ],
            [
              139.66691627,
              35.66118103
            ],
            [
              139.66691627,
              35.6608161
            ]
          ]
        ]
      },
      "properties": {
        "mesh_id": 353,
        "source_feature_id": "310953,85081",
        "evaluation_class": "NOT_EVALUATED",
        "ground_truth": null,
        "detected": false,
        "review_status": "DISAGREED",
        "change_type": null,
        "source_change_type": null,
        "type_basis": null,
        "source_density": 0.0,
        "source_mean": 0.0,
        "density_rank": null,
        "interpreter_a_judgment": "×",
        "interpreter_b_judgment": "○",
        "interpreter_a_type": null,
        "interpreter_b_type": "N",
        "interpreter_a_note": null,
        "interpreter_b_note": null,
        "interpreter_a_needs_check": null,
        "interpreter_b_needs_check": null,
        "experiment_id": "window-a-2019-2025-frozen"
      }
    },
    {
      "type": "Feature",
      "id": 354,
      "geometry": {
        "type": "Polygon",
        "coordinates": [
          [
            [
              139.66736543,
              35.6608161
            ],
            [
              139.66781459,
              35.6608161
            ],
            [
              139.66781459,
              35.66118103
            ],
            [
              139.66736543,
              35.66118103
            ],
            [
              139.66736543,
              35.6608161
            ]
          ]
        ]
      },
      "properties": {
        "mesh_id": 354,
        "source_feature_id": "310954,85081",
        "evaluation_class": "TN",
        "ground_truth": "NO_CHANGE",
        "detected": false,
        "review_status": "AGREED",
        "change_type": null,
        "source_change_type": null,
        "type_basis": null,
        "source_density": 0.0,
        "source_mean": 0.0,
        "density_rank": null,
        "interpreter_a_judgment": "×",
        "interpreter_b_judgment": "×",
        "interpreter_a_type": null,
        "interpreter_b_type": null,
        "interpreter_a_note": null,
        "interpreter_b_note": null,
        "interpreter_a_needs_check": null,
        "interpreter_b_needs_check": null,
        "experiment_id": "window-a-2019-2025-frozen"
      }
    },
    {
      "type": "Feature",
      "id": 355,
      "geometry": {
        "type": "Polygon",
        "coordinates": [
          [
            [
              139.66781459,
              35.6608161
            ],
            [
              139.66826374,
              35.6608161
            ],
            [
              139.66826374,
              35.66118103
            ],
            [
              139.66781459,
              35.66118103
            ],
            [
              139.66781459,
              35.6608161
            ]
          ]
        ]
      },
      "properties": {
        "mesh_id": 355,
        "source_feature_id": "310955,85081",
        "evaluation_class": "NOT_EVALUATED",
        "ground_truth": null,
        "detected": false,
        "review_status": "NOT_REVIEWED",
        "change_type": null,
        "source_change_type": null,
        "type_basis": null,
        "source_density": 0.0,
        "source_mean": 0.0,
        "density_rank": null,
        "interpreter_a_judgment": null,
        "interpreter_b_judgment": null,
        "interpreter_a_type": null,
        "interpreter_b_type": null,
        "interpreter_a_note": null,
        "interpreter_b_note": null,
        "interpreter_a_needs_check": null,
        "interpreter_b_needs_check": null,
        "experiment_id": "window-a-2019-2025-frozen"
      }
    },
    {
      "type": "Feature",
      "id": 356,
      "geometry": {
        "type": "Polygon",
        "coordinates": [
          [
            [
              139.66826374,
              35.6608161
            ],
            [
              139.6687129,
              35.6608161
            ],
            [
              139.6687129,
              35.66118103
            ],
            [
              139.66826374,
              35.66118103
            ],
            [
              139.66826374,
              35.6608161
            ]
          ]
        ]
      },
      "properties": {
        "mesh_id": 356,
        "source_feature_id": "310956,85081",
        "evaluation_class": "NOT_EVALUATED",
        "ground_truth": null,
        "detected": false,
        "review_status": "NOT_REVIEWED",
        "change_type": null,
        "source_change_type": null,
        "type_basis": null,
        "source_density": 0.0,
        "source_mean": 0.0,
        "density_rank": null,
        "interpreter_a_judgment": null,
        "interpreter_b_judgment": null,
        "interpreter_a_type": null,
        "interpreter_b_type": null,
        "interpreter_a_note": null,
        "interpreter_b_note": null,
        "interpreter_a_needs_check": null,
        "interpreter_b_needs_check": null,
        "experiment_id": "window-a-2019-2025-frozen"
      }
    },
    {
      "type": "Feature",
      "id": 357,
      "geometry": {
        "type": "Polygon",
        "coordinates": [
          [
            [
              139.6687129,
              35.6608161
            ],
            [
              139.66916206,
              35.6608161
            ],
            [
              139.66916206,
              35.66118103
            ],
            [
              139.6687129,
              35.66118103
            ],
            [
              139.6687129,
              35.6608161
            ]
          ]
        ]
      },
      "properties": {
        "mesh_id": 357,
        "source_feature_id": "310957,85081",
        "evaluation_class": "NOT_EVALUATED",
        "ground_truth": null,
        "detected": false,
        "review_status": "NOT_REVIEWED",
        "change_type": null,
        "source_change_type": null,
        "type_basis": null,
        "source_density": 0.0,
        "source_mean": 0.0,
        "density_rank": null,
        "interpreter_a_judgment": null,
        "interpreter_b_judgment": null,
        "interpreter_a_type": null,
        "interpreter_b_type": null,
        "interpreter_a_note": null,
        "interpreter_b_note": null,
        "interpreter_a_needs_check": null,
        "interpreter_b_needs_check": null,
        "experiment_id": "window-a-2019-2025-frozen"
      }
    },
    {
      "type": "Feature",
      "id": 358,
      "geometry": {
        "type": "Polygon",
        "coordinates": [
          [
            [
              139.66916206,
              35.6608161
            ],
            [
              139.66961122,
              35.6608161
            ],
            [
              139.66961122,
              35.66118103
            ],
            [
              139.66916206,
              35.66118103
            ],
            [
              139.66916206,
              35.6608161
            ]
          ]
        ]
      },
      "properties": {
        "mesh_id": 358,
        "source_feature_id": "310958,85081",
        "evaluation_class": "TP",
        "ground_truth": "CHANGE",
        "detected": true,
        "review_status": "AGREED",
        "change_type": null,
        "source_change_type": null,
        "type_basis": null,
        "source_density": 0.07451737451737454,
        "source_mean": 0.07451737451737454,
        "density_rank": 18,
        "interpreter_a_judgment": "○",
        "interpreter_b_judgment": "○",
        "interpreter_a_type": "N/?",
        "interpreter_b_type": "N",
        "interpreter_a_note": "新築建物あり、更地→駐車場もあり",
        "interpreter_b_note": null,
        "interpreter_a_needs_check": "要確認",
        "interpreter_b_needs_check": null,
        "experiment_id": "window-a-2019-2025-frozen"
      }
    },
    {
      "type": "Feature",
      "id": 359,
      "geometry": {
        "type": "Polygon",
        "coordinates": [
          [
            [
              139.66961122,
              35.6608161
            ],
            [
              139.67006037,
              35.6608161
            ],
            [
              139.67006037,
              35.66118103
            ],
            [
              139.66961122,
              35.66118103
            ],
            [
              139.66961122,
              35.6608161
            ]
          ]
        ]
      },
      "properties": {
        "mesh_id": 359,
        "source_feature_id": "310959,85081",
        "evaluation_class": "NOT_EVALUATED",
        "ground_truth": null,
        "detected": false,
        "review_status": "NOT_REVIEWED",
        "change_type": null,
        "source_change_type": null,
        "type_basis": null,
        "source_density": 0.0,
        "source_mean": 0.0,
        "density_rank": null,
        "interpreter_a_judgment": null,
        "interpreter_b_judgment": null,
        "interpreter_a_type": null,
        "interpreter_b_type": null,
        "interpreter_a_note": null,
        "interpreter_b_note": null,
        "interpreter_a_needs_check": null,
        "interpreter_b_needs_check": null,
        "experiment_id": "window-a-2019-2025-frozen"
      }
    },
    {
      "type": "Feature",
      "id": 360,
      "geometry": {
        "type": "Polygon",
        "coordinates": [
          [
            [
              139.67006037,
              35.6608161
            ],
            [
              139.67050953,
              35.6608161
            ],
            [
              139.67050953,
              35.66118103
            ],
            [
              139.67006037,
              35.66118103
            ],
            [
              139.67006037,
              35.6608161
            ]
          ]
        ]
      },
      "properties": {
        "mesh_id": 360,
        "source_feature_id": "310960,85081",
        "evaluation_class": "TN",
        "ground_truth": "NO_CHANGE",
        "detected": false,
        "review_status": "AGREED",
        "change_type": null,
        "source_change_type": null,
        "type_basis": null,
        "source_density": 0.0,
        "source_mean": 0.0,
        "density_rank": null,
        "interpreter_a_judgment": "×",
        "interpreter_b_judgment": "×",
        "interpreter_a_type": null,
        "interpreter_b_type": null,
        "interpreter_a_note": null,
        "interpreter_b_note": null,
        "interpreter_a_needs_check": null,
        "interpreter_b_needs_check": null,
        "experiment_id": "window-a-2019-2025-frozen"
      }
    },
    {
      "type": "Feature",
      "id": 361,
      "geometry": {
        "type": "Polygon",
        "coordinates": [
          [
            [
              139.67050953,
              35.6608161
            ],
            [
              139.67095869,
              35.6608161
            ],
            [
              139.67095869,
              35.66118103
            ],
            [
              139.67050953,
              35.66118103
            ],
            [
              139.67050953,
              35.6608161
            ]
          ]
        ]
      },
      "properties": {
        "mesh_id": 361,
        "source_feature_id": "310961,85081",
        "evaluation_class": "NOT_EVALUATED",
        "ground_truth": null,
        "detected": false,
        "review_status": "NOT_REVIEWED",
        "change_type": null,
        "source_change_type": null,
        "type_basis": null,
        "source_density": 0.0,
        "source_mean": 0.0,
        "density_rank": null,
        "interpreter_a_judgment": null,
        "interpreter_b_judgment": null,
        "interpreter_a_type": null,
        "interpreter_b_type": null,
        "interpreter_a_note": null,
        "interpreter_b_note": null,
        "interpreter_a_needs_check": null,
        "interpreter_b_needs_check": null,
        "experiment_id": "window-a-2019-2025-frozen"
      }
    },
    {
      "type": "Feature",
      "id": 362,
      "geometry": {
        "type": "Polygon",
        "coordinates": [
          [
            [
              139.67095869,
              35.6608161
            ],
            [
              139.67140785,
              35.6608161
            ],
            [
              139.67140785,
              35.66118103
            ],
            [
              139.67095869,
              35.66118103
            ],
            [
              139.67095869,
              35.6608161
            ]
          ]
        ]
      },
      "properties": {
        "mesh_id": 362,
        "source_feature_id": "310962,85081",
        "evaluation_class": "NOT_EVALUATED",
        "ground_truth": null,
        "detected": false,
        "review_status": "NOT_REVIEWED",
        "change_type": null,
        "source_change_type": null,
        "type_basis": null,
        "source_density": 0.0,
        "source_mean": 0.0,
        "density_rank": null,
        "interpreter_a_judgment": null,
        "interpreter_b_judgment": null,
        "interpreter_a_type": null,
        "interpreter_b_type": null,
        "interpreter_a_note": null,
        "interpreter_b_note": null,
        "interpreter_a_needs_check": null,
        "interpreter_b_needs_check": null,
        "experiment_id": "window-a-2019-2025-frozen"
      }
    },
    {
      "type": "Feature",
      "id": 363,
      "geometry": {
        "type": "Polygon",
        "coordinates": [
          [
            [
              139.67140785,
              35.6608161
            ],
            [
              139.67185701,
              35.6608161
            ],
            [
              139.67185701,
              35.66118103
            ],
            [
              139.67140785,
              35.66118103
            ],
            [
              139.67140785,
              35.6608161
            ]
          ]
        ]
      },
      "properties": {
        "mesh_id": 363,
        "source_feature_id": "310963,85081",
        "evaluation_class": "NOT_EVALUATED",
        "ground_truth": null,
        "detected": false,
        "review_status": "NOT_REVIEWED",
        "change_type": null,
        "source_change_type": null,
        "type_basis": null,
        "source_density": 0.0,
        "source_mean": 0.0,
        "density_rank": null,
        "interpreter_a_judgment": null,
        "interpreter_b_judgment": null,
        "interpreter_a_type": null,
        "interpreter_b_type": null,
        "interpreter_a_note": null,
        "interpreter_b_note": null,
        "interpreter_a_needs_check": null,
        "interpreter_b_needs_check": null,
        "experiment_id": "window-a-2019-2025-frozen"
      }
    },
    {
      "type": "Feature",
      "id": 364,
      "geometry": {
        "type": "Polygon",
        "coordinates": [
          [
            [
              139.66017891,
              35.66118103
            ],
            [
              139.66062806,
              35.66118103
            ],
            [
              139.66062806,
              35.66154596
            ],
            [
              139.66017891,
              35.66154596
            ],
            [
              139.66017891,
              35.66118103
            ]
          ]
        ]
      },
      "properties": {
        "mesh_id": 364,
        "source_feature_id": "310938,85082",
        "evaluation_class": "NOT_EVALUATED",
        "ground_truth": null,
        "detected": false,
        "review_status": "NOT_REVIEWED",
        "change_type": null,
        "source_change_type": null,
        "type_basis": null,
        "source_density": 0.0,
        "source_mean": 0.0,
        "density_rank": null,
        "interpreter_a_judgment": null,
        "interpreter_b_judgment": null,
        "interpreter_a_type": null,
        "interpreter_b_type": null,
        "interpreter_a_note": null,
        "interpreter_b_note": null,
        "interpreter_a_needs_check": null,
        "interpreter_b_needs_check": null,
        "experiment_id": "window-a-2019-2025-frozen"
      }
    },
    {
      "type": "Feature",
      "id": 365,
      "geometry": {
        "type": "Polygon",
        "coordinates": [
          [
            [
              139.66062806,
              35.66118103
            ],
            [
              139.66107722,
              35.66118103
            ],
            [
              139.66107722,
              35.66154596
            ],
            [
              139.66062806,
              35.66154596
            ],
            [
              139.66062806,
              35.66118103
            ]
          ]
        ]
      },
      "properties": {
        "mesh_id": 365,
        "source_feature_id": "310939,85082",
        "evaluation_class": "NOT_EVALUATED",
        "ground_truth": null,
        "detected": false,
        "review_status": "NOT_REVIEWED",
        "change_type": null,
        "source_change_type": null,
        "type_basis": null,
        "source_density": 0.0,
        "source_mean": 0.0,
        "density_rank": null,
        "interpreter_a_judgment": null,
        "interpreter_b_judgment": null,
        "interpreter_a_type": null,
        "interpreter_b_type": null,
        "interpreter_a_note": null,
        "interpreter_b_note": null,
        "interpreter_a_needs_check": null,
        "interpreter_b_needs_check": null,
        "experiment_id": "window-a-2019-2025-frozen"
      }
    },
    {
      "type": "Feature",
      "id": 366,
      "geometry": {
        "type": "Polygon",
        "coordinates": [
          [
            [
              139.66107722,
              35.66118103
            ],
            [
              139.66152638,
              35.66118103
            ],
            [
              139.66152638,
              35.66154596
            ],
            [
              139.66107722,
              35.66154596
            ],
            [
              139.66107722,
              35.66118103
            ]
          ]
        ]
      },
      "properties": {
        "mesh_id": 366,
        "source_feature_id": "310940,85082",
        "evaluation_class": "NOT_EVALUATED",
        "ground_truth": null,
        "detected": false,
        "review_status": "NOT_REVIEWED",
        "change_type": null,
        "source_change_type": null,
        "type_basis": null,
        "source_density": 0.0,
        "source_mean": 0.0,
        "density_rank": null,
        "interpreter_a_judgment": null,
        "interpreter_b_judgment": null,
        "interpreter_a_type": null,
        "interpreter_b_type": null,
        "interpreter_a_note": null,
        "interpreter_b_note": null,
        "interpreter_a_needs_check": null,
        "interpreter_b_needs_check": null,
        "experiment_id": "window-a-2019-2025-frozen"
      }
    },
    {
      "type": "Feature",
      "id": 367,
      "geometry": {
        "type": "Polygon",
        "coordinates": [
          [
            [
              139.66152638,
              35.66118103
            ],
            [
              139.66197554,
              35.66118103
            ],
            [
              139.66197554,
              35.66154596
            ],
            [
              139.66152638,
              35.66154596
            ],
            [
              139.66152638,
              35.66118103
            ]
          ]
        ]
      },
      "properties": {
        "mesh_id": 367,
        "source_feature_id": "310941,85082",
        "evaluation_class": "NOT_EVALUATED",
        "ground_truth": null,
        "detected": false,
        "review_status": "NOT_REVIEWED",
        "change_type": null,
        "source_change_type": null,
        "type_basis": null,
        "source_density": 0.0,
        "source_mean": 0.0,
        "density_rank": null,
        "interpreter_a_judgment": null,
        "interpreter_b_judgment": null,
        "interpreter_a_type": null,
        "interpreter_b_type": null,
        "interpreter_a_note": null,
        "interpreter_b_note": null,
        "interpreter_a_needs_check": null,
        "interpreter_b_needs_check": null,
        "experiment_id": "window-a-2019-2025-frozen"
      }
    },
    {
      "type": "Feature",
      "id": 368,
      "geometry": {
        "type": "Polygon",
        "coordinates": [
          [
            [
              139.66197554,
              35.66118103
            ],
            [
              139.66242469,
              35.66118103
            ],
            [
              139.66242469,
              35.66154596
            ],
            [
              139.66197554,
              35.66154596
            ],
            [
              139.66197554,
              35.66118103
            ]
          ]
        ]
      },
      "properties": {
        "mesh_id": 368,
        "source_feature_id": "310942,85082",
        "evaluation_class": "NOT_EVALUATED",
        "ground_truth": null,
        "detected": false,
        "review_status": "NOT_REVIEWED",
        "change_type": null,
        "source_change_type": null,
        "type_basis": null,
        "source_density": 0.0,
        "source_mean": 0.0,
        "density_rank": null,
        "interpreter_a_judgment": null,
        "interpreter_b_judgment": null,
        "interpreter_a_type": null,
        "interpreter_b_type": null,
        "interpreter_a_note": null,
        "interpreter_b_note": null,
        "interpreter_a_needs_check": null,
        "interpreter_b_needs_check": null,
        "experiment_id": "window-a-2019-2025-frozen"
      }
    },
    {
      "type": "Feature",
      "id": 369,
      "geometry": {
        "type": "Polygon",
        "coordinates": [
          [
            [
              139.66242469,
              35.66118103
            ],
            [
              139.66287385,
              35.66118103
            ],
            [
              139.66287385,
              35.66154596
            ],
            [
              139.66242469,
              35.66154596
            ],
            [
              139.66242469,
              35.66118103
            ]
          ]
        ]
      },
      "properties": {
        "mesh_id": 369,
        "source_feature_id": "310943,85082",
        "evaluation_class": "NOT_EVALUATED",
        "ground_truth": null,
        "detected": false,
        "review_status": "NOT_REVIEWED",
        "change_type": null,
        "source_change_type": null,
        "type_basis": null,
        "source_density": 0.0,
        "source_mean": 0.0,
        "density_rank": null,
        "interpreter_a_judgment": null,
        "interpreter_b_judgment": null,
        "interpreter_a_type": null,
        "interpreter_b_type": null,
        "interpreter_a_note": null,
        "interpreter_b_note": null,
        "interpreter_a_needs_check": null,
        "interpreter_b_needs_check": null,
        "experiment_id": "window-a-2019-2025-frozen"
      }
    },
    {
      "type": "Feature",
      "id": 370,
      "geometry": {
        "type": "Polygon",
        "coordinates": [
          [
            [
              139.66287385,
              35.66118103
            ],
            [
              139.66332301,
              35.66118103
            ],
            [
              139.66332301,
              35.66154596
            ],
            [
              139.66287385,
              35.66154596
            ],
            [
              139.66287385,
              35.66118103
            ]
          ]
        ]
      },
      "properties": {
        "mesh_id": 370,
        "source_feature_id": "310944,85082",
        "evaluation_class": "NOT_EVALUATED",
        "ground_truth": null,
        "detected": false,
        "review_status": "NOT_REVIEWED",
        "change_type": null,
        "source_change_type": null,
        "type_basis": null,
        "source_density": 0.0,
        "source_mean": 0.0,
        "density_rank": null,
        "interpreter_a_judgment": null,
        "interpreter_b_judgment": null,
        "interpreter_a_type": null,
        "interpreter_b_type": null,
        "interpreter_a_note": null,
        "interpreter_b_note": null,
        "interpreter_a_needs_check": null,
        "interpreter_b_needs_check": null,
        "experiment_id": "window-a-2019-2025-frozen"
      }
    },
    {
      "type": "Feature",
      "id": 371,
      "geometry": {
        "type": "Polygon",
        "coordinates": [
          [
            [
              139.66332301,
              35.66118103
            ],
            [
              139.66377217,
              35.66118103
            ],
            [
              139.66377217,
              35.66154596
            ],
            [
              139.66332301,
              35.66154596
            ],
            [
              139.66332301,
              35.66118103
            ]
          ]
        ]
      },
      "properties": {
        "mesh_id": 371,
        "source_feature_id": "310945,85082",
        "evaluation_class": "NOT_EVALUATED",
        "ground_truth": null,
        "detected": false,
        "review_status": "NOT_REVIEWED",
        "change_type": null,
        "source_change_type": null,
        "type_basis": null,
        "source_density": 0.0,
        "source_mean": 0.0,
        "density_rank": null,
        "interpreter_a_judgment": null,
        "interpreter_b_judgment": null,
        "interpreter_a_type": null,
        "interpreter_b_type": null,
        "interpreter_a_note": null,
        "interpreter_b_note": null,
        "interpreter_a_needs_check": null,
        "interpreter_b_needs_check": null,
        "experiment_id": "window-a-2019-2025-frozen"
      }
    },
    {
      "type": "Feature",
      "id": 372,
      "geometry": {
        "type": "Polygon",
        "coordinates": [
          [
            [
              139.66377217,
              35.66118103
            ],
            [
              139.66422133,
              35.66118103
            ],
            [
              139.66422133,
              35.66154596
            ],
            [
              139.66377217,
              35.66154596
            ],
            [
              139.66377217,
              35.66118103
            ]
          ]
        ]
      },
      "properties": {
        "mesh_id": 372,
        "source_feature_id": "310946,85082",
        "evaluation_class": "NOT_EVALUATED",
        "ground_truth": null,
        "detected": false,
        "review_status": "NOT_REVIEWED",
        "change_type": null,
        "source_change_type": null,
        "type_basis": null,
        "source_density": 0.0,
        "source_mean": 0.0,
        "density_rank": null,
        "interpreter_a_judgment": null,
        "interpreter_b_judgment": null,
        "interpreter_a_type": null,
        "interpreter_b_type": null,
        "interpreter_a_note": null,
        "interpreter_b_note": null,
        "interpreter_a_needs_check": null,
        "interpreter_b_needs_check": null,
        "experiment_id": "window-a-2019-2025-frozen"
      }
    },
    {
      "type": "Feature",
      "id": 373,
      "geometry": {
        "type": "Polygon",
        "coordinates": [
          [
            [
              139.66422133,
              35.66118103
            ],
            [
              139.66467048,
              35.66118103
            ],
            [
              139.66467048,
              35.66154596
            ],
            [
              139.66422133,
              35.66154596
            ],
            [
              139.66422133,
              35.66118103
            ]
          ]
        ]
      },
      "properties": {
        "mesh_id": 373,
        "source_feature_id": "310947,85082",
        "evaluation_class": "NOT_EVALUATED",
        "ground_truth": null,
        "detected": false,
        "review_status": "NOT_REVIEWED",
        "change_type": null,
        "source_change_type": null,
        "type_basis": null,
        "source_density": 0.0,
        "source_mean": 0.0,
        "density_rank": null,
        "interpreter_a_judgment": null,
        "interpreter_b_judgment": null,
        "interpreter_a_type": null,
        "interpreter_b_type": null,
        "interpreter_a_note": null,
        "interpreter_b_note": null,
        "interpreter_a_needs_check": null,
        "interpreter_b_needs_check": null,
        "experiment_id": "window-a-2019-2025-frozen"
      }
    },
    {
      "type": "Feature",
      "id": 374,
      "geometry": {
        "type": "Polygon",
        "coordinates": [
          [
            [
              139.66467048,
              35.66118103
            ],
            [
              139.66511964,
              35.66118103
            ],
            [
              139.66511964,
              35.66154596
            ],
            [
              139.66467048,
              35.66154596
            ],
            [
              139.66467048,
              35.66118103
            ]
          ]
        ]
      },
      "properties": {
        "mesh_id": 374,
        "source_feature_id": "310948,85082",
        "evaluation_class": "NOT_EVALUATED",
        "ground_truth": null,
        "detected": false,
        "review_status": "NOT_REVIEWED",
        "change_type": null,
        "source_change_type": null,
        "type_basis": null,
        "source_density": 0.0,
        "source_mean": 0.0,
        "density_rank": null,
        "interpreter_a_judgment": null,
        "interpreter_b_judgment": null,
        "interpreter_a_type": null,
        "interpreter_b_type": null,
        "interpreter_a_note": null,
        "interpreter_b_note": null,
        "interpreter_a_needs_check": null,
        "interpreter_b_needs_check": null,
        "experiment_id": "window-a-2019-2025-frozen"
      }
    },
    {
      "type": "Feature",
      "id": 375,
      "geometry": {
        "type": "Polygon",
        "coordinates": [
          [
            [
              139.66511964,
              35.66118103
            ],
            [
              139.6655688,
              35.66118103
            ],
            [
              139.6655688,
              35.66154596
            ],
            [
              139.66511964,
              35.66154596
            ],
            [
              139.66511964,
              35.66118103
            ]
          ]
        ]
      },
      "properties": {
        "mesh_id": 375,
        "source_feature_id": "310949,85082",
        "evaluation_class": "TN",
        "ground_truth": "NO_CHANGE",
        "detected": false,
        "review_status": "AGREED",
        "change_type": null,
        "source_change_type": null,
        "type_basis": null,
        "source_density": 0.0,
        "source_mean": 0.0,
        "density_rank": null,
        "interpreter_a_judgment": "×",
        "interpreter_b_judgment": "×",
        "interpreter_a_type": null,
        "interpreter_b_type": null,
        "interpreter_a_note": null,
        "interpreter_b_note": null,
        "interpreter_a_needs_check": null,
        "interpreter_b_needs_check": null,
        "experiment_id": "window-a-2019-2025-frozen"
      }
    },
    {
      "type": "Feature",
      "id": 376,
      "geometry": {
        "type": "Polygon",
        "coordinates": [
          [
            [
              139.6655688,
              35.66118103
            ],
            [
              139.66601796,
              35.66118103
            ],
            [
              139.66601796,
              35.66154596
            ],
            [
              139.6655688,
              35.66154596
            ],
            [
              139.6655688,
              35.66118103
            ]
          ]
        ]
      },
      "properties": {
        "mesh_id": 376,
        "source_feature_id": "310950,85082",
        "evaluation_class": "TN",
        "ground_truth": "NO_CHANGE",
        "detected": false,
        "review_status": "AGREED",
        "change_type": null,
        "source_change_type": null,
        "type_basis": null,
        "source_density": 0.0,
        "source_mean": 0.0,
        "density_rank": null,
        "interpreter_a_judgment": "×",
        "interpreter_b_judgment": "×",
        "interpreter_a_type": null,
        "interpreter_b_type": null,
        "interpreter_a_note": null,
        "interpreter_b_note": null,
        "interpreter_a_needs_check": null,
        "interpreter_b_needs_check": null,
        "experiment_id": "window-a-2019-2025-frozen"
      }
    },
    {
      "type": "Feature",
      "id": 377,
      "geometry": {
        "type": "Polygon",
        "coordinates": [
          [
            [
              139.66601796,
              35.66118103
            ],
            [
              139.66646711,
              35.66118103
            ],
            [
              139.66646711,
              35.66154596
            ],
            [
              139.66601796,
              35.66154596
            ],
            [
              139.66601796,
              35.66118103
            ]
          ]
        ]
      },
      "properties": {
        "mesh_id": 377,
        "source_feature_id": "310951,85082",
        "evaluation_class": "NOT_EVALUATED",
        "ground_truth": null,
        "detected": false,
        "review_status": "NOT_REVIEWED",
        "change_type": null,
        "source_change_type": null,
        "type_basis": null,
        "source_density": 0.0,
        "source_mean": 0.0,
        "density_rank": null,
        "interpreter_a_judgment": null,
        "interpreter_b_judgment": null,
        "interpreter_a_type": null,
        "interpreter_b_type": null,
        "interpreter_a_note": null,
        "interpreter_b_note": null,
        "interpreter_a_needs_check": null,
        "interpreter_b_needs_check": null,
        "experiment_id": "window-a-2019-2025-frozen"
      }
    },
    {
      "type": "Feature",
      "id": 378,
      "geometry": {
        "type": "Polygon",
        "coordinates": [
          [
            [
              139.66646711,
              35.66118103
            ],
            [
              139.66691627,
              35.66118103
            ],
            [
              139.66691627,
              35.66154596
            ],
            [
              139.66646711,
              35.66154596
            ],
            [
              139.66646711,
              35.66118103
            ]
          ]
        ]
      },
      "properties": {
        "mesh_id": 378,
        "source_feature_id": "310952,85082",
        "evaluation_class": "NOT_EVALUATED",
        "ground_truth": null,
        "detected": false,
        "review_status": "NOT_REVIEWED",
        "change_type": null,
        "source_change_type": null,
        "type_basis": null,
        "source_density": 0.0,
        "source_mean": 0.0,
        "density_rank": null,
        "interpreter_a_judgment": null,
        "interpreter_b_judgment": null,
        "interpreter_a_type": null,
        "interpreter_b_type": null,
        "interpreter_a_note": null,
        "interpreter_b_note": null,
        "interpreter_a_needs_check": null,
        "interpreter_b_needs_check": null,
        "experiment_id": "window-a-2019-2025-frozen"
      }
    },
    {
      "type": "Feature",
      "id": 379,
      "geometry": {
        "type": "Polygon",
        "coordinates": [
          [
            [
              139.66691627,
              35.66118103
            ],
            [
              139.66736543,
              35.66118103
            ],
            [
              139.66736543,
              35.66154596
            ],
            [
              139.66691627,
              35.66154596
            ],
            [
              139.66691627,
              35.66118103
            ]
          ]
        ]
      },
      "properties": {
        "mesh_id": 379,
        "source_feature_id": "310953,85082",
        "evaluation_class": "NOT_EVALUATED",
        "ground_truth": null,
        "detected": false,
        "review_status": "NOT_REVIEWED",
        "change_type": null,
        "source_change_type": null,
        "type_basis": null,
        "source_density": 0.0,
        "source_mean": 0.0,
        "density_rank": null,
        "interpreter_a_judgment": null,
        "interpreter_b_judgment": null,
        "interpreter_a_type": null,
        "interpreter_b_type": null,
        "interpreter_a_note": null,
        "interpreter_b_note": null,
        "interpreter_a_needs_check": null,
        "interpreter_b_needs_check": null,
        "experiment_id": "window-a-2019-2025-frozen"
      }
    },
    {
      "type": "Feature",
      "id": 380,
      "geometry": {
        "type": "Polygon",
        "coordinates": [
          [
            [
              139.66736543,
              35.66118103
            ],
            [
              139.66781459,
              35.66118103
            ],
            [
              139.66781459,
              35.66154596
            ],
            [
              139.66736543,
              35.66154596
            ],
            [
              139.66736543,
              35.66118103
            ]
          ]
        ]
      },
      "properties": {
        "mesh_id": 380,
        "source_feature_id": "310954,85082",
        "evaluation_class": "NOT_EVALUATED",
        "ground_truth": null,
        "detected": false,
        "review_status": "NOT_REVIEWED",
        "change_type": null,
        "source_change_type": null,
        "type_basis": null,
        "source_density": 0.0,
        "source_mean": 0.0,
        "density_rank": null,
        "interpreter_a_judgment": null,
        "interpreter_b_judgment": null,
        "interpreter_a_type": null,
        "interpreter_b_type": null,
        "interpreter_a_note": null,
        "interpreter_b_note": null,
        "interpreter_a_needs_check": null,
        "interpreter_b_needs_check": null,
        "experiment_id": "window-a-2019-2025-frozen"
      }
    },
    {
      "type": "Feature",
      "id": 381,
      "geometry": {
        "type": "Polygon",
        "coordinates": [
          [
            [
              139.66781459,
              35.66118103
            ],
            [
              139.66826374,
              35.66118103
            ],
            [
              139.66826374,
              35.66154596
            ],
            [
              139.66781459,
              35.66154596
            ],
            [
              139.66781459,
              35.66118103
            ]
          ]
        ]
      },
      "properties": {
        "mesh_id": 381,
        "source_feature_id": "310955,85082",
        "evaluation_class": "NOT_EVALUATED",
        "ground_truth": null,
        "detected": false,
        "review_status": "NOT_REVIEWED",
        "change_type": null,
        "source_change_type": null,
        "type_basis": null,
        "source_density": 0.0,
        "source_mean": 0.0,
        "density_rank": null,
        "interpreter_a_judgment": null,
        "interpreter_b_judgment": null,
        "interpreter_a_type": null,
        "interpreter_b_type": null,
        "interpreter_a_note": null,
        "interpreter_b_note": null,
        "interpreter_a_needs_check": null,
        "interpreter_b_needs_check": null,
        "experiment_id": "window-a-2019-2025-frozen"
      }
    },
    {
      "type": "Feature",
      "id": 382,
      "geometry": {
        "type": "Polygon",
        "coordinates": [
          [
            [
              139.66826374,
              35.66118103
            ],
            [
              139.6687129,
              35.66118103
            ],
            [
              139.6687129,
              35.66154596
            ],
            [
              139.66826374,
              35.66154596
            ],
            [
              139.66826374,
              35.66118103
            ]
          ]
        ]
      },
      "properties": {
        "mesh_id": 382,
        "source_feature_id": "310956,85082",
        "evaluation_class": "NOT_EVALUATED",
        "ground_truth": null,
        "detected": false,
        "review_status": "NOT_REVIEWED",
        "change_type": null,
        "source_change_type": null,
        "type_basis": null,
        "source_density": 0.0,
        "source_mean": 0.0,
        "density_rank": null,
        "interpreter_a_judgment": null,
        "interpreter_b_judgment": null,
        "interpreter_a_type": null,
        "interpreter_b_type": null,
        "interpreter_a_note": null,
        "interpreter_b_note": null,
        "interpreter_a_needs_check": null,
        "interpreter_b_needs_check": null,
        "experiment_id": "window-a-2019-2025-frozen"
      }
    },
    {
      "type": "Feature",
      "id": 383,
      "geometry": {
        "type": "Polygon",
        "coordinates": [
          [
            [
              139.6687129,
              35.66118103
            ],
            [
              139.66916206,
              35.66118103
            ],
            [
              139.66916206,
              35.66154596
            ],
            [
              139.6687129,
              35.66154596
            ],
            [
              139.6687129,
              35.66118103
            ]
          ]
        ]
      },
      "properties": {
        "mesh_id": 383,
        "source_feature_id": "310957,85082",
        "evaluation_class": "NOT_EVALUATED",
        "ground_truth": null,
        "detected": true,
        "review_status": "DISAGREED",
        "change_type": null,
        "source_change_type": null,
        "type_basis": null,
        "source_density": 0.04922779922779921,
        "source_mean": 0.04922779922779921,
        "density_rank": 24,
        "interpreter_a_judgment": "△",
        "interpreter_b_judgment": "○",
        "interpreter_a_type": "D",
        "interpreter_b_type": "R/N",
        "interpreter_a_note": "建物は削れている＋更地が工事に変化（原記入は「○（△）」）",
        "interpreter_b_note": null,
        "interpreter_a_needs_check": "要確認",
        "interpreter_b_needs_check": "要確認",
        "experiment_id": "window-a-2019-2025-frozen"
      }
    },
    {
      "type": "Feature",
      "id": 384,
      "geometry": {
        "type": "Polygon",
        "coordinates": [
          [
            [
              139.66916206,
              35.66118103
            ],
            [
              139.66961122,
              35.66118103
            ],
            [
              139.66961122,
              35.66154596
            ],
            [
              139.66916206,
              35.66154596
            ],
            [
              139.66916206,
              35.66118103
            ]
          ]
        ]
      },
      "properties": {
        "mesh_id": 384,
        "source_feature_id": "310958,85082",
        "evaluation_class": "NOT_EVALUATED",
        "ground_truth": null,
        "detected": true,
        "review_status": "DISAGREED",
        "change_type": null,
        "source_change_type": null,
        "type_basis": null,
        "source_density": 0.4478764478764477,
        "source_mean": 0.4478764478764477,
        "density_rank": 1,
        "interpreter_a_judgment": "△",
        "interpreter_b_judgment": "○",
        "interpreter_a_type": "D",
        "interpreter_b_type": "N",
        "interpreter_a_note": "更地→工事中に変化のみ",
        "interpreter_b_note": null,
        "interpreter_a_needs_check": null,
        "interpreter_b_needs_check": null,
        "experiment_id": "window-a-2019-2025-frozen"
      }
    },
    {
      "type": "Feature",
      "id": 385,
      "geometry": {
        "type": "Polygon",
        "coordinates": [
          [
            [
              139.66961122,
              35.66118103
            ],
            [
              139.67006037,
              35.66118103
            ],
            [
              139.67006037,
              35.66154596
            ],
            [
              139.66961122,
              35.66154596
            ],
            [
              139.66961122,
              35.66118103
            ]
          ]
        ]
      },
      "properties": {
        "mesh_id": 385,
        "source_feature_id": "310959,85082",
        "evaluation_class": "NOT_EVALUATED",
        "ground_truth": null,
        "detected": false,
        "review_status": "NOT_REVIEWED",
        "change_type": null,
        "source_change_type": null,
        "type_basis": null,
        "source_density": 0.0,
        "source_mean": 0.0,
        "density_rank": null,
        "interpreter_a_judgment": null,
        "interpreter_b_judgment": null,
        "interpreter_a_type": null,
        "interpreter_b_type": null,
        "interpreter_a_note": null,
        "interpreter_b_note": null,
        "interpreter_a_needs_check": null,
        "interpreter_b_needs_check": null,
        "experiment_id": "window-a-2019-2025-frozen"
      }
    },
    {
      "type": "Feature",
      "id": 386,
      "geometry": {
        "type": "Polygon",
        "coordinates": [
          [
            [
              139.67006037,
              35.66118103
            ],
            [
              139.67050953,
              35.66118103
            ],
            [
              139.67050953,
              35.66154596
            ],
            [
              139.67006037,
              35.66154596
            ],
            [
              139.67006037,
              35.66118103
            ]
          ]
        ]
      },
      "properties": {
        "mesh_id": 386,
        "source_feature_id": "310960,85082",
        "evaluation_class": "NOT_EVALUATED",
        "ground_truth": null,
        "detected": false,
        "review_status": "NOT_REVIEWED",
        "change_type": null,
        "source_change_type": null,
        "type_basis": null,
        "source_density": 0.0,
        "source_mean": 0.0,
        "density_rank": null,
        "interpreter_a_judgment": null,
        "interpreter_b_judgment": null,
        "interpreter_a_type": null,
        "interpreter_b_type": null,
        "interpreter_a_note": null,
        "interpreter_b_note": null,
        "interpreter_a_needs_check": null,
        "interpreter_b_needs_check": null,
        "experiment_id": "window-a-2019-2025-frozen"
      }
    },
    {
      "type": "Feature",
      "id": 387,
      "geometry": {
        "type": "Polygon",
        "coordinates": [
          [
            [
              139.67050953,
              35.66118103
            ],
            [
              139.67095869,
              35.66118103
            ],
            [
              139.67095869,
              35.66154596
            ],
            [
              139.67050953,
              35.66154596
            ],
            [
              139.67050953,
              35.66118103
            ]
          ]
        ]
      },
      "properties": {
        "mesh_id": 387,
        "source_feature_id": "310961,85082",
        "evaluation_class": "NOT_EVALUATED",
        "ground_truth": null,
        "detected": false,
        "review_status": "NOT_REVIEWED",
        "change_type": null,
        "source_change_type": null,
        "type_basis": null,
        "source_density": 0.0,
        "source_mean": 0.0,
        "density_rank": null,
        "interpreter_a_judgment": null,
        "interpreter_b_judgment": null,
        "interpreter_a_type": null,
        "interpreter_b_type": null,
        "interpreter_a_note": null,
        "interpreter_b_note": null,
        "interpreter_a_needs_check": null,
        "interpreter_b_needs_check": null,
        "experiment_id": "window-a-2019-2025-frozen"
      }
    },
    {
      "type": "Feature",
      "id": 388,
      "geometry": {
        "type": "Polygon",
        "coordinates": [
          [
            [
              139.67095869,
              35.66118103
            ],
            [
              139.67140785,
              35.66118103
            ],
            [
              139.67140785,
              35.66154596
            ],
            [
              139.67095869,
              35.66154596
            ],
            [
              139.67095869,
              35.66118103
            ]
          ]
        ]
      },
      "properties": {
        "mesh_id": 388,
        "source_feature_id": "310962,85082",
        "evaluation_class": "NOT_EVALUATED",
        "ground_truth": null,
        "detected": false,
        "review_status": "NOT_REVIEWED",
        "change_type": null,
        "source_change_type": null,
        "type_basis": null,
        "source_density": 0.0,
        "source_mean": 0.0,
        "density_rank": null,
        "interpreter_a_judgment": null,
        "interpreter_b_judgment": null,
        "interpreter_a_type": null,
        "interpreter_b_type": null,
        "interpreter_a_note": null,
        "interpreter_b_note": null,
        "interpreter_a_needs_check": null,
        "interpreter_b_needs_check": null,
        "experiment_id": "window-a-2019-2025-frozen"
      }
    },
    {
      "type": "Feature",
      "id": 389,
      "geometry": {
        "type": "Polygon",
        "coordinates": [
          [
            [
              139.67140785,
              35.66118103
            ],
            [
              139.67185701,
              35.66118103
            ],
            [
              139.67185701,
              35.66154596
            ],
            [
              139.67140785,
              35.66154596
            ],
            [
              139.67140785,
              35.66118103
            ]
          ]
        ]
      },
      "properties": {
        "mesh_id": 389,
        "source_feature_id": "310963,85082",
        "evaluation_class": "NOT_EVALUATED",
        "ground_truth": null,
        "detected": false,
        "review_status": "NOT_REVIEWED",
        "change_type": null,
        "source_change_type": null,
        "type_basis": null,
        "source_density": 0.0,
        "source_mean": 0.0,
        "density_rank": null,
        "interpreter_a_judgment": null,
        "interpreter_b_judgment": null,
        "interpreter_a_type": null,
        "interpreter_b_type": null,
        "interpreter_a_note": null,
        "interpreter_b_note": null,
        "interpreter_a_needs_check": null,
        "interpreter_b_needs_check": null,
        "experiment_id": "window-a-2019-2025-frozen"
      }
    },
    {
      "type": "Feature",
      "id": 390,
      "geometry": {
        "type": "Polygon",
        "coordinates": [
          [
            [
              139.66017891,
              35.66154596
            ],
            [
              139.66062806,
              35.66154596
            ],
            [
              139.66062806,
              35.66191089
            ],
            [
              139.66017891,
              35.66191089
            ],
            [
              139.66017891,
              35.66154596
            ]
          ]
        ]
      },
      "properties": {
        "mesh_id": 390,
        "source_feature_id": "310938,85083",
        "evaluation_class": "NOT_EVALUATED",
        "ground_truth": null,
        "detected": false,
        "review_status": "NOT_REVIEWED",
        "change_type": null,
        "source_change_type": null,
        "type_basis": null,
        "source_density": 0.0,
        "source_mean": 0.0,
        "density_rank": null,
        "interpreter_a_judgment": null,
        "interpreter_b_judgment": null,
        "interpreter_a_type": null,
        "interpreter_b_type": null,
        "interpreter_a_note": null,
        "interpreter_b_note": null,
        "interpreter_a_needs_check": null,
        "interpreter_b_needs_check": null,
        "experiment_id": "window-a-2019-2025-frozen"
      }
    },
    {
      "type": "Feature",
      "id": 391,
      "geometry": {
        "type": "Polygon",
        "coordinates": [
          [
            [
              139.66062806,
              35.66154596
            ],
            [
              139.66107722,
              35.66154596
            ],
            [
              139.66107722,
              35.66191089
            ],
            [
              139.66062806,
              35.66191089
            ],
            [
              139.66062806,
              35.66154596
            ]
          ]
        ]
      },
      "properties": {
        "mesh_id": 391,
        "source_feature_id": "310939,85083",
        "evaluation_class": "NOT_EVALUATED",
        "ground_truth": null,
        "detected": false,
        "review_status": "DISAGREED",
        "change_type": null,
        "source_change_type": null,
        "type_basis": null,
        "source_density": 0.0,
        "source_mean": 0.0,
        "density_rank": null,
        "interpreter_a_judgment": "×",
        "interpreter_b_judgment": "○",
        "interpreter_a_type": null,
        "interpreter_b_type": "R",
        "interpreter_a_note": null,
        "interpreter_b_note": null,
        "interpreter_a_needs_check": null,
        "interpreter_b_needs_check": null,
        "experiment_id": "window-a-2019-2025-frozen"
      }
    },
    {
      "type": "Feature",
      "id": 392,
      "geometry": {
        "type": "Polygon",
        "coordinates": [
          [
            [
              139.66107722,
              35.66154596
            ],
            [
              139.66152638,
              35.66154596
            ],
            [
              139.66152638,
              35.66191089
            ],
            [
              139.66107722,
              35.66191089
            ],
            [
              139.66107722,
              35.66154596
            ]
          ]
        ]
      },
      "properties": {
        "mesh_id": 392,
        "source_feature_id": "310940,85083",
        "evaluation_class": "NOT_EVALUATED",
        "ground_truth": null,
        "detected": false,
        "review_status": "NOT_REVIEWED",
        "change_type": null,
        "source_change_type": null,
        "type_basis": null,
        "source_density": 0.0,
        "source_mean": 0.0,
        "density_rank": null,
        "interpreter_a_judgment": null,
        "interpreter_b_judgment": null,
        "interpreter_a_type": null,
        "interpreter_b_type": null,
        "interpreter_a_note": null,
        "interpreter_b_note": null,
        "interpreter_a_needs_check": null,
        "interpreter_b_needs_check": null,
        "experiment_id": "window-a-2019-2025-frozen"
      }
    },
    {
      "type": "Feature",
      "id": 393,
      "geometry": {
        "type": "Polygon",
        "coordinates": [
          [
            [
              139.66152638,
              35.66154596
            ],
            [
              139.66197554,
              35.66154596
            ],
            [
              139.66197554,
              35.66191089
            ],
            [
              139.66152638,
              35.66191089
            ],
            [
              139.66152638,
              35.66154596
            ]
          ]
        ]
      },
      "properties": {
        "mesh_id": 393,
        "source_feature_id": "310941,85083",
        "evaluation_class": "NOT_EVALUATED",
        "ground_truth": null,
        "detected": false,
        "review_status": "NOT_REVIEWED",
        "change_type": null,
        "source_change_type": null,
        "type_basis": null,
        "source_density": 0.0,
        "source_mean": 0.0,
        "density_rank": null,
        "interpreter_a_judgment": null,
        "interpreter_b_judgment": null,
        "interpreter_a_type": null,
        "interpreter_b_type": null,
        "interpreter_a_note": null,
        "interpreter_b_note": null,
        "interpreter_a_needs_check": null,
        "interpreter_b_needs_check": null,
        "experiment_id": "window-a-2019-2025-frozen"
      }
    },
    {
      "type": "Feature",
      "id": 394,
      "geometry": {
        "type": "Polygon",
        "coordinates": [
          [
            [
              139.66197554,
              35.66154596
            ],
            [
              139.66242469,
              35.66154596
            ],
            [
              139.66242469,
              35.66191089
            ],
            [
              139.66197554,
              35.66191089
            ],
            [
              139.66197554,
              35.66154596
            ]
          ]
        ]
      },
      "properties": {
        "mesh_id": 394,
        "source_feature_id": "310942,85083",
        "evaluation_class": "NOT_EVALUATED",
        "ground_truth": null,
        "detected": false,
        "review_status": "NOT_REVIEWED",
        "change_type": null,
        "source_change_type": null,
        "type_basis": null,
        "source_density": 0.0,
        "source_mean": 0.0,
        "density_rank": null,
        "interpreter_a_judgment": null,
        "interpreter_b_judgment": null,
        "interpreter_a_type": null,
        "interpreter_b_type": null,
        "interpreter_a_note": null,
        "interpreter_b_note": null,
        "interpreter_a_needs_check": null,
        "interpreter_b_needs_check": null,
        "experiment_id": "window-a-2019-2025-frozen"
      }
    },
    {
      "type": "Feature",
      "id": 395,
      "geometry": {
        "type": "Polygon",
        "coordinates": [
          [
            [
              139.66242469,
              35.66154596
            ],
            [
              139.66287385,
              35.66154596
            ],
            [
              139.66287385,
              35.66191089
            ],
            [
              139.66242469,
              35.66191089
            ],
            [
              139.66242469,
              35.66154596
            ]
          ]
        ]
      },
      "properties": {
        "mesh_id": 395,
        "source_feature_id": "310943,85083",
        "evaluation_class": "NOT_EVALUATED",
        "ground_truth": null,
        "detected": false,
        "review_status": "NOT_REVIEWED",
        "change_type": null,
        "source_change_type": null,
        "type_basis": null,
        "source_density": 0.0,
        "source_mean": 0.0,
        "density_rank": null,
        "interpreter_a_judgment": null,
        "interpreter_b_judgment": null,
        "interpreter_a_type": null,
        "interpreter_b_type": null,
        "interpreter_a_note": null,
        "interpreter_b_note": null,
        "interpreter_a_needs_check": null,
        "interpreter_b_needs_check": null,
        "experiment_id": "window-a-2019-2025-frozen"
      }
    },
    {
      "type": "Feature",
      "id": 396,
      "geometry": {
        "type": "Polygon",
        "coordinates": [
          [
            [
              139.66287385,
              35.66154596
            ],
            [
              139.66332301,
              35.66154596
            ],
            [
              139.66332301,
              35.66191089
            ],
            [
              139.66287385,
              35.66191089
            ],
            [
              139.66287385,
              35.66154596
            ]
          ]
        ]
      },
      "properties": {
        "mesh_id": 396,
        "source_feature_id": "310944,85083",
        "evaluation_class": "NOT_EVALUATED",
        "ground_truth": null,
        "detected": false,
        "review_status": "NOT_REVIEWED",
        "change_type": null,
        "source_change_type": null,
        "type_basis": null,
        "source_density": 0.0,
        "source_mean": 0.0,
        "density_rank": null,
        "interpreter_a_judgment": null,
        "interpreter_b_judgment": null,
        "interpreter_a_type": null,
        "interpreter_b_type": null,
        "interpreter_a_note": null,
        "interpreter_b_note": null,
        "interpreter_a_needs_check": null,
        "interpreter_b_needs_check": null,
        "experiment_id": "window-a-2019-2025-frozen"
      }
    },
    {
      "type": "Feature",
      "id": 397,
      "geometry": {
        "type": "Polygon",
        "coordinates": [
          [
            [
              139.66332301,
              35.66154596
            ],
            [
              139.66377217,
              35.66154596
            ],
            [
              139.66377217,
              35.66191089
            ],
            [
              139.66332301,
              35.66191089
            ],
            [
              139.66332301,
              35.66154596
            ]
          ]
        ]
      },
      "properties": {
        "mesh_id": 397,
        "source_feature_id": "310945,85083",
        "evaluation_class": "NOT_EVALUATED",
        "ground_truth": null,
        "detected": false,
        "review_status": "NOT_REVIEWED",
        "change_type": null,
        "source_change_type": null,
        "type_basis": null,
        "source_density": 0.0,
        "source_mean": 0.0,
        "density_rank": null,
        "interpreter_a_judgment": null,
        "interpreter_b_judgment": null,
        "interpreter_a_type": null,
        "interpreter_b_type": null,
        "interpreter_a_note": null,
        "interpreter_b_note": null,
        "interpreter_a_needs_check": null,
        "interpreter_b_needs_check": null,
        "experiment_id": "window-a-2019-2025-frozen"
      }
    },
    {
      "type": "Feature",
      "id": 398,
      "geometry": {
        "type": "Polygon",
        "coordinates": [
          [
            [
              139.66377217,
              35.66154596
            ],
            [
              139.66422133,
              35.66154596
            ],
            [
              139.66422133,
              35.66191089
            ],
            [
              139.66377217,
              35.66191089
            ],
            [
              139.66377217,
              35.66154596
            ]
          ]
        ]
      },
      "properties": {
        "mesh_id": 398,
        "source_feature_id": "310946,85083",
        "evaluation_class": "NOT_EVALUATED",
        "ground_truth": null,
        "detected": false,
        "review_status": "NOT_REVIEWED",
        "change_type": null,
        "source_change_type": null,
        "type_basis": null,
        "source_density": 0.0,
        "source_mean": 0.0,
        "density_rank": null,
        "interpreter_a_judgment": null,
        "interpreter_b_judgment": null,
        "interpreter_a_type": null,
        "interpreter_b_type": null,
        "interpreter_a_note": null,
        "interpreter_b_note": null,
        "interpreter_a_needs_check": null,
        "interpreter_b_needs_check": null,
        "experiment_id": "window-a-2019-2025-frozen"
      }
    },
    {
      "type": "Feature",
      "id": 399,
      "geometry": {
        "type": "Polygon",
        "coordinates": [
          [
            [
              139.66422133,
              35.66154596
            ],
            [
              139.66467048,
              35.66154596
            ],
            [
              139.66467048,
              35.66191089
            ],
            [
              139.66422133,
              35.66191089
            ],
            [
              139.66422133,
              35.66154596
            ]
          ]
        ]
      },
      "properties": {
        "mesh_id": 399,
        "source_feature_id": "310947,85083",
        "evaluation_class": "NOT_EVALUATED",
        "ground_truth": null,
        "detected": false,
        "review_status": "NOT_REVIEWED",
        "change_type": null,
        "source_change_type": null,
        "type_basis": null,
        "source_density": 0.0,
        "source_mean": 0.0,
        "density_rank": null,
        "interpreter_a_judgment": null,
        "interpreter_b_judgment": null,
        "interpreter_a_type": null,
        "interpreter_b_type": null,
        "interpreter_a_note": null,
        "interpreter_b_note": null,
        "interpreter_a_needs_check": null,
        "interpreter_b_needs_check": null,
        "experiment_id": "window-a-2019-2025-frozen"
      }
    },
    {
      "type": "Feature",
      "id": 400,
      "geometry": {
        "type": "Polygon",
        "coordinates": [
          [
            [
              139.66467048,
              35.66154596
            ],
            [
              139.66511964,
              35.66154596
            ],
            [
              139.66511964,
              35.66191089
            ],
            [
              139.66467048,
              35.66191089
            ],
            [
              139.66467048,
              35.66154596
            ]
          ]
        ]
      },
      "properties": {
        "mesh_id": 400,
        "source_feature_id": "310948,85083",
        "evaluation_class": "NOT_EVALUATED",
        "ground_truth": null,
        "detected": false,
        "review_status": "NOT_REVIEWED",
        "change_type": null,
        "source_change_type": null,
        "type_basis": null,
        "source_density": 0.0,
        "source_mean": 0.0,
        "density_rank": null,
        "interpreter_a_judgment": null,
        "interpreter_b_judgment": null,
        "interpreter_a_type": null,
        "interpreter_b_type": null,
        "interpreter_a_note": null,
        "interpreter_b_note": null,
        "interpreter_a_needs_check": null,
        "interpreter_b_needs_check": null,
        "experiment_id": "window-a-2019-2025-frozen"
      }
    },
    {
      "type": "Feature",
      "id": 401,
      "geometry": {
        "type": "Polygon",
        "coordinates": [
          [
            [
              139.66511964,
              35.66154596
            ],
            [
              139.6655688,
              35.66154596
            ],
            [
              139.6655688,
              35.66191089
            ],
            [
              139.66511964,
              35.66191089
            ],
            [
              139.66511964,
              35.66154596
            ]
          ]
        ]
      },
      "properties": {
        "mesh_id": 401,
        "source_feature_id": "310949,85083",
        "evaluation_class": "NOT_EVALUATED",
        "ground_truth": null,
        "detected": false,
        "review_status": "NOT_REVIEWED",
        "change_type": null,
        "source_change_type": null,
        "type_basis": null,
        "source_density": 0.0,
        "source_mean": 0.0,
        "density_rank": null,
        "interpreter_a_judgment": null,
        "interpreter_b_judgment": null,
        "interpreter_a_type": null,
        "interpreter_b_type": null,
        "interpreter_a_note": null,
        "interpreter_b_note": null,
        "interpreter_a_needs_check": null,
        "interpreter_b_needs_check": null,
        "experiment_id": "window-a-2019-2025-frozen"
      }
    },
    {
      "type": "Feature",
      "id": 402,
      "geometry": {
        "type": "Polygon",
        "coordinates": [
          [
            [
              139.6655688,
              35.66154596
            ],
            [
              139.66601796,
              35.66154596
            ],
            [
              139.66601796,
              35.66191089
            ],
            [
              139.6655688,
              35.66191089
            ],
            [
              139.6655688,
              35.66154596
            ]
          ]
        ]
      },
      "properties": {
        "mesh_id": 402,
        "source_feature_id": "310950,85083",
        "evaluation_class": "NOT_EVALUATED",
        "ground_truth": null,
        "detected": false,
        "review_status": "NOT_REVIEWED",
        "change_type": null,
        "source_change_type": null,
        "type_basis": null,
        "source_density": 0.0,
        "source_mean": 0.0,
        "density_rank": null,
        "interpreter_a_judgment": null,
        "interpreter_b_judgment": null,
        "interpreter_a_type": null,
        "interpreter_b_type": null,
        "interpreter_a_note": null,
        "interpreter_b_note": null,
        "interpreter_a_needs_check": null,
        "interpreter_b_needs_check": null,
        "experiment_id": "window-a-2019-2025-frozen"
      }
    },
    {
      "type": "Feature",
      "id": 403,
      "geometry": {
        "type": "Polygon",
        "coordinates": [
          [
            [
              139.66601796,
              35.66154596
            ],
            [
              139.66646711,
              35.66154596
            ],
            [
              139.66646711,
              35.66191089
            ],
            [
              139.66601796,
              35.66191089
            ],
            [
              139.66601796,
              35.66154596
            ]
          ]
        ]
      },
      "properties": {
        "mesh_id": 403,
        "source_feature_id": "310951,85083",
        "evaluation_class": "NOT_EVALUATED",
        "ground_truth": null,
        "detected": false,
        "review_status": "NOT_REVIEWED",
        "change_type": null,
        "source_change_type": null,
        "type_basis": null,
        "source_density": 0.0,
        "source_mean": 0.0,
        "density_rank": null,
        "interpreter_a_judgment": null,
        "interpreter_b_judgment": null,
        "interpreter_a_type": null,
        "interpreter_b_type": null,
        "interpreter_a_note": null,
        "interpreter_b_note": null,
        "interpreter_a_needs_check": null,
        "interpreter_b_needs_check": null,
        "experiment_id": "window-a-2019-2025-frozen"
      }
    },
    {
      "type": "Feature",
      "id": 404,
      "geometry": {
        "type": "Polygon",
        "coordinates": [
          [
            [
              139.66646711,
              35.66154596
            ],
            [
              139.66691627,
              35.66154596
            ],
            [
              139.66691627,
              35.66191089
            ],
            [
              139.66646711,
              35.66191089
            ],
            [
              139.66646711,
              35.66154596
            ]
          ]
        ]
      },
      "properties": {
        "mesh_id": 404,
        "source_feature_id": "310952,85083",
        "evaluation_class": "NOT_EVALUATED",
        "ground_truth": null,
        "detected": false,
        "review_status": "NOT_REVIEWED",
        "change_type": null,
        "source_change_type": null,
        "type_basis": null,
        "source_density": 0.0,
        "source_mean": 0.0,
        "density_rank": null,
        "interpreter_a_judgment": null,
        "interpreter_b_judgment": null,
        "interpreter_a_type": null,
        "interpreter_b_type": null,
        "interpreter_a_note": null,
        "interpreter_b_note": null,
        "interpreter_a_needs_check": null,
        "interpreter_b_needs_check": null,
        "experiment_id": "window-a-2019-2025-frozen"
      }
    },
    {
      "type": "Feature",
      "id": 405,
      "geometry": {
        "type": "Polygon",
        "coordinates": [
          [
            [
              139.66691627,
              35.66154596
            ],
            [
              139.66736543,
              35.66154596
            ],
            [
              139.66736543,
              35.66191089
            ],
            [
              139.66691627,
              35.66191089
            ],
            [
              139.66691627,
              35.66154596
            ]
          ]
        ]
      },
      "properties": {
        "mesh_id": 405,
        "source_feature_id": "310953,85083",
        "evaluation_class": "NOT_EVALUATED",
        "ground_truth": null,
        "detected": false,
        "review_status": "NOT_REVIEWED",
        "change_type": null,
        "source_change_type": null,
        "type_basis": null,
        "source_density": 0.0,
        "source_mean": 0.0,
        "density_rank": null,
        "interpreter_a_judgment": null,
        "interpreter_b_judgment": null,
        "interpreter_a_type": null,
        "interpreter_b_type": null,
        "interpreter_a_note": null,
        "interpreter_b_note": null,
        "interpreter_a_needs_check": null,
        "interpreter_b_needs_check": null,
        "experiment_id": "window-a-2019-2025-frozen"
      }
    },
    {
      "type": "Feature",
      "id": 406,
      "geometry": {
        "type": "Polygon",
        "coordinates": [
          [
            [
              139.66736543,
              35.66154596
            ],
            [
              139.66781459,
              35.66154596
            ],
            [
              139.66781459,
              35.66191089
            ],
            [
              139.66736543,
              35.66191089
            ],
            [
              139.66736543,
              35.66154596
            ]
          ]
        ]
      },
      "properties": {
        "mesh_id": 406,
        "source_feature_id": "310954,85083",
        "evaluation_class": "NOT_EVALUATED",
        "ground_truth": null,
        "detected": false,
        "review_status": "NOT_REVIEWED",
        "change_type": null,
        "source_change_type": null,
        "type_basis": null,
        "source_density": 0.0,
        "source_mean": 0.0,
        "density_rank": null,
        "interpreter_a_judgment": null,
        "interpreter_b_judgment": null,
        "interpreter_a_type": null,
        "interpreter_b_type": null,
        "interpreter_a_note": null,
        "interpreter_b_note": null,
        "interpreter_a_needs_check": null,
        "interpreter_b_needs_check": null,
        "experiment_id": "window-a-2019-2025-frozen"
      }
    },
    {
      "type": "Feature",
      "id": 407,
      "geometry": {
        "type": "Polygon",
        "coordinates": [
          [
            [
              139.66781459,
              35.66154596
            ],
            [
              139.66826374,
              35.66154596
            ],
            [
              139.66826374,
              35.66191089
            ],
            [
              139.66781459,
              35.66191089
            ],
            [
              139.66781459,
              35.66154596
            ]
          ]
        ]
      },
      "properties": {
        "mesh_id": 407,
        "source_feature_id": "310955,85083",
        "evaluation_class": "NOT_EVALUATED",
        "ground_truth": null,
        "detected": false,
        "review_status": "NOT_REVIEWED",
        "change_type": null,
        "source_change_type": null,
        "type_basis": null,
        "source_density": 0.0,
        "source_mean": 0.0,
        "density_rank": null,
        "interpreter_a_judgment": null,
        "interpreter_b_judgment": null,
        "interpreter_a_type": null,
        "interpreter_b_type": null,
        "interpreter_a_note": null,
        "interpreter_b_note": null,
        "interpreter_a_needs_check": null,
        "interpreter_b_needs_check": null,
        "experiment_id": "window-a-2019-2025-frozen"
      }
    },
    {
      "type": "Feature",
      "id": 408,
      "geometry": {
        "type": "Polygon",
        "coordinates": [
          [
            [
              139.66826374,
              35.66154596
            ],
            [
              139.6687129,
              35.66154596
            ],
            [
              139.6687129,
              35.66191089
            ],
            [
              139.66826374,
              35.66191089
            ],
            [
              139.66826374,
              35.66154596
            ]
          ]
        ]
      },
      "properties": {
        "mesh_id": 408,
        "source_feature_id": "310956,85083",
        "evaluation_class": "NOT_EVALUATED",
        "ground_truth": null,
        "detected": false,
        "review_status": "NOT_REVIEWED",
        "change_type": null,
        "source_change_type": null,
        "type_basis": null,
        "source_density": 0.0,
        "source_mean": 0.0,
        "density_rank": null,
        "interpreter_a_judgment": null,
        "interpreter_b_judgment": null,
        "interpreter_a_type": null,
        "interpreter_b_type": null,
        "interpreter_a_note": null,
        "interpreter_b_note": null,
        "interpreter_a_needs_check": null,
        "interpreter_b_needs_check": null,
        "experiment_id": "window-a-2019-2025-frozen"
      }
    },
    {
      "type": "Feature",
      "id": 409,
      "geometry": {
        "type": "Polygon",
        "coordinates": [
          [
            [
              139.6687129,
              35.66154596
            ],
            [
              139.66916206,
              35.66154596
            ],
            [
              139.66916206,
              35.66191089
            ],
            [
              139.6687129,
              35.66191089
            ],
            [
              139.6687129,
              35.66154596
            ]
          ]
        ]
      },
      "properties": {
        "mesh_id": 409,
        "source_feature_id": "310957,85083",
        "evaluation_class": "NOT_EVALUATED",
        "ground_truth": null,
        "detected": false,
        "review_status": "NOT_REVIEWED",
        "change_type": null,
        "source_change_type": null,
        "type_basis": null,
        "source_density": 0.0,
        "source_mean": 0.0,
        "density_rank": null,
        "interpreter_a_judgment": null,
        "interpreter_b_judgment": null,
        "interpreter_a_type": null,
        "interpreter_b_type": null,
        "interpreter_a_note": null,
        "interpreter_b_note": null,
        "interpreter_a_needs_check": null,
        "interpreter_b_needs_check": null,
        "experiment_id": "window-a-2019-2025-frozen"
      }
    },
    {
      "type": "Feature",
      "id": 410,
      "geometry": {
        "type": "Polygon",
        "coordinates": [
          [
            [
              139.66916206,
              35.66154596
            ],
            [
              139.66961122,
              35.66154596
            ],
            [
              139.66961122,
              35.66191089
            ],
            [
              139.66916206,
              35.66191089
            ],
            [
              139.66916206,
              35.66154596
            ]
          ]
        ]
      },
      "properties": {
        "mesh_id": 410,
        "source_feature_id": "310958,85083",
        "evaluation_class": "NOT_EVALUATED",
        "ground_truth": null,
        "detected": false,
        "review_status": "NOT_REVIEWED",
        "change_type": null,
        "source_change_type": null,
        "type_basis": null,
        "source_density": 0.0,
        "source_mean": 0.0,
        "density_rank": null,
        "interpreter_a_judgment": null,
        "interpreter_b_judgment": null,
        "interpreter_a_type": null,
        "interpreter_b_type": null,
        "interpreter_a_note": null,
        "interpreter_b_note": null,
        "interpreter_a_needs_check": null,
        "interpreter_b_needs_check": null,
        "experiment_id": "window-a-2019-2025-frozen"
      }
    },
    {
      "type": "Feature",
      "id": 411,
      "geometry": {
        "type": "Polygon",
        "coordinates": [
          [
            [
              139.66961122,
              35.66154596
            ],
            [
              139.67006037,
              35.66154596
            ],
            [
              139.67006037,
              35.66191089
            ],
            [
              139.66961122,
              35.66191089
            ],
            [
              139.66961122,
              35.66154596
            ]
          ]
        ]
      },
      "properties": {
        "mesh_id": 411,
        "source_feature_id": "310959,85083",
        "evaluation_class": "NOT_EVALUATED",
        "ground_truth": null,
        "detected": false,
        "review_status": "NOT_REVIEWED",
        "change_type": null,
        "source_change_type": null,
        "type_basis": null,
        "source_density": 0.0,
        "source_mean": 0.0,
        "density_rank": null,
        "interpreter_a_judgment": null,
        "interpreter_b_judgment": null,
        "interpreter_a_type": null,
        "interpreter_b_type": null,
        "interpreter_a_note": null,
        "interpreter_b_note": null,
        "interpreter_a_needs_check": null,
        "interpreter_b_needs_check": null,
        "experiment_id": "window-a-2019-2025-frozen"
      }
    },
    {
      "type": "Feature",
      "id": 412,
      "geometry": {
        "type": "Polygon",
        "coordinates": [
          [
            [
              139.67006037,
              35.66154596
            ],
            [
              139.67050953,
              35.66154596
            ],
            [
              139.67050953,
              35.66191089
            ],
            [
              139.67006037,
              35.66191089
            ],
            [
              139.67006037,
              35.66154596
            ]
          ]
        ]
      },
      "properties": {
        "mesh_id": 412,
        "source_feature_id": "310960,85083",
        "evaluation_class": "NOT_EVALUATED",
        "ground_truth": null,
        "detected": false,
        "review_status": "NOT_REVIEWED",
        "change_type": null,
        "source_change_type": null,
        "type_basis": null,
        "source_density": 0.0,
        "source_mean": 0.0,
        "density_rank": null,
        "interpreter_a_judgment": null,
        "interpreter_b_judgment": null,
        "interpreter_a_type": null,
        "interpreter_b_type": null,
        "interpreter_a_note": null,
        "interpreter_b_note": null,
        "interpreter_a_needs_check": null,
        "interpreter_b_needs_check": null,
        "experiment_id": "window-a-2019-2025-frozen"
      }
    },
    {
      "type": "Feature",
      "id": 413,
      "geometry": {
        "type": "Polygon",
        "coordinates": [
          [
            [
              139.67050953,
              35.66154596
            ],
            [
              139.67095869,
              35.66154596
            ],
            [
              139.67095869,
              35.66191089
            ],
            [
              139.67050953,
              35.66191089
            ],
            [
              139.67050953,
              35.66154596
            ]
          ]
        ]
      },
      "properties": {
        "mesh_id": 413,
        "source_feature_id": "310961,85083",
        "evaluation_class": "NOT_EVALUATED",
        "ground_truth": null,
        "detected": false,
        "review_status": "NOT_REVIEWED",
        "change_type": null,
        "source_change_type": null,
        "type_basis": null,
        "source_density": 0.0,
        "source_mean": 0.0,
        "density_rank": null,
        "interpreter_a_judgment": null,
        "interpreter_b_judgment": null,
        "interpreter_a_type": null,
        "interpreter_b_type": null,
        "interpreter_a_note": null,
        "interpreter_b_note": null,
        "interpreter_a_needs_check": null,
        "interpreter_b_needs_check": null,
        "experiment_id": "window-a-2019-2025-frozen"
      }
    },
    {
      "type": "Feature",
      "id": 414,
      "geometry": {
        "type": "Polygon",
        "coordinates": [
          [
            [
              139.67095869,
              35.66154596
            ],
            [
              139.67140785,
              35.66154596
            ],
            [
              139.67140785,
              35.66191089
            ],
            [
              139.67095869,
              35.66191089
            ],
            [
              139.67095869,
              35.66154596
            ]
          ]
        ]
      },
      "properties": {
        "mesh_id": 414,
        "source_feature_id": "310962,85083",
        "evaluation_class": "NOT_EVALUATED",
        "ground_truth": null,
        "detected": false,
        "review_status": "NOT_REVIEWED",
        "change_type": null,
        "source_change_type": null,
        "type_basis": null,
        "source_density": 0.0,
        "source_mean": 0.0,
        "density_rank": null,
        "interpreter_a_judgment": null,
        "interpreter_b_judgment": null,
        "interpreter_a_type": null,
        "interpreter_b_type": null,
        "interpreter_a_note": null,
        "interpreter_b_note": null,
        "interpreter_a_needs_check": null,
        "interpreter_b_needs_check": null,
        "experiment_id": "window-a-2019-2025-frozen"
      }
    },
    {
      "type": "Feature",
      "id": 415,
      "geometry": {
        "type": "Polygon",
        "coordinates": [
          [
            [
              139.67140785,
              35.66154596
            ],
            [
              139.67185701,
              35.66154596
            ],
            [
              139.67185701,
              35.66191089
            ],
            [
              139.67140785,
              35.66191089
            ],
            [
              139.67140785,
              35.66154596
            ]
          ]
        ]
      },
      "properties": {
        "mesh_id": 415,
        "source_feature_id": "310963,85083",
        "evaluation_class": "NOT_EVALUATED",
        "ground_truth": null,
        "detected": false,
        "review_status": "NOT_REVIEWED",
        "change_type": null,
        "source_change_type": null,
        "type_basis": null,
        "source_density": 0.0,
        "source_mean": 0.0,
        "density_rank": null,
        "interpreter_a_judgment": null,
        "interpreter_b_judgment": null,
        "interpreter_a_type": null,
        "interpreter_b_type": null,
        "interpreter_a_note": null,
        "interpreter_b_note": null,
        "interpreter_a_needs_check": null,
        "interpreter_b_needs_check": null,
        "experiment_id": "window-a-2019-2025-frozen"
      }
    },
    {
      "type": "Feature",
      "id": 416,
      "geometry": {
        "type": "Polygon",
        "coordinates": [
          [
            [
              139.66017891,
              35.66191089
            ],
            [
              139.66062806,
              35.66191089
            ],
            [
              139.66062806,
              35.66227582
            ],
            [
              139.66017891,
              35.66227582
            ],
            [
              139.66017891,
              35.66191089
            ]
          ]
        ]
      },
      "properties": {
        "mesh_id": 416,
        "source_feature_id": "310938,85084",
        "evaluation_class": "NOT_EVALUATED",
        "ground_truth": null,
        "detected": false,
        "review_status": "NOT_REVIEWED",
        "change_type": null,
        "source_change_type": null,
        "type_basis": null,
        "source_density": 0.0,
        "source_mean": 0.0,
        "density_rank": null,
        "interpreter_a_judgment": null,
        "interpreter_b_judgment": null,
        "interpreter_a_type": null,
        "interpreter_b_type": null,
        "interpreter_a_note": null,
        "interpreter_b_note": null,
        "interpreter_a_needs_check": null,
        "interpreter_b_needs_check": null,
        "experiment_id": "window-a-2019-2025-frozen"
      }
    },
    {
      "type": "Feature",
      "id": 417,
      "geometry": {
        "type": "Polygon",
        "coordinates": [
          [
            [
              139.66062806,
              35.66191089
            ],
            [
              139.66107722,
              35.66191089
            ],
            [
              139.66107722,
              35.66227582
            ],
            [
              139.66062806,
              35.66227582
            ],
            [
              139.66062806,
              35.66191089
            ]
          ]
        ]
      },
      "properties": {
        "mesh_id": 417,
        "source_feature_id": "310939,85084",
        "evaluation_class": "NOT_EVALUATED",
        "ground_truth": null,
        "detected": false,
        "review_status": "NOT_REVIEWED",
        "change_type": null,
        "source_change_type": null,
        "type_basis": null,
        "source_density": 0.0,
        "source_mean": 0.0,
        "density_rank": null,
        "interpreter_a_judgment": null,
        "interpreter_b_judgment": null,
        "interpreter_a_type": null,
        "interpreter_b_type": null,
        "interpreter_a_note": null,
        "interpreter_b_note": null,
        "interpreter_a_needs_check": null,
        "interpreter_b_needs_check": null,
        "experiment_id": "window-a-2019-2025-frozen"
      }
    },
    {
      "type": "Feature",
      "id": 418,
      "geometry": {
        "type": "Polygon",
        "coordinates": [
          [
            [
              139.66107722,
              35.66191089
            ],
            [
              139.66152638,
              35.66191089
            ],
            [
              139.66152638,
              35.66227582
            ],
            [
              139.66107722,
              35.66227582
            ],
            [
              139.66107722,
              35.66191089
            ]
          ]
        ]
      },
      "properties": {
        "mesh_id": 418,
        "source_feature_id": "310940,85084",
        "evaluation_class": "NOT_EVALUATED",
        "ground_truth": null,
        "detected": false,
        "review_status": "NOT_REVIEWED",
        "change_type": null,
        "source_change_type": null,
        "type_basis": null,
        "source_density": 0.0,
        "source_mean": 0.0,
        "density_rank": null,
        "interpreter_a_judgment": null,
        "interpreter_b_judgment": null,
        "interpreter_a_type": null,
        "interpreter_b_type": null,
        "interpreter_a_note": null,
        "interpreter_b_note": null,
        "interpreter_a_needs_check": null,
        "interpreter_b_needs_check": null,
        "experiment_id": "window-a-2019-2025-frozen"
      }
    },
    {
      "type": "Feature",
      "id": 419,
      "geometry": {
        "type": "Polygon",
        "coordinates": [
          [
            [
              139.66152638,
              35.66191089
            ],
            [
              139.66197554,
              35.66191089
            ],
            [
              139.66197554,
              35.66227582
            ],
            [
              139.66152638,
              35.66227582
            ],
            [
              139.66152638,
              35.66191089
            ]
          ]
        ]
      },
      "properties": {
        "mesh_id": 419,
        "source_feature_id": "310941,85084",
        "evaluation_class": "NOT_EVALUATED",
        "ground_truth": null,
        "detected": false,
        "review_status": "NOT_REVIEWED",
        "change_type": null,
        "source_change_type": null,
        "type_basis": null,
        "source_density": 0.0,
        "source_mean": 0.0,
        "density_rank": null,
        "interpreter_a_judgment": null,
        "interpreter_b_judgment": null,
        "interpreter_a_type": null,
        "interpreter_b_type": null,
        "interpreter_a_note": null,
        "interpreter_b_note": null,
        "interpreter_a_needs_check": null,
        "interpreter_b_needs_check": null,
        "experiment_id": "window-a-2019-2025-frozen"
      }
    },
    {
      "type": "Feature",
      "id": 420,
      "geometry": {
        "type": "Polygon",
        "coordinates": [
          [
            [
              139.66197554,
              35.66191089
            ],
            [
              139.66242469,
              35.66191089
            ],
            [
              139.66242469,
              35.66227582
            ],
            [
              139.66197554,
              35.66227582
            ],
            [
              139.66197554,
              35.66191089
            ]
          ]
        ]
      },
      "properties": {
        "mesh_id": 420,
        "source_feature_id": "310942,85084",
        "evaluation_class": "NOT_EVALUATED",
        "ground_truth": null,
        "detected": false,
        "review_status": "NOT_REVIEWED",
        "change_type": null,
        "source_change_type": null,
        "type_basis": null,
        "source_density": 0.0,
        "source_mean": 0.0,
        "density_rank": null,
        "interpreter_a_judgment": null,
        "interpreter_b_judgment": null,
        "interpreter_a_type": null,
        "interpreter_b_type": null,
        "interpreter_a_note": null,
        "interpreter_b_note": null,
        "interpreter_a_needs_check": null,
        "interpreter_b_needs_check": null,
        "experiment_id": "window-a-2019-2025-frozen"
      }
    },
    {
      "type": "Feature",
      "id": 421,
      "geometry": {
        "type": "Polygon",
        "coordinates": [
          [
            [
              139.66242469,
              35.66191089
            ],
            [
              139.66287385,
              35.66191089
            ],
            [
              139.66287385,
              35.66227582
            ],
            [
              139.66242469,
              35.66227582
            ],
            [
              139.66242469,
              35.66191089
            ]
          ]
        ]
      },
      "properties": {
        "mesh_id": 421,
        "source_feature_id": "310943,85084",
        "evaluation_class": "NOT_EVALUATED",
        "ground_truth": null,
        "detected": false,
        "review_status": "NOT_REVIEWED",
        "change_type": null,
        "source_change_type": null,
        "type_basis": null,
        "source_density": 0.0,
        "source_mean": 0.0,
        "density_rank": null,
        "interpreter_a_judgment": null,
        "interpreter_b_judgment": null,
        "interpreter_a_type": null,
        "interpreter_b_type": null,
        "interpreter_a_note": null,
        "interpreter_b_note": null,
        "interpreter_a_needs_check": null,
        "interpreter_b_needs_check": null,
        "experiment_id": "window-a-2019-2025-frozen"
      }
    },
    {
      "type": "Feature",
      "id": 422,
      "geometry": {
        "type": "Polygon",
        "coordinates": [
          [
            [
              139.66287385,
              35.66191089
            ],
            [
              139.66332301,
              35.66191089
            ],
            [
              139.66332301,
              35.66227582
            ],
            [
              139.66287385,
              35.66227582
            ],
            [
              139.66287385,
              35.66191089
            ]
          ]
        ]
      },
      "properties": {
        "mesh_id": 422,
        "source_feature_id": "310944,85084",
        "evaluation_class": "FP",
        "ground_truth": "NO_CHANGE",
        "detected": true,
        "review_status": "AGREED",
        "change_type": null,
        "source_change_type": null,
        "type_basis": null,
        "source_density": 0.24613899613899606,
        "source_mean": 0.24613899613899606,
        "density_rank": 3,
        "interpreter_a_judgment": "×",
        "interpreter_b_judgment": "×",
        "interpreter_a_type": null,
        "interpreter_b_type": null,
        "interpreter_a_note": null,
        "interpreter_b_note": null,
        "interpreter_a_needs_check": null,
        "interpreter_b_needs_check": null,
        "experiment_id": "window-a-2019-2025-frozen"
      }
    },
    {
      "type": "Feature",
      "id": 423,
      "geometry": {
        "type": "Polygon",
        "coordinates": [
          [
            [
              139.66332301,
              35.66191089
            ],
            [
              139.66377217,
              35.66191089
            ],
            [
              139.66377217,
              35.66227582
            ],
            [
              139.66332301,
              35.66227582
            ],
            [
              139.66332301,
              35.66191089
            ]
          ]
        ]
      },
      "properties": {
        "mesh_id": 423,
        "source_feature_id": "310945,85084",
        "evaluation_class": "NOT_EVALUATED",
        "ground_truth": null,
        "detected": false,
        "review_status": "NOT_REVIEWED",
        "change_type": null,
        "source_change_type": null,
        "type_basis": null,
        "source_density": 0.0,
        "source_mean": 0.0,
        "density_rank": null,
        "interpreter_a_judgment": null,
        "interpreter_b_judgment": null,
        "interpreter_a_type": null,
        "interpreter_b_type": null,
        "interpreter_a_note": null,
        "interpreter_b_note": null,
        "interpreter_a_needs_check": null,
        "interpreter_b_needs_check": null,
        "experiment_id": "window-a-2019-2025-frozen"
      }
    },
    {
      "type": "Feature",
      "id": 424,
      "geometry": {
        "type": "Polygon",
        "coordinates": [
          [
            [
              139.66377217,
              35.66191089
            ],
            [
              139.66422133,
              35.66191089
            ],
            [
              139.66422133,
              35.66227582
            ],
            [
              139.66377217,
              35.66227582
            ],
            [
              139.66377217,
              35.66191089
            ]
          ]
        ]
      },
      "properties": {
        "mesh_id": 424,
        "source_feature_id": "310946,85084",
        "evaluation_class": "NOT_EVALUATED",
        "ground_truth": null,
        "detected": false,
        "review_status": "NOT_REVIEWED",
        "change_type": null,
        "source_change_type": null,
        "type_basis": null,
        "source_density": 0.0,
        "source_mean": 0.0,
        "density_rank": null,
        "interpreter_a_judgment": null,
        "interpreter_b_judgment": null,
        "interpreter_a_type": null,
        "interpreter_b_type": null,
        "interpreter_a_note": null,
        "interpreter_b_note": null,
        "interpreter_a_needs_check": null,
        "interpreter_b_needs_check": null,
        "experiment_id": "window-a-2019-2025-frozen"
      }
    },
    {
      "type": "Feature",
      "id": 425,
      "geometry": {
        "type": "Polygon",
        "coordinates": [
          [
            [
              139.66422133,
              35.66191089
            ],
            [
              139.66467048,
              35.66191089
            ],
            [
              139.66467048,
              35.66227582
            ],
            [
              139.66422133,
              35.66227582
            ],
            [
              139.66422133,
              35.66191089
            ]
          ]
        ]
      },
      "properties": {
        "mesh_id": 425,
        "source_feature_id": "310947,85084",
        "evaluation_class": "NOT_EVALUATED",
        "ground_truth": null,
        "detected": false,
        "review_status": "NOT_REVIEWED",
        "change_type": null,
        "source_change_type": null,
        "type_basis": null,
        "source_density": 0.0,
        "source_mean": 0.0,
        "density_rank": null,
        "interpreter_a_judgment": null,
        "interpreter_b_judgment": null,
        "interpreter_a_type": null,
        "interpreter_b_type": null,
        "interpreter_a_note": null,
        "interpreter_b_note": null,
        "interpreter_a_needs_check": null,
        "interpreter_b_needs_check": null,
        "experiment_id": "window-a-2019-2025-frozen"
      }
    },
    {
      "type": "Feature",
      "id": 426,
      "geometry": {
        "type": "Polygon",
        "coordinates": [
          [
            [
              139.66467048,
              35.66191089
            ],
            [
              139.66511964,
              35.66191089
            ],
            [
              139.66511964,
              35.66227582
            ],
            [
              139.66467048,
              35.66227582
            ],
            [
              139.66467048,
              35.66191089
            ]
          ]
        ]
      },
      "properties": {
        "mesh_id": 426,
        "source_feature_id": "310948,85084",
        "evaluation_class": "NOT_EVALUATED",
        "ground_truth": null,
        "detected": false,
        "review_status": "NOT_REVIEWED",
        "change_type": null,
        "source_change_type": null,
        "type_basis": null,
        "source_density": 0.0,
        "source_mean": 0.0,
        "density_rank": null,
        "interpreter_a_judgment": null,
        "interpreter_b_judgment": null,
        "interpreter_a_type": null,
        "interpreter_b_type": null,
        "interpreter_a_note": null,
        "interpreter_b_note": null,
        "interpreter_a_needs_check": null,
        "interpreter_b_needs_check": null,
        "experiment_id": "window-a-2019-2025-frozen"
      }
    },
    {
      "type": "Feature",
      "id": 427,
      "geometry": {
        "type": "Polygon",
        "coordinates": [
          [
            [
              139.66511964,
              35.66191089
            ],
            [
              139.6655688,
              35.66191089
            ],
            [
              139.6655688,
              35.66227582
            ],
            [
              139.66511964,
              35.66227582
            ],
            [
              139.66511964,
              35.66191089
            ]
          ]
        ]
      },
      "properties": {
        "mesh_id": 427,
        "source_feature_id": "310949,85084",
        "evaluation_class": "NOT_EVALUATED",
        "ground_truth": null,
        "detected": false,
        "review_status": "NOT_REVIEWED",
        "change_type": null,
        "source_change_type": null,
        "type_basis": null,
        "source_density": 0.0,
        "source_mean": 0.0,
        "density_rank": null,
        "interpreter_a_judgment": null,
        "interpreter_b_judgment": null,
        "interpreter_a_type": null,
        "interpreter_b_type": null,
        "interpreter_a_note": null,
        "interpreter_b_note": null,
        "interpreter_a_needs_check": null,
        "interpreter_b_needs_check": null,
        "experiment_id": "window-a-2019-2025-frozen"
      }
    },
    {
      "type": "Feature",
      "id": 428,
      "geometry": {
        "type": "Polygon",
        "coordinates": [
          [
            [
              139.6655688,
              35.66191089
            ],
            [
              139.66601796,
              35.66191089
            ],
            [
              139.66601796,
              35.66227582
            ],
            [
              139.6655688,
              35.66227582
            ],
            [
              139.6655688,
              35.66191089
            ]
          ]
        ]
      },
      "properties": {
        "mesh_id": 428,
        "source_feature_id": "310950,85084",
        "evaluation_class": "NOT_EVALUATED",
        "ground_truth": null,
        "detected": false,
        "review_status": "NOT_REVIEWED",
        "change_type": null,
        "source_change_type": null,
        "type_basis": null,
        "source_density": 0.0,
        "source_mean": 0.0,
        "density_rank": null,
        "interpreter_a_judgment": null,
        "interpreter_b_judgment": null,
        "interpreter_a_type": null,
        "interpreter_b_type": null,
        "interpreter_a_note": null,
        "interpreter_b_note": null,
        "interpreter_a_needs_check": null,
        "interpreter_b_needs_check": null,
        "experiment_id": "window-a-2019-2025-frozen"
      }
    },
    {
      "type": "Feature",
      "id": 429,
      "geometry": {
        "type": "Polygon",
        "coordinates": [
          [
            [
              139.66601796,
              35.66191089
            ],
            [
              139.66646711,
              35.66191089
            ],
            [
              139.66646711,
              35.66227582
            ],
            [
              139.66601796,
              35.66227582
            ],
            [
              139.66601796,
              35.66191089
            ]
          ]
        ]
      },
      "properties": {
        "mesh_id": 429,
        "source_feature_id": "310951,85084",
        "evaluation_class": "NOT_EVALUATED",
        "ground_truth": null,
        "detected": false,
        "review_status": "NOT_REVIEWED",
        "change_type": null,
        "source_change_type": null,
        "type_basis": null,
        "source_density": 0.0,
        "source_mean": 0.0,
        "density_rank": null,
        "interpreter_a_judgment": null,
        "interpreter_b_judgment": null,
        "interpreter_a_type": null,
        "interpreter_b_type": null,
        "interpreter_a_note": null,
        "interpreter_b_note": null,
        "interpreter_a_needs_check": null,
        "interpreter_b_needs_check": null,
        "experiment_id": "window-a-2019-2025-frozen"
      }
    },
    {
      "type": "Feature",
      "id": 430,
      "geometry": {
        "type": "Polygon",
        "coordinates": [
          [
            [
              139.66646711,
              35.66191089
            ],
            [
              139.66691627,
              35.66191089
            ],
            [
              139.66691627,
              35.66227582
            ],
            [
              139.66646711,
              35.66227582
            ],
            [
              139.66646711,
              35.66191089
            ]
          ]
        ]
      },
      "properties": {
        "mesh_id": 430,
        "source_feature_id": "310952,85084",
        "evaluation_class": "NOT_EVALUATED",
        "ground_truth": null,
        "detected": false,
        "review_status": "NOT_REVIEWED",
        "change_type": null,
        "source_change_type": null,
        "type_basis": null,
        "source_density": 0.0,
        "source_mean": 0.0,
        "density_rank": null,
        "interpreter_a_judgment": null,
        "interpreter_b_judgment": null,
        "interpreter_a_type": null,
        "interpreter_b_type": null,
        "interpreter_a_note": null,
        "interpreter_b_note": null,
        "interpreter_a_needs_check": null,
        "interpreter_b_needs_check": null,
        "experiment_id": "window-a-2019-2025-frozen"
      }
    },
    {
      "type": "Feature",
      "id": 431,
      "geometry": {
        "type": "Polygon",
        "coordinates": [
          [
            [
              139.66691627,
              35.66191089
            ],
            [
              139.66736543,
              35.66191089
            ],
            [
              139.66736543,
              35.66227582
            ],
            [
              139.66691627,
              35.66227582
            ],
            [
              139.66691627,
              35.66191089
            ]
          ]
        ]
      },
      "properties": {
        "mesh_id": 431,
        "source_feature_id": "310953,85084",
        "evaluation_class": "NOT_EVALUATED",
        "ground_truth": null,
        "detected": false,
        "review_status": "NOT_REVIEWED",
        "change_type": null,
        "source_change_type": null,
        "type_basis": null,
        "source_density": 0.0,
        "source_mean": 0.0,
        "density_rank": null,
        "interpreter_a_judgment": null,
        "interpreter_b_judgment": null,
        "interpreter_a_type": null,
        "interpreter_b_type": null,
        "interpreter_a_note": null,
        "interpreter_b_note": null,
        "interpreter_a_needs_check": null,
        "interpreter_b_needs_check": null,
        "experiment_id": "window-a-2019-2025-frozen"
      }
    },
    {
      "type": "Feature",
      "id": 432,
      "geometry": {
        "type": "Polygon",
        "coordinates": [
          [
            [
              139.66736543,
              35.66191089
            ],
            [
              139.66781459,
              35.66191089
            ],
            [
              139.66781459,
              35.66227582
            ],
            [
              139.66736543,
              35.66227582
            ],
            [
              139.66736543,
              35.66191089
            ]
          ]
        ]
      },
      "properties": {
        "mesh_id": 432,
        "source_feature_id": "310954,85084",
        "evaluation_class": "TP",
        "ground_truth": "CHANGE",
        "detected": true,
        "review_status": "AGREED",
        "change_type": "DEMOLITION",
        "source_change_type": "D",
        "type_basis": "文字列完全一致",
        "source_density": 0.04922779922779921,
        "source_mean": 0.04922779922779921,
        "density_rank": 24,
        "interpreter_a_judgment": "○",
        "interpreter_b_judgment": "○",
        "interpreter_a_type": "D",
        "interpreter_b_type": "D",
        "interpreter_a_note": null,
        "interpreter_b_note": null,
        "interpreter_a_needs_check": null,
        "interpreter_b_needs_check": null,
        "experiment_id": "window-a-2019-2025-frozen"
      }
    },
    {
      "type": "Feature",
      "id": 433,
      "geometry": {
        "type": "Polygon",
        "coordinates": [
          [
            [
              139.66781459,
              35.66191089
            ],
            [
              139.66826374,
              35.66191089
            ],
            [
              139.66826374,
              35.66227582
            ],
            [
              139.66781459,
              35.66227582
            ],
            [
              139.66781459,
              35.66191089
            ]
          ]
        ]
      },
      "properties": {
        "mesh_id": 433,
        "source_feature_id": "310955,85084",
        "evaluation_class": "NOT_EVALUATED",
        "ground_truth": null,
        "detected": false,
        "review_status": "NOT_REVIEWED",
        "change_type": null,
        "source_change_type": null,
        "type_basis": null,
        "source_density": 0.0,
        "source_mean": 0.0,
        "density_rank": null,
        "interpreter_a_judgment": null,
        "interpreter_b_judgment": null,
        "interpreter_a_type": null,
        "interpreter_b_type": null,
        "interpreter_a_note": null,
        "interpreter_b_note": null,
        "interpreter_a_needs_check": null,
        "interpreter_b_needs_check": null,
        "experiment_id": "window-a-2019-2025-frozen"
      }
    },
    {
      "type": "Feature",
      "id": 434,
      "geometry": {
        "type": "Polygon",
        "coordinates": [
          [
            [
              139.66826374,
              35.66191089
            ],
            [
              139.6687129,
              35.66191089
            ],
            [
              139.6687129,
              35.66227582
            ],
            [
              139.66826374,
              35.66227582
            ],
            [
              139.66826374,
              35.66191089
            ]
          ]
        ]
      },
      "properties": {
        "mesh_id": 434,
        "source_feature_id": "310956,85084",
        "evaluation_class": "NOT_EVALUATED",
        "ground_truth": null,
        "detected": false,
        "review_status": "NOT_REVIEWED",
        "change_type": null,
        "source_change_type": null,
        "type_basis": null,
        "source_density": 0.0,
        "source_mean": 0.0,
        "density_rank": null,
        "interpreter_a_judgment": null,
        "interpreter_b_judgment": null,
        "interpreter_a_type": null,
        "interpreter_b_type": null,
        "interpreter_a_note": null,
        "interpreter_b_note": null,
        "interpreter_a_needs_check": null,
        "interpreter_b_needs_check": null,
        "experiment_id": "window-a-2019-2025-frozen"
      }
    },
    {
      "type": "Feature",
      "id": 435,
      "geometry": {
        "type": "Polygon",
        "coordinates": [
          [
            [
              139.6687129,
              35.66191089
            ],
            [
              139.66916206,
              35.66191089
            ],
            [
              139.66916206,
              35.66227582
            ],
            [
              139.6687129,
              35.66227582
            ],
            [
              139.6687129,
              35.66191089
            ]
          ]
        ]
      },
      "properties": {
        "mesh_id": 435,
        "source_feature_id": "310957,85084",
        "evaluation_class": "NOT_EVALUATED",
        "ground_truth": null,
        "detected": false,
        "review_status": "NOT_REVIEWED",
        "change_type": null,
        "source_change_type": null,
        "type_basis": null,
        "source_density": 0.0,
        "source_mean": 0.0,
        "density_rank": null,
        "interpreter_a_judgment": null,
        "interpreter_b_judgment": null,
        "interpreter_a_type": null,
        "interpreter_b_type": null,
        "interpreter_a_note": null,
        "interpreter_b_note": null,
        "interpreter_a_needs_check": null,
        "interpreter_b_needs_check": null,
        "experiment_id": "window-a-2019-2025-frozen"
      }
    },
    {
      "type": "Feature",
      "id": 436,
      "geometry": {
        "type": "Polygon",
        "coordinates": [
          [
            [
              139.66916206,
              35.66191089
            ],
            [
              139.66961122,
              35.66191089
            ],
            [
              139.66961122,
              35.66227582
            ],
            [
              139.66916206,
              35.66227582
            ],
            [
              139.66916206,
              35.66191089
            ]
          ]
        ]
      },
      "properties": {
        "mesh_id": 436,
        "source_feature_id": "310958,85084",
        "evaluation_class": "NOT_EVALUATED",
        "ground_truth": null,
        "detected": false,
        "review_status": "NOT_REVIEWED",
        "change_type": null,
        "source_change_type": null,
        "type_basis": null,
        "source_density": 0.0,
        "source_mean": 0.0,
        "density_rank": null,
        "interpreter_a_judgment": null,
        "interpreter_b_judgment": null,
        "interpreter_a_type": null,
        "interpreter_b_type": null,
        "interpreter_a_note": null,
        "interpreter_b_note": null,
        "interpreter_a_needs_check": null,
        "interpreter_b_needs_check": null,
        "experiment_id": "window-a-2019-2025-frozen"
      }
    },
    {
      "type": "Feature",
      "id": 437,
      "geometry": {
        "type": "Polygon",
        "coordinates": [
          [
            [
              139.66961122,
              35.66191089
            ],
            [
              139.67006037,
              35.66191089
            ],
            [
              139.67006037,
              35.66227582
            ],
            [
              139.66961122,
              35.66227582
            ],
            [
              139.66961122,
              35.66191089
            ]
          ]
        ]
      },
      "properties": {
        "mesh_id": 437,
        "source_feature_id": "310959,85084",
        "evaluation_class": "NOT_EVALUATED",
        "ground_truth": null,
        "detected": false,
        "review_status": "NOT_REVIEWED",
        "change_type": null,
        "source_change_type": null,
        "type_basis": null,
        "source_density": 0.0,
        "source_mean": 0.0,
        "density_rank": null,
        "interpreter_a_judgment": null,
        "interpreter_b_judgment": null,
        "interpreter_a_type": null,
        "interpreter_b_type": null,
        "interpreter_a_note": null,
        "interpreter_b_note": null,
        "interpreter_a_needs_check": null,
        "interpreter_b_needs_check": null,
        "experiment_id": "window-a-2019-2025-frozen"
      }
    },
    {
      "type": "Feature",
      "id": 438,
      "geometry": {
        "type": "Polygon",
        "coordinates": [
          [
            [
              139.67006037,
              35.66191089
            ],
            [
              139.67050953,
              35.66191089
            ],
            [
              139.67050953,
              35.66227582
            ],
            [
              139.67006037,
              35.66227582
            ],
            [
              139.67006037,
              35.66191089
            ]
          ]
        ]
      },
      "properties": {
        "mesh_id": 438,
        "source_feature_id": "310960,85084",
        "evaluation_class": "NOT_EVALUATED",
        "ground_truth": null,
        "detected": false,
        "review_status": "NOT_REVIEWED",
        "change_type": null,
        "source_change_type": null,
        "type_basis": null,
        "source_density": 0.0,
        "source_mean": 0.0,
        "density_rank": null,
        "interpreter_a_judgment": null,
        "interpreter_b_judgment": null,
        "interpreter_a_type": null,
        "interpreter_b_type": null,
        "interpreter_a_note": null,
        "interpreter_b_note": null,
        "interpreter_a_needs_check": null,
        "interpreter_b_needs_check": null,
        "experiment_id": "window-a-2019-2025-frozen"
      }
    },
    {
      "type": "Feature",
      "id": 439,
      "geometry": {
        "type": "Polygon",
        "coordinates": [
          [
            [
              139.67050953,
              35.66191089
            ],
            [
              139.67095869,
              35.66191089
            ],
            [
              139.67095869,
              35.66227582
            ],
            [
              139.67050953,
              35.66227582
            ],
            [
              139.67050953,
              35.66191089
            ]
          ]
        ]
      },
      "properties": {
        "mesh_id": 439,
        "source_feature_id": "310961,85084",
        "evaluation_class": "NOT_EVALUATED",
        "ground_truth": null,
        "detected": false,
        "review_status": "NOT_REVIEWED",
        "change_type": null,
        "source_change_type": null,
        "type_basis": null,
        "source_density": 0.0,
        "source_mean": 0.0,
        "density_rank": null,
        "interpreter_a_judgment": null,
        "interpreter_b_judgment": null,
        "interpreter_a_type": null,
        "interpreter_b_type": null,
        "interpreter_a_note": null,
        "interpreter_b_note": null,
        "interpreter_a_needs_check": null,
        "interpreter_b_needs_check": null,
        "experiment_id": "window-a-2019-2025-frozen"
      }
    },
    {
      "type": "Feature",
      "id": 440,
      "geometry": {
        "type": "Polygon",
        "coordinates": [
          [
            [
              139.67095869,
              35.66191089
            ],
            [
              139.67140785,
              35.66191089
            ],
            [
              139.67140785,
              35.66227582
            ],
            [
              139.67095869,
              35.66227582
            ],
            [
              139.67095869,
              35.66191089
            ]
          ]
        ]
      },
      "properties": {
        "mesh_id": 440,
        "source_feature_id": "310962,85084",
        "evaluation_class": "NOT_EVALUATED",
        "ground_truth": null,
        "detected": false,
        "review_status": "NOT_REVIEWED",
        "change_type": null,
        "source_change_type": null,
        "type_basis": null,
        "source_density": 0.0,
        "source_mean": 0.0,
        "density_rank": null,
        "interpreter_a_judgment": null,
        "interpreter_b_judgment": null,
        "interpreter_a_type": null,
        "interpreter_b_type": null,
        "interpreter_a_note": null,
        "interpreter_b_note": null,
        "interpreter_a_needs_check": null,
        "interpreter_b_needs_check": null,
        "experiment_id": "window-a-2019-2025-frozen"
      }
    },
    {
      "type": "Feature",
      "id": 441,
      "geometry": {
        "type": "Polygon",
        "coordinates": [
          [
            [
              139.67140785,
              35.66191089
            ],
            [
              139.67185701,
              35.66191089
            ],
            [
              139.67185701,
              35.66227582
            ],
            [
              139.67140785,
              35.66227582
            ],
            [
              139.67140785,
              35.66191089
            ]
          ]
        ]
      },
      "properties": {
        "mesh_id": 441,
        "source_feature_id": "310963,85084",
        "evaluation_class": "NOT_EVALUATED",
        "ground_truth": null,
        "detected": false,
        "review_status": "NOT_REVIEWED",
        "change_type": null,
        "source_change_type": null,
        "type_basis": null,
        "source_density": 0.0,
        "source_mean": 0.0,
        "density_rank": null,
        "interpreter_a_judgment": null,
        "interpreter_b_judgment": null,
        "interpreter_a_type": null,
        "interpreter_b_type": null,
        "interpreter_a_note": null,
        "interpreter_b_note": null,
        "interpreter_a_needs_check": null,
        "interpreter_b_needs_check": null,
        "experiment_id": "window-a-2019-2025-frozen"
      }
    },
    {
      "type": "Feature",
      "id": 442,
      "geometry": {
        "type": "Polygon",
        "coordinates": [
          [
            [
              139.66017891,
              35.66227582
            ],
            [
              139.66062806,
              35.66227582
            ],
            [
              139.66062806,
              35.66264074
            ],
            [
              139.66017891,
              35.66264074
            ],
            [
              139.66017891,
              35.66227582
            ]
          ]
        ]
      },
      "properties": {
        "mesh_id": 442,
        "source_feature_id": "310938,85085",
        "evaluation_class": "NOT_EVALUATED",
        "ground_truth": null,
        "detected": false,
        "review_status": "NOT_REVIEWED",
        "change_type": null,
        "source_change_type": null,
        "type_basis": null,
        "source_density": 0.0,
        "source_mean": 0.0,
        "density_rank": null,
        "interpreter_a_judgment": null,
        "interpreter_b_judgment": null,
        "interpreter_a_type": null,
        "interpreter_b_type": null,
        "interpreter_a_note": null,
        "interpreter_b_note": null,
        "interpreter_a_needs_check": null,
        "interpreter_b_needs_check": null,
        "experiment_id": "window-a-2019-2025-frozen"
      }
    },
    {
      "type": "Feature",
      "id": 443,
      "geometry": {
        "type": "Polygon",
        "coordinates": [
          [
            [
              139.66062806,
              35.66227582
            ],
            [
              139.66107722,
              35.66227582
            ],
            [
              139.66107722,
              35.66264074
            ],
            [
              139.66062806,
              35.66264074
            ],
            [
              139.66062806,
              35.66227582
            ]
          ]
        ]
      },
      "properties": {
        "mesh_id": 443,
        "source_feature_id": "310939,85085",
        "evaluation_class": "NOT_EVALUATED",
        "ground_truth": null,
        "detected": false,
        "review_status": "NOT_REVIEWED",
        "change_type": null,
        "source_change_type": null,
        "type_basis": null,
        "source_density": 0.0,
        "source_mean": 0.0,
        "density_rank": null,
        "interpreter_a_judgment": null,
        "interpreter_b_judgment": null,
        "interpreter_a_type": null,
        "interpreter_b_type": null,
        "interpreter_a_note": null,
        "interpreter_b_note": null,
        "interpreter_a_needs_check": null,
        "interpreter_b_needs_check": null,
        "experiment_id": "window-a-2019-2025-frozen"
      }
    },
    {
      "type": "Feature",
      "id": 444,
      "geometry": {
        "type": "Polygon",
        "coordinates": [
          [
            [
              139.66107722,
              35.66227582
            ],
            [
              139.66152638,
              35.66227582
            ],
            [
              139.66152638,
              35.66264074
            ],
            [
              139.66107722,
              35.66264074
            ],
            [
              139.66107722,
              35.66227582
            ]
          ]
        ]
      },
      "properties": {
        "mesh_id": 444,
        "source_feature_id": "310940,85085",
        "evaluation_class": "NOT_EVALUATED",
        "ground_truth": null,
        "detected": false,
        "review_status": "DISAGREED",
        "change_type": null,
        "source_change_type": null,
        "type_basis": null,
        "source_density": 0.0,
        "source_mean": 0.0,
        "density_rank": null,
        "interpreter_a_judgment": "×",
        "interpreter_b_judgment": "△",
        "interpreter_a_type": null,
        "interpreter_b_type": null,
        "interpreter_a_note": null,
        "interpreter_b_note": "屋根",
        "interpreter_a_needs_check": null,
        "interpreter_b_needs_check": null,
        "experiment_id": "window-a-2019-2025-frozen"
      }
    },
    {
      "type": "Feature",
      "id": 445,
      "geometry": {
        "type": "Polygon",
        "coordinates": [
          [
            [
              139.66152638,
              35.66227582
            ],
            [
              139.66197554,
              35.66227582
            ],
            [
              139.66197554,
              35.66264074
            ],
            [
              139.66152638,
              35.66264074
            ],
            [
              139.66152638,
              35.66227582
            ]
          ]
        ]
      },
      "properties": {
        "mesh_id": 445,
        "source_feature_id": "310941,85085",
        "evaluation_class": "NOT_EVALUATED",
        "ground_truth": null,
        "detected": false,
        "review_status": "NOT_REVIEWED",
        "change_type": null,
        "source_change_type": null,
        "type_basis": null,
        "source_density": 0.0,
        "source_mean": 0.0,
        "density_rank": null,
        "interpreter_a_judgment": null,
        "interpreter_b_judgment": null,
        "interpreter_a_type": null,
        "interpreter_b_type": null,
        "interpreter_a_note": null,
        "interpreter_b_note": null,
        "interpreter_a_needs_check": null,
        "interpreter_b_needs_check": null,
        "experiment_id": "window-a-2019-2025-frozen"
      }
    },
    {
      "type": "Feature",
      "id": 446,
      "geometry": {
        "type": "Polygon",
        "coordinates": [
          [
            [
              139.66197554,
              35.66227582
            ],
            [
              139.66242469,
              35.66227582
            ],
            [
              139.66242469,
              35.66264074
            ],
            [
              139.66197554,
              35.66264074
            ],
            [
              139.66197554,
              35.66227582
            ]
          ]
        ]
      },
      "properties": {
        "mesh_id": 446,
        "source_feature_id": "310942,85085",
        "evaluation_class": "NOT_EVALUATED",
        "ground_truth": null,
        "detected": false,
        "review_status": "DISAGREED",
        "change_type": null,
        "source_change_type": null,
        "type_basis": null,
        "source_density": 0.0,
        "source_mean": 0.0,
        "density_rank": null,
        "interpreter_a_judgment": "△",
        "interpreter_b_judgment": "△",
        "interpreter_a_type": "R",
        "interpreter_b_type": null,
        "interpreter_a_note": "建物が変わっているように見える（一体が赤屋根だったが、2021年のときそこだけ色が変わっている）",
        "interpreter_b_note": "屋根（原文は「〃」）",
        "interpreter_a_needs_check": null,
        "interpreter_b_needs_check": null,
        "experiment_id": "window-a-2019-2025-frozen"
      }
    },
    {
      "type": "Feature",
      "id": 447,
      "geometry": {
        "type": "Polygon",
        "coordinates": [
          [
            [
              139.66242469,
              35.66227582
            ],
            [
              139.66287385,
              35.66227582
            ],
            [
              139.66287385,
              35.66264074
            ],
            [
              139.66242469,
              35.66264074
            ],
            [
              139.66242469,
              35.66227582
            ]
          ]
        ]
      },
      "properties": {
        "mesh_id": 447,
        "source_feature_id": "310943,85085",
        "evaluation_class": "NOT_EVALUATED",
        "ground_truth": null,
        "detected": false,
        "review_status": "NOT_REVIEWED",
        "change_type": null,
        "source_change_type": null,
        "type_basis": null,
        "source_density": 0.0,
        "source_mean": 0.0,
        "density_rank": null,
        "interpreter_a_judgment": null,
        "interpreter_b_judgment": null,
        "interpreter_a_type": null,
        "interpreter_b_type": null,
        "interpreter_a_note": null,
        "interpreter_b_note": null,
        "interpreter_a_needs_check": null,
        "interpreter_b_needs_check": null,
        "experiment_id": "window-a-2019-2025-frozen"
      }
    },
    {
      "type": "Feature",
      "id": 448,
      "geometry": {
        "type": "Polygon",
        "coordinates": [
          [
            [
              139.66287385,
              35.66227582
            ],
            [
              139.66332301,
              35.66227582
            ],
            [
              139.66332301,
              35.66264074
            ],
            [
              139.66287385,
              35.66264074
            ],
            [
              139.66287385,
              35.66227582
            ]
          ]
        ]
      },
      "properties": {
        "mesh_id": 448,
        "source_feature_id": "310944,85085",
        "evaluation_class": "NOT_EVALUATED",
        "ground_truth": null,
        "detected": false,
        "review_status": "NOT_REVIEWED",
        "change_type": null,
        "source_change_type": null,
        "type_basis": null,
        "source_density": 0.0,
        "source_mean": 0.0,
        "density_rank": null,
        "interpreter_a_judgment": null,
        "interpreter_b_judgment": null,
        "interpreter_a_type": null,
        "interpreter_b_type": null,
        "interpreter_a_note": null,
        "interpreter_b_note": null,
        "interpreter_a_needs_check": null,
        "interpreter_b_needs_check": null,
        "experiment_id": "window-a-2019-2025-frozen"
      }
    },
    {
      "type": "Feature",
      "id": 449,
      "geometry": {
        "type": "Polygon",
        "coordinates": [
          [
            [
              139.66332301,
              35.66227582
            ],
            [
              139.66377217,
              35.66227582
            ],
            [
              139.66377217,
              35.66264074
            ],
            [
              139.66332301,
              35.66264074
            ],
            [
              139.66332301,
              35.66227582
            ]
          ]
        ]
      },
      "properties": {
        "mesh_id": 449,
        "source_feature_id": "310945,85085",
        "evaluation_class": "NOT_EVALUATED",
        "ground_truth": null,
        "detected": false,
        "review_status": "NOT_REVIEWED",
        "change_type": null,
        "source_change_type": null,
        "type_basis": null,
        "source_density": 0.0,
        "source_mean": 0.0,
        "density_rank": null,
        "interpreter_a_judgment": null,
        "interpreter_b_judgment": null,
        "interpreter_a_type": null,
        "interpreter_b_type": null,
        "interpreter_a_note": null,
        "interpreter_b_note": null,
        "interpreter_a_needs_check": null,
        "interpreter_b_needs_check": null,
        "experiment_id": "window-a-2019-2025-frozen"
      }
    },
    {
      "type": "Feature",
      "id": 450,
      "geometry": {
        "type": "Polygon",
        "coordinates": [
          [
            [
              139.66377217,
              35.66227582
            ],
            [
              139.66422133,
              35.66227582
            ],
            [
              139.66422133,
              35.66264074
            ],
            [
              139.66377217,
              35.66264074
            ],
            [
              139.66377217,
              35.66227582
            ]
          ]
        ]
      },
      "properties": {
        "mesh_id": 450,
        "source_feature_id": "310946,85085",
        "evaluation_class": "NOT_EVALUATED",
        "ground_truth": null,
        "detected": true,
        "review_status": "DISAGREED",
        "change_type": null,
        "source_change_type": null,
        "type_basis": null,
        "source_density": 0.10366795366795362,
        "source_mean": 0.10366795366795362,
        "density_rank": 12,
        "interpreter_a_judgment": "△",
        "interpreter_b_judgment": "△",
        "interpreter_a_type": "R",
        "interpreter_b_type": null,
        "interpreter_a_note": "屋根の色が明るい色に見えるが、サイズ同じ",
        "interpreter_b_note": "屋根（原文は「〃」）",
        "interpreter_a_needs_check": null,
        "interpreter_b_needs_check": null,
        "experiment_id": "window-a-2019-2025-frozen"
      }
    },
    {
      "type": "Feature",
      "id": 451,
      "geometry": {
        "type": "Polygon",
        "coordinates": [
          [
            [
              139.66422133,
              35.66227582
            ],
            [
              139.66467048,
              35.66227582
            ],
            [
              139.66467048,
              35.66264074
            ],
            [
              139.66422133,
              35.66264074
            ],
            [
              139.66422133,
              35.66227582
            ]
          ]
        ]
      },
      "properties": {
        "mesh_id": 451,
        "source_feature_id": "310947,85085",
        "evaluation_class": "NOT_EVALUATED",
        "ground_truth": null,
        "detected": false,
        "review_status": "NOT_REVIEWED",
        "change_type": null,
        "source_change_type": null,
        "type_basis": null,
        "source_density": 0.0,
        "source_mean": 0.0,
        "density_rank": null,
        "interpreter_a_judgment": null,
        "interpreter_b_judgment": null,
        "interpreter_a_type": null,
        "interpreter_b_type": null,
        "interpreter_a_note": null,
        "interpreter_b_note": null,
        "interpreter_a_needs_check": null,
        "interpreter_b_needs_check": null,
        "experiment_id": "window-a-2019-2025-frozen"
      }
    },
    {
      "type": "Feature",
      "id": 452,
      "geometry": {
        "type": "Polygon",
        "coordinates": [
          [
            [
              139.66467048,
              35.66227582
            ],
            [
              139.66511964,
              35.66227582
            ],
            [
              139.66511964,
              35.66264074
            ],
            [
              139.66467048,
              35.66264074
            ],
            [
              139.66467048,
              35.66227582
            ]
          ]
        ]
      },
      "properties": {
        "mesh_id": 452,
        "source_feature_id": "310948,85085",
        "evaluation_class": "NOT_EVALUATED",
        "ground_truth": null,
        "detected": false,
        "review_status": "NOT_REVIEWED",
        "change_type": null,
        "source_change_type": null,
        "type_basis": null,
        "source_density": 0.0,
        "source_mean": 0.0,
        "density_rank": null,
        "interpreter_a_judgment": null,
        "interpreter_b_judgment": null,
        "interpreter_a_type": null,
        "interpreter_b_type": null,
        "interpreter_a_note": null,
        "interpreter_b_note": null,
        "interpreter_a_needs_check": null,
        "interpreter_b_needs_check": null,
        "experiment_id": "window-a-2019-2025-frozen"
      }
    },
    {
      "type": "Feature",
      "id": 453,
      "geometry": {
        "type": "Polygon",
        "coordinates": [
          [
            [
              139.66511964,
              35.66227582
            ],
            [
              139.6655688,
              35.66227582
            ],
            [
              139.6655688,
              35.66264074
            ],
            [
              139.66511964,
              35.66264074
            ],
            [
              139.66511964,
              35.66227582
            ]
          ]
        ]
      },
      "properties": {
        "mesh_id": 453,
        "source_feature_id": "310949,85085",
        "evaluation_class": "NOT_EVALUATED",
        "ground_truth": null,
        "detected": false,
        "review_status": "NOT_REVIEWED",
        "change_type": null,
        "source_change_type": null,
        "type_basis": null,
        "source_density": 0.0,
        "source_mean": 0.0,
        "density_rank": null,
        "interpreter_a_judgment": null,
        "interpreter_b_judgment": null,
        "interpreter_a_type": null,
        "interpreter_b_type": null,
        "interpreter_a_note": null,
        "interpreter_b_note": null,
        "interpreter_a_needs_check": null,
        "interpreter_b_needs_check": null,
        "experiment_id": "window-a-2019-2025-frozen"
      }
    },
    {
      "type": "Feature",
      "id": 454,
      "geometry": {
        "type": "Polygon",
        "coordinates": [
          [
            [
              139.6655688,
              35.66227582
            ],
            [
              139.66601796,
              35.66227582
            ],
            [
              139.66601796,
              35.66264074
            ],
            [
              139.6655688,
              35.66264074
            ],
            [
              139.6655688,
              35.66227582
            ]
          ]
        ]
      },
      "properties": {
        "mesh_id": 454,
        "source_feature_id": "310950,85085",
        "evaluation_class": "NOT_EVALUATED",
        "ground_truth": null,
        "detected": false,
        "review_status": "NOT_REVIEWED",
        "change_type": null,
        "source_change_type": null,
        "type_basis": null,
        "source_density": 0.0,
        "source_mean": 0.0,
        "density_rank": null,
        "interpreter_a_judgment": null,
        "interpreter_b_judgment": null,
        "interpreter_a_type": null,
        "interpreter_b_type": null,
        "interpreter_a_note": null,
        "interpreter_b_note": null,
        "interpreter_a_needs_check": null,
        "interpreter_b_needs_check": null,
        "experiment_id": "window-a-2019-2025-frozen"
      }
    },
    {
      "type": "Feature",
      "id": 455,
      "geometry": {
        "type": "Polygon",
        "coordinates": [
          [
            [
              139.66601796,
              35.66227582
            ],
            [
              139.66646711,
              35.66227582
            ],
            [
              139.66646711,
              35.66264074
            ],
            [
              139.66601796,
              35.66264074
            ],
            [
              139.66601796,
              35.66227582
            ]
          ]
        ]
      },
      "properties": {
        "mesh_id": 455,
        "source_feature_id": "310951,85085",
        "evaluation_class": "TN",
        "ground_truth": "NO_CHANGE",
        "detected": false,
        "review_status": "AGREED",
        "change_type": null,
        "source_change_type": null,
        "type_basis": null,
        "source_density": 0.0,
        "source_mean": 0.0,
        "density_rank": null,
        "interpreter_a_judgment": "×",
        "interpreter_b_judgment": "×",
        "interpreter_a_type": null,
        "interpreter_b_type": null,
        "interpreter_a_note": null,
        "interpreter_b_note": null,
        "interpreter_a_needs_check": null,
        "interpreter_b_needs_check": null,
        "experiment_id": "window-a-2019-2025-frozen"
      }
    },
    {
      "type": "Feature",
      "id": 456,
      "geometry": {
        "type": "Polygon",
        "coordinates": [
          [
            [
              139.66646711,
              35.66227582
            ],
            [
              139.66691627,
              35.66227582
            ],
            [
              139.66691627,
              35.66264074
            ],
            [
              139.66646711,
              35.66264074
            ],
            [
              139.66646711,
              35.66227582
            ]
          ]
        ]
      },
      "properties": {
        "mesh_id": 456,
        "source_feature_id": "310952,85085",
        "evaluation_class": "NOT_EVALUATED",
        "ground_truth": null,
        "detected": false,
        "review_status": "DISAGREED",
        "change_type": null,
        "source_change_type": null,
        "type_basis": null,
        "source_density": 0.0,
        "source_mean": 0.0,
        "density_rank": null,
        "interpreter_a_judgment": "○",
        "interpreter_b_judgment": "×",
        "interpreter_a_type": "R",
        "interpreter_b_type": null,
        "interpreter_a_note": null,
        "interpreter_b_note": null,
        "interpreter_a_needs_check": null,
        "interpreter_b_needs_check": null,
        "experiment_id": "window-a-2019-2025-frozen"
      }
    },
    {
      "type": "Feature",
      "id": 457,
      "geometry": {
        "type": "Polygon",
        "coordinates": [
          [
            [
              139.66691627,
              35.66227582
            ],
            [
              139.66736543,
              35.66227582
            ],
            [
              139.66736543,
              35.66264074
            ],
            [
              139.66691627,
              35.66264074
            ],
            [
              139.66691627,
              35.66227582
            ]
          ]
        ]
      },
      "properties": {
        "mesh_id": 457,
        "source_feature_id": "310953,85085",
        "evaluation_class": "NOT_EVALUATED",
        "ground_truth": null,
        "detected": false,
        "review_status": "NOT_REVIEWED",
        "change_type": null,
        "source_change_type": null,
        "type_basis": null,
        "source_density": 0.0,
        "source_mean": 0.0,
        "density_rank": null,
        "interpreter_a_judgment": null,
        "interpreter_b_judgment": null,
        "interpreter_a_type": null,
        "interpreter_b_type": null,
        "interpreter_a_note": null,
        "interpreter_b_note": null,
        "interpreter_a_needs_check": null,
        "interpreter_b_needs_check": null,
        "experiment_id": "window-a-2019-2025-frozen"
      }
    },
    {
      "type": "Feature",
      "id": 458,
      "geometry": {
        "type": "Polygon",
        "coordinates": [
          [
            [
              139.66736543,
              35.66227582
            ],
            [
              139.66781459,
              35.66227582
            ],
            [
              139.66781459,
              35.66264074
            ],
            [
              139.66736543,
              35.66264074
            ],
            [
              139.66736543,
              35.66227582
            ]
          ]
        ]
      },
      "properties": {
        "mesh_id": 458,
        "source_feature_id": "310954,85085",
        "evaluation_class": "NOT_EVALUATED",
        "ground_truth": null,
        "detected": false,
        "review_status": "NOT_REVIEWED",
        "change_type": null,
        "source_change_type": null,
        "type_basis": null,
        "source_density": 0.0,
        "source_mean": 0.0,
        "density_rank": null,
        "interpreter_a_judgment": null,
        "interpreter_b_judgment": null,
        "interpreter_a_type": null,
        "interpreter_b_type": null,
        "interpreter_a_note": null,
        "interpreter_b_note": null,
        "interpreter_a_needs_check": null,
        "interpreter_b_needs_check": null,
        "experiment_id": "window-a-2019-2025-frozen"
      }
    },
    {
      "type": "Feature",
      "id": 459,
      "geometry": {
        "type": "Polygon",
        "coordinates": [
          [
            [
              139.66781459,
              35.66227582
            ],
            [
              139.66826374,
              35.66227582
            ],
            [
              139.66826374,
              35.66264074
            ],
            [
              139.66781459,
              35.66264074
            ],
            [
              139.66781459,
              35.66227582
            ]
          ]
        ]
      },
      "properties": {
        "mesh_id": 459,
        "source_feature_id": "310955,85085",
        "evaluation_class": "NOT_EVALUATED",
        "ground_truth": null,
        "detected": false,
        "review_status": "NOT_REVIEWED",
        "change_type": null,
        "source_change_type": null,
        "type_basis": null,
        "source_density": 0.0,
        "source_mean": 0.0,
        "density_rank": null,
        "interpreter_a_judgment": null,
        "interpreter_b_judgment": null,
        "interpreter_a_type": null,
        "interpreter_b_type": null,
        "interpreter_a_note": null,
        "interpreter_b_note": null,
        "interpreter_a_needs_check": null,
        "interpreter_b_needs_check": null,
        "experiment_id": "window-a-2019-2025-frozen"
      }
    },
    {
      "type": "Feature",
      "id": 460,
      "geometry": {
        "type": "Polygon",
        "coordinates": [
          [
            [
              139.66826374,
              35.66227582
            ],
            [
              139.6687129,
              35.66227582
            ],
            [
              139.6687129,
              35.66264074
            ],
            [
              139.66826374,
              35.66264074
            ],
            [
              139.66826374,
              35.66227582
            ]
          ]
        ]
      },
      "properties": {
        "mesh_id": 460,
        "source_feature_id": "310956,85085",
        "evaluation_class": "NOT_EVALUATED",
        "ground_truth": null,
        "detected": false,
        "review_status": "NOT_REVIEWED",
        "change_type": null,
        "source_change_type": null,
        "type_basis": null,
        "source_density": 0.0,
        "source_mean": 0.0,
        "density_rank": null,
        "interpreter_a_judgment": null,
        "interpreter_b_judgment": null,
        "interpreter_a_type": null,
        "interpreter_b_type": null,
        "interpreter_a_note": null,
        "interpreter_b_note": null,
        "interpreter_a_needs_check": null,
        "interpreter_b_needs_check": null,
        "experiment_id": "window-a-2019-2025-frozen"
      }
    },
    {
      "type": "Feature",
      "id": 461,
      "geometry": {
        "type": "Polygon",
        "coordinates": [
          [
            [
              139.6687129,
              35.66227582
            ],
            [
              139.66916206,
              35.66227582
            ],
            [
              139.66916206,
              35.66264074
            ],
            [
              139.6687129,
              35.66264074
            ],
            [
              139.6687129,
              35.66227582
            ]
          ]
        ]
      },
      "properties": {
        "mesh_id": 461,
        "source_feature_id": "310957,85085",
        "evaluation_class": "NOT_EVALUATED",
        "ground_truth": null,
        "detected": false,
        "review_status": "NOT_REVIEWED",
        "change_type": null,
        "source_change_type": null,
        "type_basis": null,
        "source_density": 0.0,
        "source_mean": 0.0,
        "density_rank": null,
        "interpreter_a_judgment": null,
        "interpreter_b_judgment": null,
        "interpreter_a_type": null,
        "interpreter_b_type": null,
        "interpreter_a_note": null,
        "interpreter_b_note": null,
        "interpreter_a_needs_check": null,
        "interpreter_b_needs_check": null,
        "experiment_id": "window-a-2019-2025-frozen"
      }
    },
    {
      "type": "Feature",
      "id": 462,
      "geometry": {
        "type": "Polygon",
        "coordinates": [
          [
            [
              139.66916206,
              35.66227582
            ],
            [
              139.66961122,
              35.66227582
            ],
            [
              139.66961122,
              35.66264074
            ],
            [
              139.66916206,
              35.66264074
            ],
            [
              139.66916206,
              35.66227582
            ]
          ]
        ]
      },
      "properties": {
        "mesh_id": 462,
        "source_feature_id": "310958,85085",
        "evaluation_class": "NOT_EVALUATED",
        "ground_truth": null,
        "detected": false,
        "review_status": "NOT_REVIEWED",
        "change_type": null,
        "source_change_type": null,
        "type_basis": null,
        "source_density": 0.0,
        "source_mean": 0.0,
        "density_rank": null,
        "interpreter_a_judgment": null,
        "interpreter_b_judgment": null,
        "interpreter_a_type": null,
        "interpreter_b_type": null,
        "interpreter_a_note": null,
        "interpreter_b_note": null,
        "interpreter_a_needs_check": null,
        "interpreter_b_needs_check": null,
        "experiment_id": "window-a-2019-2025-frozen"
      }
    },
    {
      "type": "Feature",
      "id": 463,
      "geometry": {
        "type": "Polygon",
        "coordinates": [
          [
            [
              139.66961122,
              35.66227582
            ],
            [
              139.67006037,
              35.66227582
            ],
            [
              139.67006037,
              35.66264074
            ],
            [
              139.66961122,
              35.66264074
            ],
            [
              139.66961122,
              35.66227582
            ]
          ]
        ]
      },
      "properties": {
        "mesh_id": 463,
        "source_feature_id": "310959,85085",
        "evaluation_class": "FN",
        "ground_truth": "CHANGE",
        "detected": false,
        "review_status": "AGREED",
        "change_type": null,
        "source_change_type": null,
        "type_basis": null,
        "source_density": 0.0,
        "source_mean": 0.0,
        "density_rank": null,
        "interpreter_a_judgment": "○",
        "interpreter_b_judgment": "○",
        "interpreter_a_type": "D",
        "interpreter_b_type": "R",
        "interpreter_a_note": "（工事が終わり更地になる）",
        "interpreter_b_note": null,
        "interpreter_a_needs_check": null,
        "interpreter_b_needs_check": null,
        "experiment_id": "window-a-2019-2025-frozen"
      }
    },
    {
      "type": "Feature",
      "id": 464,
      "geometry": {
        "type": "Polygon",
        "coordinates": [
          [
            [
              139.67006037,
              35.66227582
            ],
            [
              139.67050953,
              35.66227582
            ],
            [
              139.67050953,
              35.66264074
            ],
            [
              139.67006037,
              35.66264074
            ],
            [
              139.67006037,
              35.66227582
            ]
          ]
        ]
      },
      "properties": {
        "mesh_id": 464,
        "source_feature_id": "310960,85085",
        "evaluation_class": "NOT_EVALUATED",
        "ground_truth": null,
        "detected": false,
        "review_status": "NOT_REVIEWED",
        "change_type": null,
        "source_change_type": null,
        "type_basis": null,
        "source_density": 0.0,
        "source_mean": 0.0,
        "density_rank": null,
        "interpreter_a_judgment": null,
        "interpreter_b_judgment": null,
        "interpreter_a_type": null,
        "interpreter_b_type": null,
        "interpreter_a_note": null,
        "interpreter_b_note": null,
        "interpreter_a_needs_check": null,
        "interpreter_b_needs_check": null,
        "experiment_id": "window-a-2019-2025-frozen"
      }
    },
    {
      "type": "Feature",
      "id": 465,
      "geometry": {
        "type": "Polygon",
        "coordinates": [
          [
            [
              139.67050953,
              35.66227582
            ],
            [
              139.67095869,
              35.66227582
            ],
            [
              139.67095869,
              35.66264074
            ],
            [
              139.67050953,
              35.66264074
            ],
            [
              139.67050953,
              35.66227582
            ]
          ]
        ]
      },
      "properties": {
        "mesh_id": 465,
        "source_feature_id": "310961,85085",
        "evaluation_class": "NOT_EVALUATED",
        "ground_truth": null,
        "detected": false,
        "review_status": "NOT_REVIEWED",
        "change_type": null,
        "source_change_type": null,
        "type_basis": null,
        "source_density": 0.0,
        "source_mean": 0.0,
        "density_rank": null,
        "interpreter_a_judgment": null,
        "interpreter_b_judgment": null,
        "interpreter_a_type": null,
        "interpreter_b_type": null,
        "interpreter_a_note": null,
        "interpreter_b_note": null,
        "interpreter_a_needs_check": null,
        "interpreter_b_needs_check": null,
        "experiment_id": "window-a-2019-2025-frozen"
      }
    },
    {
      "type": "Feature",
      "id": 466,
      "geometry": {
        "type": "Polygon",
        "coordinates": [
          [
            [
              139.67095869,
              35.66227582
            ],
            [
              139.67140785,
              35.66227582
            ],
            [
              139.67140785,
              35.66264074
            ],
            [
              139.67095869,
              35.66264074
            ],
            [
              139.67095869,
              35.66227582
            ]
          ]
        ]
      },
      "properties": {
        "mesh_id": 466,
        "source_feature_id": "310962,85085",
        "evaluation_class": "NOT_EVALUATED",
        "ground_truth": null,
        "detected": false,
        "review_status": "NOT_REVIEWED",
        "change_type": null,
        "source_change_type": null,
        "type_basis": null,
        "source_density": 0.0,
        "source_mean": 0.0,
        "density_rank": null,
        "interpreter_a_judgment": null,
        "interpreter_b_judgment": null,
        "interpreter_a_type": null,
        "interpreter_b_type": null,
        "interpreter_a_note": null,
        "interpreter_b_note": null,
        "interpreter_a_needs_check": null,
        "interpreter_b_needs_check": null,
        "experiment_id": "window-a-2019-2025-frozen"
      }
    },
    {
      "type": "Feature",
      "id": 467,
      "geometry": {
        "type": "Polygon",
        "coordinates": [
          [
            [
              139.67140785,
              35.66227582
            ],
            [
              139.67185701,
              35.66227582
            ],
            [
              139.67185701,
              35.66264074
            ],
            [
              139.67140785,
              35.66264074
            ],
            [
              139.67140785,
              35.66227582
            ]
          ]
        ]
      },
      "properties": {
        "mesh_id": 467,
        "source_feature_id": "310963,85085",
        "evaluation_class": "NOT_EVALUATED",
        "ground_truth": null,
        "detected": false,
        "review_status": "NOT_REVIEWED",
        "change_type": null,
        "source_change_type": null,
        "type_basis": null,
        "source_density": 0.0,
        "source_mean": 0.0,
        "density_rank": null,
        "interpreter_a_judgment": null,
        "interpreter_b_judgment": null,
        "interpreter_a_type": null,
        "interpreter_b_type": null,
        "interpreter_a_note": null,
        "interpreter_b_note": null,
        "interpreter_a_needs_check": null,
        "interpreter_b_needs_check": null,
        "experiment_id": "window-a-2019-2025-frozen"
      }
    },
    {
      "type": "Feature",
      "id": 468,
      "geometry": {
        "type": "Polygon",
        "coordinates": [
          [
            [
              139.66017891,
              35.66264074
            ],
            [
              139.66062806,
              35.66264074
            ],
            [
              139.66062806,
              35.66300567
            ],
            [
              139.66017891,
              35.66300567
            ],
            [
              139.66017891,
              35.66264074
            ]
          ]
        ]
      },
      "properties": {
        "mesh_id": 468,
        "source_feature_id": "310938,85086",
        "evaluation_class": "NOT_EVALUATED",
        "ground_truth": null,
        "detected": false,
        "review_status": "NOT_REVIEWED",
        "change_type": null,
        "source_change_type": null,
        "type_basis": null,
        "source_density": 0.0,
        "source_mean": 0.0,
        "density_rank": null,
        "interpreter_a_judgment": null,
        "interpreter_b_judgment": null,
        "interpreter_a_type": null,
        "interpreter_b_type": null,
        "interpreter_a_note": null,
        "interpreter_b_note": null,
        "interpreter_a_needs_check": null,
        "interpreter_b_needs_check": null,
        "experiment_id": "window-a-2019-2025-frozen"
      }
    },
    {
      "type": "Feature",
      "id": 469,
      "geometry": {
        "type": "Polygon",
        "coordinates": [
          [
            [
              139.66062806,
              35.66264074
            ],
            [
              139.66107722,
              35.66264074
            ],
            [
              139.66107722,
              35.66300567
            ],
            [
              139.66062806,
              35.66300567
            ],
            [
              139.66062806,
              35.66264074
            ]
          ]
        ]
      },
      "properties": {
        "mesh_id": 469,
        "source_feature_id": "310939,85086",
        "evaluation_class": "NOT_EVALUATED",
        "ground_truth": null,
        "detected": false,
        "review_status": "NOT_REVIEWED",
        "change_type": null,
        "source_change_type": null,
        "type_basis": null,
        "source_density": 0.0,
        "source_mean": 0.0,
        "density_rank": null,
        "interpreter_a_judgment": null,
        "interpreter_b_judgment": null,
        "interpreter_a_type": null,
        "interpreter_b_type": null,
        "interpreter_a_note": null,
        "interpreter_b_note": null,
        "interpreter_a_needs_check": null,
        "interpreter_b_needs_check": null,
        "experiment_id": "window-a-2019-2025-frozen"
      }
    },
    {
      "type": "Feature",
      "id": 470,
      "geometry": {
        "type": "Polygon",
        "coordinates": [
          [
            [
              139.66107722,
              35.66264074
            ],
            [
              139.66152638,
              35.66264074
            ],
            [
              139.66152638,
              35.66300567
            ],
            [
              139.66107722,
              35.66300567
            ],
            [
              139.66107722,
              35.66264074
            ]
          ]
        ]
      },
      "properties": {
        "mesh_id": 470,
        "source_feature_id": "310940,85086",
        "evaluation_class": "NOT_EVALUATED",
        "ground_truth": null,
        "detected": false,
        "review_status": "NOT_REVIEWED",
        "change_type": null,
        "source_change_type": null,
        "type_basis": null,
        "source_density": 0.0,
        "source_mean": 0.0,
        "density_rank": null,
        "interpreter_a_judgment": null,
        "interpreter_b_judgment": null,
        "interpreter_a_type": null,
        "interpreter_b_type": null,
        "interpreter_a_note": null,
        "interpreter_b_note": null,
        "interpreter_a_needs_check": null,
        "interpreter_b_needs_check": null,
        "experiment_id": "window-a-2019-2025-frozen"
      }
    },
    {
      "type": "Feature",
      "id": 471,
      "geometry": {
        "type": "Polygon",
        "coordinates": [
          [
            [
              139.66152638,
              35.66264074
            ],
            [
              139.66197554,
              35.66264074
            ],
            [
              139.66197554,
              35.66300567
            ],
            [
              139.66152638,
              35.66300567
            ],
            [
              139.66152638,
              35.66264074
            ]
          ]
        ]
      },
      "properties": {
        "mesh_id": 471,
        "source_feature_id": "310941,85086",
        "evaluation_class": "NOT_EVALUATED",
        "ground_truth": null,
        "detected": false,
        "review_status": "NOT_REVIEWED",
        "change_type": null,
        "source_change_type": null,
        "type_basis": null,
        "source_density": 0.0,
        "source_mean": 0.0,
        "density_rank": null,
        "interpreter_a_judgment": null,
        "interpreter_b_judgment": null,
        "interpreter_a_type": null,
        "interpreter_b_type": null,
        "interpreter_a_note": null,
        "interpreter_b_note": null,
        "interpreter_a_needs_check": null,
        "interpreter_b_needs_check": null,
        "experiment_id": "window-a-2019-2025-frozen"
      }
    },
    {
      "type": "Feature",
      "id": 472,
      "geometry": {
        "type": "Polygon",
        "coordinates": [
          [
            [
              139.66197554,
              35.66264074
            ],
            [
              139.66242469,
              35.66264074
            ],
            [
              139.66242469,
              35.66300567
            ],
            [
              139.66197554,
              35.66300567
            ],
            [
              139.66197554,
              35.66264074
            ]
          ]
        ]
      },
      "properties": {
        "mesh_id": 472,
        "source_feature_id": "310942,85086",
        "evaluation_class": "NOT_EVALUATED",
        "ground_truth": null,
        "detected": false,
        "review_status": "NOT_REVIEWED",
        "change_type": null,
        "source_change_type": null,
        "type_basis": null,
        "source_density": 0.0,
        "source_mean": 0.0,
        "density_rank": null,
        "interpreter_a_judgment": null,
        "interpreter_b_judgment": null,
        "interpreter_a_type": null,
        "interpreter_b_type": null,
        "interpreter_a_note": null,
        "interpreter_b_note": null,
        "interpreter_a_needs_check": null,
        "interpreter_b_needs_check": null,
        "experiment_id": "window-a-2019-2025-frozen"
      }
    },
    {
      "type": "Feature",
      "id": 473,
      "geometry": {
        "type": "Polygon",
        "coordinates": [
          [
            [
              139.66242469,
              35.66264074
            ],
            [
              139.66287385,
              35.66264074
            ],
            [
              139.66287385,
              35.66300567
            ],
            [
              139.66242469,
              35.66300567
            ],
            [
              139.66242469,
              35.66264074
            ]
          ]
        ]
      },
      "properties": {
        "mesh_id": 473,
        "source_feature_id": "310943,85086",
        "evaluation_class": "NOT_EVALUATED",
        "ground_truth": null,
        "detected": false,
        "review_status": "NOT_REVIEWED",
        "change_type": null,
        "source_change_type": null,
        "type_basis": null,
        "source_density": 0.0,
        "source_mean": 0.0,
        "density_rank": null,
        "interpreter_a_judgment": null,
        "interpreter_b_judgment": null,
        "interpreter_a_type": null,
        "interpreter_b_type": null,
        "interpreter_a_note": null,
        "interpreter_b_note": null,
        "interpreter_a_needs_check": null,
        "interpreter_b_needs_check": null,
        "experiment_id": "window-a-2019-2025-frozen"
      }
    },
    {
      "type": "Feature",
      "id": 474,
      "geometry": {
        "type": "Polygon",
        "coordinates": [
          [
            [
              139.66287385,
              35.66264074
            ],
            [
              139.66332301,
              35.66264074
            ],
            [
              139.66332301,
              35.66300567
            ],
            [
              139.66287385,
              35.66300567
            ],
            [
              139.66287385,
              35.66264074
            ]
          ]
        ]
      },
      "properties": {
        "mesh_id": 474,
        "source_feature_id": "310944,85086",
        "evaluation_class": "NOT_EVALUATED",
        "ground_truth": null,
        "detected": false,
        "review_status": "NOT_REVIEWED",
        "change_type": null,
        "source_change_type": null,
        "type_basis": null,
        "source_density": 0.0,
        "source_mean": 0.0,
        "density_rank": null,
        "interpreter_a_judgment": null,
        "interpreter_b_judgment": null,
        "interpreter_a_type": null,
        "interpreter_b_type": null,
        "interpreter_a_note": null,
        "interpreter_b_note": null,
        "interpreter_a_needs_check": null,
        "interpreter_b_needs_check": null,
        "experiment_id": "window-a-2019-2025-frozen"
      }
    },
    {
      "type": "Feature",
      "id": 475,
      "geometry": {
        "type": "Polygon",
        "coordinates": [
          [
            [
              139.66332301,
              35.66264074
            ],
            [
              139.66377217,
              35.66264074
            ],
            [
              139.66377217,
              35.66300567
            ],
            [
              139.66332301,
              35.66300567
            ],
            [
              139.66332301,
              35.66264074
            ]
          ]
        ]
      },
      "properties": {
        "mesh_id": 475,
        "source_feature_id": "310945,85086",
        "evaluation_class": "NOT_EVALUATED",
        "ground_truth": null,
        "detected": false,
        "review_status": "NOT_REVIEWED",
        "change_type": null,
        "source_change_type": null,
        "type_basis": null,
        "source_density": 0.0,
        "source_mean": 0.0,
        "density_rank": null,
        "interpreter_a_judgment": null,
        "interpreter_b_judgment": null,
        "interpreter_a_type": null,
        "interpreter_b_type": null,
        "interpreter_a_note": null,
        "interpreter_b_note": null,
        "interpreter_a_needs_check": null,
        "interpreter_b_needs_check": null,
        "experiment_id": "window-a-2019-2025-frozen"
      }
    },
    {
      "type": "Feature",
      "id": 476,
      "geometry": {
        "type": "Polygon",
        "coordinates": [
          [
            [
              139.66377217,
              35.66264074
            ],
            [
              139.66422133,
              35.66264074
            ],
            [
              139.66422133,
              35.66300567
            ],
            [
              139.66377217,
              35.66300567
            ],
            [
              139.66377217,
              35.66264074
            ]
          ]
        ]
      },
      "properties": {
        "mesh_id": 476,
        "source_feature_id": "310946,85086",
        "evaluation_class": "NOT_EVALUATED",
        "ground_truth": null,
        "detected": true,
        "review_status": "DISAGREED",
        "change_type": null,
        "source_change_type": null,
        "type_basis": null,
        "source_density": 0.044015444015444,
        "source_mean": 0.044015444015444,
        "density_rank": 28,
        "interpreter_a_judgment": "△",
        "interpreter_b_judgment": "△",
        "interpreter_a_type": "R",
        "interpreter_b_type": null,
        "interpreter_a_note": "同じ（450と同内容・矢印で紐付け）",
        "interpreter_b_note": "屋根",
        "interpreter_a_needs_check": null,
        "interpreter_b_needs_check": "要確認",
        "experiment_id": "window-a-2019-2025-frozen"
      }
    },
    {
      "type": "Feature",
      "id": 477,
      "geometry": {
        "type": "Polygon",
        "coordinates": [
          [
            [
              139.66422133,
              35.66264074
            ],
            [
              139.66467048,
              35.66264074
            ],
            [
              139.66467048,
              35.66300567
            ],
            [
              139.66422133,
              35.66300567
            ],
            [
              139.66422133,
              35.66264074
            ]
          ]
        ]
      },
      "properties": {
        "mesh_id": 477,
        "source_feature_id": "310947,85086",
        "evaluation_class": "NOT_EVALUATED",
        "ground_truth": null,
        "detected": false,
        "review_status": "NOT_REVIEWED",
        "change_type": null,
        "source_change_type": null,
        "type_basis": null,
        "source_density": 0.0,
        "source_mean": 0.0,
        "density_rank": null,
        "interpreter_a_judgment": null,
        "interpreter_b_judgment": null,
        "interpreter_a_type": null,
        "interpreter_b_type": null,
        "interpreter_a_note": null,
        "interpreter_b_note": null,
        "interpreter_a_needs_check": null,
        "interpreter_b_needs_check": null,
        "experiment_id": "window-a-2019-2025-frozen"
      }
    },
    {
      "type": "Feature",
      "id": 478,
      "geometry": {
        "type": "Polygon",
        "coordinates": [
          [
            [
              139.66467048,
              35.66264074
            ],
            [
              139.66511964,
              35.66264074
            ],
            [
              139.66511964,
              35.66300567
            ],
            [
              139.66467048,
              35.66300567
            ],
            [
              139.66467048,
              35.66264074
            ]
          ]
        ]
      },
      "properties": {
        "mesh_id": 478,
        "source_feature_id": "310948,85086",
        "evaluation_class": "NOT_EVALUATED",
        "ground_truth": null,
        "detected": false,
        "review_status": "NOT_REVIEWED",
        "change_type": null,
        "source_change_type": null,
        "type_basis": null,
        "source_density": 0.0,
        "source_mean": 0.0,
        "density_rank": null,
        "interpreter_a_judgment": null,
        "interpreter_b_judgment": null,
        "interpreter_a_type": null,
        "interpreter_b_type": null,
        "interpreter_a_note": null,
        "interpreter_b_note": null,
        "interpreter_a_needs_check": null,
        "interpreter_b_needs_check": null,
        "experiment_id": "window-a-2019-2025-frozen"
      }
    },
    {
      "type": "Feature",
      "id": 479,
      "geometry": {
        "type": "Polygon",
        "coordinates": [
          [
            [
              139.66511964,
              35.66264074
            ],
            [
              139.6655688,
              35.66264074
            ],
            [
              139.6655688,
              35.66300567
            ],
            [
              139.66511964,
              35.66300567
            ],
            [
              139.66511964,
              35.66264074
            ]
          ]
        ]
      },
      "properties": {
        "mesh_id": 479,
        "source_feature_id": "310949,85086",
        "evaluation_class": "NOT_EVALUATED",
        "ground_truth": null,
        "detected": false,
        "review_status": "NOT_REVIEWED",
        "change_type": null,
        "source_change_type": null,
        "type_basis": null,
        "source_density": 0.0,
        "source_mean": 0.0,
        "density_rank": null,
        "interpreter_a_judgment": null,
        "interpreter_b_judgment": null,
        "interpreter_a_type": null,
        "interpreter_b_type": null,
        "interpreter_a_note": null,
        "interpreter_b_note": null,
        "interpreter_a_needs_check": null,
        "interpreter_b_needs_check": null,
        "experiment_id": "window-a-2019-2025-frozen"
      }
    },
    {
      "type": "Feature",
      "id": 480,
      "geometry": {
        "type": "Polygon",
        "coordinates": [
          [
            [
              139.6655688,
              35.66264074
            ],
            [
              139.66601796,
              35.66264074
            ],
            [
              139.66601796,
              35.66300567
            ],
            [
              139.6655688,
              35.66300567
            ],
            [
              139.6655688,
              35.66264074
            ]
          ]
        ]
      },
      "properties": {
        "mesh_id": 480,
        "source_feature_id": "310950,85086",
        "evaluation_class": "NOT_EVALUATED",
        "ground_truth": null,
        "detected": false,
        "review_status": "NOT_REVIEWED",
        "change_type": null,
        "source_change_type": null,
        "type_basis": null,
        "source_density": 0.0,
        "source_mean": 0.0,
        "density_rank": null,
        "interpreter_a_judgment": null,
        "interpreter_b_judgment": null,
        "interpreter_a_type": null,
        "interpreter_b_type": null,
        "interpreter_a_note": null,
        "interpreter_b_note": null,
        "interpreter_a_needs_check": null,
        "interpreter_b_needs_check": null,
        "experiment_id": "window-a-2019-2025-frozen"
      }
    },
    {
      "type": "Feature",
      "id": 481,
      "geometry": {
        "type": "Polygon",
        "coordinates": [
          [
            [
              139.66601796,
              35.66264074
            ],
            [
              139.66646711,
              35.66264074
            ],
            [
              139.66646711,
              35.66300567
            ],
            [
              139.66601796,
              35.66300567
            ],
            [
              139.66601796,
              35.66264074
            ]
          ]
        ]
      },
      "properties": {
        "mesh_id": 481,
        "source_feature_id": "310951,85086",
        "evaluation_class": "NOT_EVALUATED",
        "ground_truth": null,
        "detected": false,
        "review_status": "NOT_REVIEWED",
        "change_type": null,
        "source_change_type": null,
        "type_basis": null,
        "source_density": 0.0,
        "source_mean": 0.0,
        "density_rank": null,
        "interpreter_a_judgment": null,
        "interpreter_b_judgment": null,
        "interpreter_a_type": null,
        "interpreter_b_type": null,
        "interpreter_a_note": null,
        "interpreter_b_note": null,
        "interpreter_a_needs_check": null,
        "interpreter_b_needs_check": null,
        "experiment_id": "window-a-2019-2025-frozen"
      }
    },
    {
      "type": "Feature",
      "id": 482,
      "geometry": {
        "type": "Polygon",
        "coordinates": [
          [
            [
              139.66646711,
              35.66264074
            ],
            [
              139.66691627,
              35.66264074
            ],
            [
              139.66691627,
              35.66300567
            ],
            [
              139.66646711,
              35.66300567
            ],
            [
              139.66646711,
              35.66264074
            ]
          ]
        ]
      },
      "properties": {
        "mesh_id": 482,
        "source_feature_id": "310952,85086",
        "evaluation_class": "NOT_EVALUATED",
        "ground_truth": null,
        "detected": false,
        "review_status": "NOT_REVIEWED",
        "change_type": null,
        "source_change_type": null,
        "type_basis": null,
        "source_density": 0.0,
        "source_mean": 0.0,
        "density_rank": null,
        "interpreter_a_judgment": null,
        "interpreter_b_judgment": null,
        "interpreter_a_type": null,
        "interpreter_b_type": null,
        "interpreter_a_note": null,
        "interpreter_b_note": null,
        "interpreter_a_needs_check": null,
        "interpreter_b_needs_check": null,
        "experiment_id": "window-a-2019-2025-frozen"
      }
    },
    {
      "type": "Feature",
      "id": 483,
      "geometry": {
        "type": "Polygon",
        "coordinates": [
          [
            [
              139.66691627,
              35.66264074
            ],
            [
              139.66736543,
              35.66264074
            ],
            [
              139.66736543,
              35.66300567
            ],
            [
              139.66691627,
              35.66300567
            ],
            [
              139.66691627,
              35.66264074
            ]
          ]
        ]
      },
      "properties": {
        "mesh_id": 483,
        "source_feature_id": "310953,85086",
        "evaluation_class": "NOT_EVALUATED",
        "ground_truth": null,
        "detected": false,
        "review_status": "NOT_REVIEWED",
        "change_type": null,
        "source_change_type": null,
        "type_basis": null,
        "source_density": 0.0,
        "source_mean": 0.0,
        "density_rank": null,
        "interpreter_a_judgment": null,
        "interpreter_b_judgment": null,
        "interpreter_a_type": null,
        "interpreter_b_type": null,
        "interpreter_a_note": null,
        "interpreter_b_note": null,
        "interpreter_a_needs_check": null,
        "interpreter_b_needs_check": null,
        "experiment_id": "window-a-2019-2025-frozen"
      }
    },
    {
      "type": "Feature",
      "id": 484,
      "geometry": {
        "type": "Polygon",
        "coordinates": [
          [
            [
              139.66736543,
              35.66264074
            ],
            [
              139.66781459,
              35.66264074
            ],
            [
              139.66781459,
              35.66300567
            ],
            [
              139.66736543,
              35.66300567
            ],
            [
              139.66736543,
              35.66264074
            ]
          ]
        ]
      },
      "properties": {
        "mesh_id": 484,
        "source_feature_id": "310954,85086",
        "evaluation_class": "NOT_EVALUATED",
        "ground_truth": null,
        "detected": false,
        "review_status": "NOT_REVIEWED",
        "change_type": null,
        "source_change_type": null,
        "type_basis": null,
        "source_density": 0.0,
        "source_mean": 0.0,
        "density_rank": null,
        "interpreter_a_judgment": null,
        "interpreter_b_judgment": null,
        "interpreter_a_type": null,
        "interpreter_b_type": null,
        "interpreter_a_note": null,
        "interpreter_b_note": null,
        "interpreter_a_needs_check": null,
        "interpreter_b_needs_check": null,
        "experiment_id": "window-a-2019-2025-frozen"
      }
    },
    {
      "type": "Feature",
      "id": 485,
      "geometry": {
        "type": "Polygon",
        "coordinates": [
          [
            [
              139.66781459,
              35.66264074
            ],
            [
              139.66826374,
              35.66264074
            ],
            [
              139.66826374,
              35.66300567
            ],
            [
              139.66781459,
              35.66300567
            ],
            [
              139.66781459,
              35.66264074
            ]
          ]
        ]
      },
      "properties": {
        "mesh_id": 485,
        "source_feature_id": "310955,85086",
        "evaluation_class": "NOT_EVALUATED",
        "ground_truth": null,
        "detected": false,
        "review_status": "NOT_REVIEWED",
        "change_type": null,
        "source_change_type": null,
        "type_basis": null,
        "source_density": 0.0,
        "source_mean": 0.0,
        "density_rank": null,
        "interpreter_a_judgment": null,
        "interpreter_b_judgment": null,
        "interpreter_a_type": null,
        "interpreter_b_type": null,
        "interpreter_a_note": null,
        "interpreter_b_note": null,
        "interpreter_a_needs_check": null,
        "interpreter_b_needs_check": null,
        "experiment_id": "window-a-2019-2025-frozen"
      }
    },
    {
      "type": "Feature",
      "id": 486,
      "geometry": {
        "type": "Polygon",
        "coordinates": [
          [
            [
              139.66826374,
              35.66264074
            ],
            [
              139.6687129,
              35.66264074
            ],
            [
              139.6687129,
              35.66300567
            ],
            [
              139.66826374,
              35.66300567
            ],
            [
              139.66826374,
              35.66264074
            ]
          ]
        ]
      },
      "properties": {
        "mesh_id": 486,
        "source_feature_id": "310956,85086",
        "evaluation_class": "NOT_EVALUATED",
        "ground_truth": null,
        "detected": false,
        "review_status": "NOT_REVIEWED",
        "change_type": null,
        "source_change_type": null,
        "type_basis": null,
        "source_density": 0.0,
        "source_mean": 0.0,
        "density_rank": null,
        "interpreter_a_judgment": null,
        "interpreter_b_judgment": null,
        "interpreter_a_type": null,
        "interpreter_b_type": null,
        "interpreter_a_note": null,
        "interpreter_b_note": null,
        "interpreter_a_needs_check": null,
        "interpreter_b_needs_check": null,
        "experiment_id": "window-a-2019-2025-frozen"
      }
    },
    {
      "type": "Feature",
      "id": 487,
      "geometry": {
        "type": "Polygon",
        "coordinates": [
          [
            [
              139.6687129,
              35.66264074
            ],
            [
              139.66916206,
              35.66264074
            ],
            [
              139.66916206,
              35.66300567
            ],
            [
              139.6687129,
              35.66300567
            ],
            [
              139.6687129,
              35.66264074
            ]
          ]
        ]
      },
      "properties": {
        "mesh_id": 487,
        "source_feature_id": "310957,85086",
        "evaluation_class": "NOT_EVALUATED",
        "ground_truth": null,
        "detected": false,
        "review_status": "NOT_REVIEWED",
        "change_type": null,
        "source_change_type": null,
        "type_basis": null,
        "source_density": 0.0,
        "source_mean": 0.0,
        "density_rank": null,
        "interpreter_a_judgment": null,
        "interpreter_b_judgment": null,
        "interpreter_a_type": null,
        "interpreter_b_type": null,
        "interpreter_a_note": null,
        "interpreter_b_note": null,
        "interpreter_a_needs_check": null,
        "interpreter_b_needs_check": null,
        "experiment_id": "window-a-2019-2025-frozen"
      }
    },
    {
      "type": "Feature",
      "id": 488,
      "geometry": {
        "type": "Polygon",
        "coordinates": [
          [
            [
              139.66916206,
              35.66264074
            ],
            [
              139.66961122,
              35.66264074
            ],
            [
              139.66961122,
              35.66300567
            ],
            [
              139.66916206,
              35.66300567
            ],
            [
              139.66916206,
              35.66264074
            ]
          ]
        ]
      },
      "properties": {
        "mesh_id": 488,
        "source_feature_id": "310958,85086",
        "evaluation_class": "NOT_EVALUATED",
        "ground_truth": null,
        "detected": false,
        "review_status": "NOT_REVIEWED",
        "change_type": null,
        "source_change_type": null,
        "type_basis": null,
        "source_density": 0.0,
        "source_mean": 0.0,
        "density_rank": null,
        "interpreter_a_judgment": null,
        "interpreter_b_judgment": null,
        "interpreter_a_type": null,
        "interpreter_b_type": null,
        "interpreter_a_note": null,
        "interpreter_b_note": null,
        "interpreter_a_needs_check": null,
        "interpreter_b_needs_check": null,
        "experiment_id": "window-a-2019-2025-frozen"
      }
    },
    {
      "type": "Feature",
      "id": 489,
      "geometry": {
        "type": "Polygon",
        "coordinates": [
          [
            [
              139.66961122,
              35.66264074
            ],
            [
              139.67006037,
              35.66264074
            ],
            [
              139.67006037,
              35.66300567
            ],
            [
              139.66961122,
              35.66300567
            ],
            [
              139.66961122,
              35.66264074
            ]
          ]
        ]
      },
      "properties": {
        "mesh_id": 489,
        "source_feature_id": "310959,85086",
        "evaluation_class": "NOT_EVALUATED",
        "ground_truth": null,
        "detected": false,
        "review_status": "NOT_REVIEWED",
        "change_type": null,
        "source_change_type": null,
        "type_basis": null,
        "source_density": 0.0,
        "source_mean": 0.0,
        "density_rank": null,
        "interpreter_a_judgment": null,
        "interpreter_b_judgment": null,
        "interpreter_a_type": null,
        "interpreter_b_type": null,
        "interpreter_a_note": null,
        "interpreter_b_note": null,
        "interpreter_a_needs_check": null,
        "interpreter_b_needs_check": null,
        "experiment_id": "window-a-2019-2025-frozen"
      }
    },
    {
      "type": "Feature",
      "id": 490,
      "geometry": {
        "type": "Polygon",
        "coordinates": [
          [
            [
              139.67006037,
              35.66264074
            ],
            [
              139.67050953,
              35.66264074
            ],
            [
              139.67050953,
              35.66300567
            ],
            [
              139.67006037,
              35.66300567
            ],
            [
              139.67006037,
              35.66264074
            ]
          ]
        ]
      },
      "properties": {
        "mesh_id": 490,
        "source_feature_id": "310960,85086",
        "evaluation_class": "NOT_EVALUATED",
        "ground_truth": null,
        "detected": false,
        "review_status": "NOT_REVIEWED",
        "change_type": null,
        "source_change_type": null,
        "type_basis": null,
        "source_density": 0.0,
        "source_mean": 0.0,
        "density_rank": null,
        "interpreter_a_judgment": null,
        "interpreter_b_judgment": null,
        "interpreter_a_type": null,
        "interpreter_b_type": null,
        "interpreter_a_note": null,
        "interpreter_b_note": null,
        "interpreter_a_needs_check": null,
        "interpreter_b_needs_check": null,
        "experiment_id": "window-a-2019-2025-frozen"
      }
    },
    {
      "type": "Feature",
      "id": 491,
      "geometry": {
        "type": "Polygon",
        "coordinates": [
          [
            [
              139.67050953,
              35.66264074
            ],
            [
              139.67095869,
              35.66264074
            ],
            [
              139.67095869,
              35.66300567
            ],
            [
              139.67050953,
              35.66300567
            ],
            [
              139.67050953,
              35.66264074
            ]
          ]
        ]
      },
      "properties": {
        "mesh_id": 491,
        "source_feature_id": "310961,85086",
        "evaluation_class": "NOT_EVALUATED",
        "ground_truth": null,
        "detected": false,
        "review_status": "NOT_REVIEWED",
        "change_type": null,
        "source_change_type": null,
        "type_basis": null,
        "source_density": 0.0,
        "source_mean": 0.0,
        "density_rank": null,
        "interpreter_a_judgment": null,
        "interpreter_b_judgment": null,
        "interpreter_a_type": null,
        "interpreter_b_type": null,
        "interpreter_a_note": null,
        "interpreter_b_note": null,
        "interpreter_a_needs_check": null,
        "interpreter_b_needs_check": null,
        "experiment_id": "window-a-2019-2025-frozen"
      }
    },
    {
      "type": "Feature",
      "id": 492,
      "geometry": {
        "type": "Polygon",
        "coordinates": [
          [
            [
              139.67095869,
              35.66264074
            ],
            [
              139.67140785,
              35.66264074
            ],
            [
              139.67140785,
              35.66300567
            ],
            [
              139.67095869,
              35.66300567
            ],
            [
              139.67095869,
              35.66264074
            ]
          ]
        ]
      },
      "properties": {
        "mesh_id": 492,
        "source_feature_id": "310962,85086",
        "evaluation_class": "NOT_EVALUATED",
        "ground_truth": null,
        "detected": false,
        "review_status": "NOT_REVIEWED",
        "change_type": null,
        "source_change_type": null,
        "type_basis": null,
        "source_density": 0.0,
        "source_mean": 0.0,
        "density_rank": null,
        "interpreter_a_judgment": null,
        "interpreter_b_judgment": null,
        "interpreter_a_type": null,
        "interpreter_b_type": null,
        "interpreter_a_note": null,
        "interpreter_b_note": null,
        "interpreter_a_needs_check": null,
        "interpreter_b_needs_check": null,
        "experiment_id": "window-a-2019-2025-frozen"
      }
    },
    {
      "type": "Feature",
      "id": 493,
      "geometry": {
        "type": "Polygon",
        "coordinates": [
          [
            [
              139.67140785,
              35.66264074
            ],
            [
              139.67185701,
              35.66264074
            ],
            [
              139.67185701,
              35.66300567
            ],
            [
              139.67140785,
              35.66300567
            ],
            [
              139.67140785,
              35.66264074
            ]
          ]
        ]
      },
      "properties": {
        "mesh_id": 493,
        "source_feature_id": "310963,85086",
        "evaluation_class": "NOT_EVALUATED",
        "ground_truth": null,
        "detected": false,
        "review_status": "NOT_REVIEWED",
        "change_type": null,
        "source_change_type": null,
        "type_basis": null,
        "source_density": 0.0,
        "source_mean": 0.0,
        "density_rank": null,
        "interpreter_a_judgment": null,
        "interpreter_b_judgment": null,
        "interpreter_a_type": null,
        "interpreter_b_type": null,
        "interpreter_a_note": null,
        "interpreter_b_note": null,
        "interpreter_a_needs_check": null,
        "interpreter_b_needs_check": null,
        "experiment_id": "window-a-2019-2025-frozen"
      }
    },
    {
      "type": "Feature",
      "id": 494,
      "geometry": {
        "type": "Polygon",
        "coordinates": [
          [
            [
              139.66017891,
              35.66300567
            ],
            [
              139.66062806,
              35.66300567
            ],
            [
              139.66062806,
              35.66337059
            ],
            [
              139.66017891,
              35.66337059
            ],
            [
              139.66017891,
              35.66300567
            ]
          ]
        ]
      },
      "properties": {
        "mesh_id": 494,
        "source_feature_id": "310938,85087",
        "evaluation_class": "NOT_EVALUATED",
        "ground_truth": null,
        "detected": false,
        "review_status": "NOT_REVIEWED",
        "change_type": null,
        "source_change_type": null,
        "type_basis": null,
        "source_density": 0.0,
        "source_mean": 0.0,
        "density_rank": null,
        "interpreter_a_judgment": null,
        "interpreter_b_judgment": null,
        "interpreter_a_type": null,
        "interpreter_b_type": null,
        "interpreter_a_note": null,
        "interpreter_b_note": null,
        "interpreter_a_needs_check": null,
        "interpreter_b_needs_check": null,
        "experiment_id": "window-a-2019-2025-frozen"
      }
    },
    {
      "type": "Feature",
      "id": 495,
      "geometry": {
        "type": "Polygon",
        "coordinates": [
          [
            [
              139.66062806,
              35.66300567
            ],
            [
              139.66107722,
              35.66300567
            ],
            [
              139.66107722,
              35.66337059
            ],
            [
              139.66062806,
              35.66337059
            ],
            [
              139.66062806,
              35.66300567
            ]
          ]
        ]
      },
      "properties": {
        "mesh_id": 495,
        "source_feature_id": "310939,85087",
        "evaluation_class": "NOT_EVALUATED",
        "ground_truth": null,
        "detected": false,
        "review_status": "NOT_REVIEWED",
        "change_type": null,
        "source_change_type": null,
        "type_basis": null,
        "source_density": 0.0,
        "source_mean": 0.0,
        "density_rank": null,
        "interpreter_a_judgment": null,
        "interpreter_b_judgment": null,
        "interpreter_a_type": null,
        "interpreter_b_type": null,
        "interpreter_a_note": null,
        "interpreter_b_note": null,
        "interpreter_a_needs_check": null,
        "interpreter_b_needs_check": null,
        "experiment_id": "window-a-2019-2025-frozen"
      }
    },
    {
      "type": "Feature",
      "id": 496,
      "geometry": {
        "type": "Polygon",
        "coordinates": [
          [
            [
              139.66107722,
              35.66300567
            ],
            [
              139.66152638,
              35.66300567
            ],
            [
              139.66152638,
              35.66337059
            ],
            [
              139.66107722,
              35.66337059
            ],
            [
              139.66107722,
              35.66300567
            ]
          ]
        ]
      },
      "properties": {
        "mesh_id": 496,
        "source_feature_id": "310940,85087",
        "evaluation_class": "NOT_EVALUATED",
        "ground_truth": null,
        "detected": false,
        "review_status": "NOT_REVIEWED",
        "change_type": null,
        "source_change_type": null,
        "type_basis": null,
        "source_density": 0.0,
        "source_mean": 0.0,
        "density_rank": null,
        "interpreter_a_judgment": null,
        "interpreter_b_judgment": null,
        "interpreter_a_type": null,
        "interpreter_b_type": null,
        "interpreter_a_note": null,
        "interpreter_b_note": null,
        "interpreter_a_needs_check": null,
        "interpreter_b_needs_check": null,
        "experiment_id": "window-a-2019-2025-frozen"
      }
    },
    {
      "type": "Feature",
      "id": 497,
      "geometry": {
        "type": "Polygon",
        "coordinates": [
          [
            [
              139.66152638,
              35.66300567
            ],
            [
              139.66197554,
              35.66300567
            ],
            [
              139.66197554,
              35.66337059
            ],
            [
              139.66152638,
              35.66337059
            ],
            [
              139.66152638,
              35.66300567
            ]
          ]
        ]
      },
      "properties": {
        "mesh_id": 497,
        "source_feature_id": "310941,85087",
        "evaluation_class": "FN",
        "ground_truth": "CHANGE",
        "detected": false,
        "review_status": "AGREED",
        "change_type": "REBUILDING",
        "source_change_type": "R",
        "type_basis": "文字列完全一致",
        "source_density": 0.0,
        "source_mean": 0.0,
        "density_rank": null,
        "interpreter_a_judgment": "○",
        "interpreter_b_judgment": "○",
        "interpreter_a_type": "R",
        "interpreter_b_type": "R",
        "interpreter_a_note": null,
        "interpreter_b_note": null,
        "interpreter_a_needs_check": null,
        "interpreter_b_needs_check": null,
        "experiment_id": "window-a-2019-2025-frozen"
      }
    },
    {
      "type": "Feature",
      "id": 498,
      "geometry": {
        "type": "Polygon",
        "coordinates": [
          [
            [
              139.66197554,
              35.66300567
            ],
            [
              139.66242469,
              35.66300567
            ],
            [
              139.66242469,
              35.66337059
            ],
            [
              139.66197554,
              35.66337059
            ],
            [
              139.66197554,
              35.66300567
            ]
          ]
        ]
      },
      "properties": {
        "mesh_id": 498,
        "source_feature_id": "310942,85087",
        "evaluation_class": "NOT_EVALUATED",
        "ground_truth": null,
        "detected": false,
        "review_status": "NOT_REVIEWED",
        "change_type": null,
        "source_change_type": null,
        "type_basis": null,
        "source_density": 0.0,
        "source_mean": 0.0,
        "density_rank": null,
        "interpreter_a_judgment": null,
        "interpreter_b_judgment": null,
        "interpreter_a_type": null,
        "interpreter_b_type": null,
        "interpreter_a_note": null,
        "interpreter_b_note": null,
        "interpreter_a_needs_check": null,
        "interpreter_b_needs_check": null,
        "experiment_id": "window-a-2019-2025-frozen"
      }
    },
    {
      "type": "Feature",
      "id": 499,
      "geometry": {
        "type": "Polygon",
        "coordinates": [
          [
            [
              139.66242469,
              35.66300567
            ],
            [
              139.66287385,
              35.66300567
            ],
            [
              139.66287385,
              35.66337059
            ],
            [
              139.66242469,
              35.66337059
            ],
            [
              139.66242469,
              35.66300567
            ]
          ]
        ]
      },
      "properties": {
        "mesh_id": 499,
        "source_feature_id": "310943,85087",
        "evaluation_class": "NOT_EVALUATED",
        "ground_truth": null,
        "detected": false,
        "review_status": "NOT_REVIEWED",
        "change_type": null,
        "source_change_type": null,
        "type_basis": null,
        "source_density": 0.0,
        "source_mean": 0.0,
        "density_rank": null,
        "interpreter_a_judgment": null,
        "interpreter_b_judgment": null,
        "interpreter_a_type": null,
        "interpreter_b_type": null,
        "interpreter_a_note": null,
        "interpreter_b_note": null,
        "interpreter_a_needs_check": null,
        "interpreter_b_needs_check": null,
        "experiment_id": "window-a-2019-2025-frozen"
      }
    },
    {
      "type": "Feature",
      "id": 500,
      "geometry": {
        "type": "Polygon",
        "coordinates": [
          [
            [
              139.66287385,
              35.66300567
            ],
            [
              139.66332301,
              35.66300567
            ],
            [
              139.66332301,
              35.66337059
            ],
            [
              139.66287385,
              35.66337059
            ],
            [
              139.66287385,
              35.66300567
            ]
          ]
        ]
      },
      "properties": {
        "mesh_id": 500,
        "source_feature_id": "310944,85087",
        "evaluation_class": "NOT_EVALUATED",
        "ground_truth": null,
        "detected": false,
        "review_status": "NOT_REVIEWED",
        "change_type": null,
        "source_change_type": null,
        "type_basis": null,
        "source_density": 0.0,
        "source_mean": 0.0,
        "density_rank": null,
        "interpreter_a_judgment": null,
        "interpreter_b_judgment": null,
        "interpreter_a_type": null,
        "interpreter_b_type": null,
        "interpreter_a_note": null,
        "interpreter_b_note": null,
        "interpreter_a_needs_check": null,
        "interpreter_b_needs_check": null,
        "experiment_id": "window-a-2019-2025-frozen"
      }
    },
    {
      "type": "Feature",
      "id": 501,
      "geometry": {
        "type": "Polygon",
        "coordinates": [
          [
            [
              139.66332301,
              35.66300567
            ],
            [
              139.66377217,
              35.66300567
            ],
            [
              139.66377217,
              35.66337059
            ],
            [
              139.66332301,
              35.66337059
            ],
            [
              139.66332301,
              35.66300567
            ]
          ]
        ]
      },
      "properties": {
        "mesh_id": 501,
        "source_feature_id": "310945,85087",
        "evaluation_class": "NOT_EVALUATED",
        "ground_truth": null,
        "detected": false,
        "review_status": "NOT_REVIEWED",
        "change_type": null,
        "source_change_type": null,
        "type_basis": null,
        "source_density": 0.0,
        "source_mean": 0.0,
        "density_rank": null,
        "interpreter_a_judgment": null,
        "interpreter_b_judgment": null,
        "interpreter_a_type": null,
        "interpreter_b_type": null,
        "interpreter_a_note": null,
        "interpreter_b_note": null,
        "interpreter_a_needs_check": null,
        "interpreter_b_needs_check": null,
        "experiment_id": "window-a-2019-2025-frozen"
      }
    },
    {
      "type": "Feature",
      "id": 502,
      "geometry": {
        "type": "Polygon",
        "coordinates": [
          [
            [
              139.66377217,
              35.66300567
            ],
            [
              139.66422133,
              35.66300567
            ],
            [
              139.66422133,
              35.66337059
            ],
            [
              139.66377217,
              35.66337059
            ],
            [
              139.66377217,
              35.66300567
            ]
          ]
        ]
      },
      "properties": {
        "mesh_id": 502,
        "source_feature_id": "310946,85087",
        "evaluation_class": "NOT_EVALUATED",
        "ground_truth": null,
        "detected": false,
        "review_status": "NOT_REVIEWED",
        "change_type": null,
        "source_change_type": null,
        "type_basis": null,
        "source_density": 0.0,
        "source_mean": 0.0,
        "density_rank": null,
        "interpreter_a_judgment": null,
        "interpreter_b_judgment": null,
        "interpreter_a_type": null,
        "interpreter_b_type": null,
        "interpreter_a_note": null,
        "interpreter_b_note": null,
        "interpreter_a_needs_check": null,
        "interpreter_b_needs_check": null,
        "experiment_id": "window-a-2019-2025-frozen"
      }
    },
    {
      "type": "Feature",
      "id": 503,
      "geometry": {
        "type": "Polygon",
        "coordinates": [
          [
            [
              139.66422133,
              35.66300567
            ],
            [
              139.66467048,
              35.66300567
            ],
            [
              139.66467048,
              35.66337059
            ],
            [
              139.66422133,
              35.66337059
            ],
            [
              139.66422133,
              35.66300567
            ]
          ]
        ]
      },
      "properties": {
        "mesh_id": 503,
        "source_feature_id": "310947,85087",
        "evaluation_class": "NOT_EVALUATED",
        "ground_truth": null,
        "detected": false,
        "review_status": "NOT_REVIEWED",
        "change_type": null,
        "source_change_type": null,
        "type_basis": null,
        "source_density": 0.0,
        "source_mean": 0.0,
        "density_rank": null,
        "interpreter_a_judgment": null,
        "interpreter_b_judgment": null,
        "interpreter_a_type": null,
        "interpreter_b_type": null,
        "interpreter_a_note": null,
        "interpreter_b_note": null,
        "interpreter_a_needs_check": null,
        "interpreter_b_needs_check": null,
        "experiment_id": "window-a-2019-2025-frozen"
      }
    },
    {
      "type": "Feature",
      "id": 504,
      "geometry": {
        "type": "Polygon",
        "coordinates": [
          [
            [
              139.66467048,
              35.66300567
            ],
            [
              139.66511964,
              35.66300567
            ],
            [
              139.66511964,
              35.66337059
            ],
            [
              139.66467048,
              35.66337059
            ],
            [
              139.66467048,
              35.66300567
            ]
          ]
        ]
      },
      "properties": {
        "mesh_id": 504,
        "source_feature_id": "310948,85087",
        "evaluation_class": "NOT_EVALUATED",
        "ground_truth": null,
        "detected": false,
        "review_status": "NOT_REVIEWED",
        "change_type": null,
        "source_change_type": null,
        "type_basis": null,
        "source_density": 0.0,
        "source_mean": 0.0,
        "density_rank": null,
        "interpreter_a_judgment": null,
        "interpreter_b_judgment": null,
        "interpreter_a_type": null,
        "interpreter_b_type": null,
        "interpreter_a_note": null,
        "interpreter_b_note": null,
        "interpreter_a_needs_check": null,
        "interpreter_b_needs_check": null,
        "experiment_id": "window-a-2019-2025-frozen"
      }
    },
    {
      "type": "Feature",
      "id": 505,
      "geometry": {
        "type": "Polygon",
        "coordinates": [
          [
            [
              139.66511964,
              35.66300567
            ],
            [
              139.6655688,
              35.66300567
            ],
            [
              139.6655688,
              35.66337059
            ],
            [
              139.66511964,
              35.66337059
            ],
            [
              139.66511964,
              35.66300567
            ]
          ]
        ]
      },
      "properties": {
        "mesh_id": 505,
        "source_feature_id": "310949,85087",
        "evaluation_class": "NOT_EVALUATED",
        "ground_truth": null,
        "detected": false,
        "review_status": "NOT_REVIEWED",
        "change_type": null,
        "source_change_type": null,
        "type_basis": null,
        "source_density": 0.0,
        "source_mean": 0.0,
        "density_rank": null,
        "interpreter_a_judgment": null,
        "interpreter_b_judgment": null,
        "interpreter_a_type": null,
        "interpreter_b_type": null,
        "interpreter_a_note": null,
        "interpreter_b_note": null,
        "interpreter_a_needs_check": null,
        "interpreter_b_needs_check": null,
        "experiment_id": "window-a-2019-2025-frozen"
      }
    },
    {
      "type": "Feature",
      "id": 506,
      "geometry": {
        "type": "Polygon",
        "coordinates": [
          [
            [
              139.6655688,
              35.66300567
            ],
            [
              139.66601796,
              35.66300567
            ],
            [
              139.66601796,
              35.66337059
            ],
            [
              139.6655688,
              35.66337059
            ],
            [
              139.6655688,
              35.66300567
            ]
          ]
        ]
      },
      "properties": {
        "mesh_id": 506,
        "source_feature_id": "310950,85087",
        "evaluation_class": "NOT_EVALUATED",
        "ground_truth": null,
        "detected": false,
        "review_status": "NOT_REVIEWED",
        "change_type": null,
        "source_change_type": null,
        "type_basis": null,
        "source_density": 0.0,
        "source_mean": 0.0,
        "density_rank": null,
        "interpreter_a_judgment": null,
        "interpreter_b_judgment": null,
        "interpreter_a_type": null,
        "interpreter_b_type": null,
        "interpreter_a_note": null,
        "interpreter_b_note": null,
        "interpreter_a_needs_check": null,
        "interpreter_b_needs_check": null,
        "experiment_id": "window-a-2019-2025-frozen"
      }
    },
    {
      "type": "Feature",
      "id": 507,
      "geometry": {
        "type": "Polygon",
        "coordinates": [
          [
            [
              139.66601796,
              35.66300567
            ],
            [
              139.66646711,
              35.66300567
            ],
            [
              139.66646711,
              35.66337059
            ],
            [
              139.66601796,
              35.66337059
            ],
            [
              139.66601796,
              35.66300567
            ]
          ]
        ]
      },
      "properties": {
        "mesh_id": 507,
        "source_feature_id": "310951,85087",
        "evaluation_class": "NOT_EVALUATED",
        "ground_truth": null,
        "detected": false,
        "review_status": "NOT_REVIEWED",
        "change_type": null,
        "source_change_type": null,
        "type_basis": null,
        "source_density": 0.0,
        "source_mean": 0.0,
        "density_rank": null,
        "interpreter_a_judgment": null,
        "interpreter_b_judgment": null,
        "interpreter_a_type": null,
        "interpreter_b_type": null,
        "interpreter_a_note": null,
        "interpreter_b_note": null,
        "interpreter_a_needs_check": null,
        "interpreter_b_needs_check": null,
        "experiment_id": "window-a-2019-2025-frozen"
      }
    },
    {
      "type": "Feature",
      "id": 508,
      "geometry": {
        "type": "Polygon",
        "coordinates": [
          [
            [
              139.66646711,
              35.66300567
            ],
            [
              139.66691627,
              35.66300567
            ],
            [
              139.66691627,
              35.66337059
            ],
            [
              139.66646711,
              35.66337059
            ],
            [
              139.66646711,
              35.66300567
            ]
          ]
        ]
      },
      "properties": {
        "mesh_id": 508,
        "source_feature_id": "310952,85087",
        "evaluation_class": "NOT_EVALUATED",
        "ground_truth": null,
        "detected": false,
        "review_status": "NOT_REVIEWED",
        "change_type": null,
        "source_change_type": null,
        "type_basis": null,
        "source_density": 0.0,
        "source_mean": 0.0,
        "density_rank": null,
        "interpreter_a_judgment": null,
        "interpreter_b_judgment": null,
        "interpreter_a_type": null,
        "interpreter_b_type": null,
        "interpreter_a_note": null,
        "interpreter_b_note": null,
        "interpreter_a_needs_check": null,
        "interpreter_b_needs_check": null,
        "experiment_id": "window-a-2019-2025-frozen"
      }
    },
    {
      "type": "Feature",
      "id": 509,
      "geometry": {
        "type": "Polygon",
        "coordinates": [
          [
            [
              139.66691627,
              35.66300567
            ],
            [
              139.66736543,
              35.66300567
            ],
            [
              139.66736543,
              35.66337059
            ],
            [
              139.66691627,
              35.66337059
            ],
            [
              139.66691627,
              35.66300567
            ]
          ]
        ]
      },
      "properties": {
        "mesh_id": 509,
        "source_feature_id": "310953,85087",
        "evaluation_class": "NOT_EVALUATED",
        "ground_truth": null,
        "detected": false,
        "review_status": "NOT_REVIEWED",
        "change_type": null,
        "source_change_type": null,
        "type_basis": null,
        "source_density": 0.0,
        "source_mean": 0.0,
        "density_rank": null,
        "interpreter_a_judgment": null,
        "interpreter_b_judgment": null,
        "interpreter_a_type": null,
        "interpreter_b_type": null,
        "interpreter_a_note": null,
        "interpreter_b_note": null,
        "interpreter_a_needs_check": null,
        "interpreter_b_needs_check": null,
        "experiment_id": "window-a-2019-2025-frozen"
      }
    },
    {
      "type": "Feature",
      "id": 510,
      "geometry": {
        "type": "Polygon",
        "coordinates": [
          [
            [
              139.66736543,
              35.66300567
            ],
            [
              139.66781459,
              35.66300567
            ],
            [
              139.66781459,
              35.66337059
            ],
            [
              139.66736543,
              35.66337059
            ],
            [
              139.66736543,
              35.66300567
            ]
          ]
        ]
      },
      "properties": {
        "mesh_id": 510,
        "source_feature_id": "310954,85087",
        "evaluation_class": "NOT_EVALUATED",
        "ground_truth": null,
        "detected": false,
        "review_status": "NOT_REVIEWED",
        "change_type": null,
        "source_change_type": null,
        "type_basis": null,
        "source_density": 0.0,
        "source_mean": 0.0,
        "density_rank": null,
        "interpreter_a_judgment": null,
        "interpreter_b_judgment": null,
        "interpreter_a_type": null,
        "interpreter_b_type": null,
        "interpreter_a_note": null,
        "interpreter_b_note": null,
        "interpreter_a_needs_check": null,
        "interpreter_b_needs_check": null,
        "experiment_id": "window-a-2019-2025-frozen"
      }
    },
    {
      "type": "Feature",
      "id": 511,
      "geometry": {
        "type": "Polygon",
        "coordinates": [
          [
            [
              139.66781459,
              35.66300567
            ],
            [
              139.66826374,
              35.66300567
            ],
            [
              139.66826374,
              35.66337059
            ],
            [
              139.66781459,
              35.66337059
            ],
            [
              139.66781459,
              35.66300567
            ]
          ]
        ]
      },
      "properties": {
        "mesh_id": 511,
        "source_feature_id": "310955,85087",
        "evaluation_class": "NOT_EVALUATED",
        "ground_truth": null,
        "detected": false,
        "review_status": "NOT_REVIEWED",
        "change_type": null,
        "source_change_type": null,
        "type_basis": null,
        "source_density": 0.0,
        "source_mean": 0.0,
        "density_rank": null,
        "interpreter_a_judgment": null,
        "interpreter_b_judgment": null,
        "interpreter_a_type": null,
        "interpreter_b_type": null,
        "interpreter_a_note": null,
        "interpreter_b_note": null,
        "interpreter_a_needs_check": null,
        "interpreter_b_needs_check": null,
        "experiment_id": "window-a-2019-2025-frozen"
      }
    },
    {
      "type": "Feature",
      "id": 512,
      "geometry": {
        "type": "Polygon",
        "coordinates": [
          [
            [
              139.66826374,
              35.66300567
            ],
            [
              139.6687129,
              35.66300567
            ],
            [
              139.6687129,
              35.66337059
            ],
            [
              139.66826374,
              35.66337059
            ],
            [
              139.66826374,
              35.66300567
            ]
          ]
        ]
      },
      "properties": {
        "mesh_id": 512,
        "source_feature_id": "310956,85087",
        "evaluation_class": "NOT_EVALUATED",
        "ground_truth": null,
        "detected": false,
        "review_status": "NOT_REVIEWED",
        "change_type": null,
        "source_change_type": null,
        "type_basis": null,
        "source_density": 0.0,
        "source_mean": 0.0,
        "density_rank": null,
        "interpreter_a_judgment": null,
        "interpreter_b_judgment": null,
        "interpreter_a_type": null,
        "interpreter_b_type": null,
        "interpreter_a_note": null,
        "interpreter_b_note": null,
        "interpreter_a_needs_check": null,
        "interpreter_b_needs_check": null,
        "experiment_id": "window-a-2019-2025-frozen"
      }
    },
    {
      "type": "Feature",
      "id": 513,
      "geometry": {
        "type": "Polygon",
        "coordinates": [
          [
            [
              139.6687129,
              35.66300567
            ],
            [
              139.66916206,
              35.66300567
            ],
            [
              139.66916206,
              35.66337059
            ],
            [
              139.6687129,
              35.66337059
            ],
            [
              139.6687129,
              35.66300567
            ]
          ]
        ]
      },
      "properties": {
        "mesh_id": 513,
        "source_feature_id": "310957,85087",
        "evaluation_class": "NOT_EVALUATED",
        "ground_truth": null,
        "detected": false,
        "review_status": "NOT_REVIEWED",
        "change_type": null,
        "source_change_type": null,
        "type_basis": null,
        "source_density": 0.0,
        "source_mean": 0.0,
        "density_rank": null,
        "interpreter_a_judgment": null,
        "interpreter_b_judgment": null,
        "interpreter_a_type": null,
        "interpreter_b_type": null,
        "interpreter_a_note": null,
        "interpreter_b_note": null,
        "interpreter_a_needs_check": null,
        "interpreter_b_needs_check": null,
        "experiment_id": "window-a-2019-2025-frozen"
      }
    },
    {
      "type": "Feature",
      "id": 514,
      "geometry": {
        "type": "Polygon",
        "coordinates": [
          [
            [
              139.66916206,
              35.66300567
            ],
            [
              139.66961122,
              35.66300567
            ],
            [
              139.66961122,
              35.66337059
            ],
            [
              139.66916206,
              35.66337059
            ],
            [
              139.66916206,
              35.66300567
            ]
          ]
        ]
      },
      "properties": {
        "mesh_id": 514,
        "source_feature_id": "310958,85087",
        "evaluation_class": "NOT_EVALUATED",
        "ground_truth": null,
        "detected": false,
        "review_status": "NOT_REVIEWED",
        "change_type": null,
        "source_change_type": null,
        "type_basis": null,
        "source_density": 0.0,
        "source_mean": 0.0,
        "density_rank": null,
        "interpreter_a_judgment": null,
        "interpreter_b_judgment": null,
        "interpreter_a_type": null,
        "interpreter_b_type": null,
        "interpreter_a_note": null,
        "interpreter_b_note": null,
        "interpreter_a_needs_check": null,
        "interpreter_b_needs_check": null,
        "experiment_id": "window-a-2019-2025-frozen"
      }
    },
    {
      "type": "Feature",
      "id": 515,
      "geometry": {
        "type": "Polygon",
        "coordinates": [
          [
            [
              139.66961122,
              35.66300567
            ],
            [
              139.67006037,
              35.66300567
            ],
            [
              139.67006037,
              35.66337059
            ],
            [
              139.66961122,
              35.66337059
            ],
            [
              139.66961122,
              35.66300567
            ]
          ]
        ]
      },
      "properties": {
        "mesh_id": 515,
        "source_feature_id": "310959,85087",
        "evaluation_class": "NOT_EVALUATED",
        "ground_truth": null,
        "detected": false,
        "review_status": "NOT_REVIEWED",
        "change_type": null,
        "source_change_type": null,
        "type_basis": null,
        "source_density": 0.0,
        "source_mean": 0.0,
        "density_rank": null,
        "interpreter_a_judgment": null,
        "interpreter_b_judgment": null,
        "interpreter_a_type": null,
        "interpreter_b_type": null,
        "interpreter_a_note": null,
        "interpreter_b_note": null,
        "interpreter_a_needs_check": null,
        "interpreter_b_needs_check": null,
        "experiment_id": "window-a-2019-2025-frozen"
      }
    },
    {
      "type": "Feature",
      "id": 516,
      "geometry": {
        "type": "Polygon",
        "coordinates": [
          [
            [
              139.67006037,
              35.66300567
            ],
            [
              139.67050953,
              35.66300567
            ],
            [
              139.67050953,
              35.66337059
            ],
            [
              139.67006037,
              35.66337059
            ],
            [
              139.67006037,
              35.66300567
            ]
          ]
        ]
      },
      "properties": {
        "mesh_id": 516,
        "source_feature_id": "310960,85087",
        "evaluation_class": "NOT_EVALUATED",
        "ground_truth": null,
        "detected": false,
        "review_status": "NOT_REVIEWED",
        "change_type": null,
        "source_change_type": null,
        "type_basis": null,
        "source_density": 0.0,
        "source_mean": 0.0,
        "density_rank": null,
        "interpreter_a_judgment": null,
        "interpreter_b_judgment": null,
        "interpreter_a_type": null,
        "interpreter_b_type": null,
        "interpreter_a_note": null,
        "interpreter_b_note": null,
        "interpreter_a_needs_check": null,
        "interpreter_b_needs_check": null,
        "experiment_id": "window-a-2019-2025-frozen"
      }
    },
    {
      "type": "Feature",
      "id": 517,
      "geometry": {
        "type": "Polygon",
        "coordinates": [
          [
            [
              139.67050953,
              35.66300567
            ],
            [
              139.67095869,
              35.66300567
            ],
            [
              139.67095869,
              35.66337059
            ],
            [
              139.67050953,
              35.66337059
            ],
            [
              139.67050953,
              35.66300567
            ]
          ]
        ]
      },
      "properties": {
        "mesh_id": 517,
        "source_feature_id": "310961,85087",
        "evaluation_class": "NOT_EVALUATED",
        "ground_truth": null,
        "detected": false,
        "review_status": "NOT_REVIEWED",
        "change_type": null,
        "source_change_type": null,
        "type_basis": null,
        "source_density": 0.0,
        "source_mean": 0.0,
        "density_rank": null,
        "interpreter_a_judgment": null,
        "interpreter_b_judgment": null,
        "interpreter_a_type": null,
        "interpreter_b_type": null,
        "interpreter_a_note": null,
        "interpreter_b_note": null,
        "interpreter_a_needs_check": null,
        "interpreter_b_needs_check": null,
        "experiment_id": "window-a-2019-2025-frozen"
      }
    },
    {
      "type": "Feature",
      "id": 518,
      "geometry": {
        "type": "Polygon",
        "coordinates": [
          [
            [
              139.67095869,
              35.66300567
            ],
            [
              139.67140785,
              35.66300567
            ],
            [
              139.67140785,
              35.66337059
            ],
            [
              139.67095869,
              35.66337059
            ],
            [
              139.67095869,
              35.66300567
            ]
          ]
        ]
      },
      "properties": {
        "mesh_id": 518,
        "source_feature_id": "310962,85087",
        "evaluation_class": "NOT_EVALUATED",
        "ground_truth": null,
        "detected": false,
        "review_status": "NOT_REVIEWED",
        "change_type": null,
        "source_change_type": null,
        "type_basis": null,
        "source_density": 0.0,
        "source_mean": 0.0,
        "density_rank": null,
        "interpreter_a_judgment": null,
        "interpreter_b_judgment": null,
        "interpreter_a_type": null,
        "interpreter_b_type": null,
        "interpreter_a_note": null,
        "interpreter_b_note": null,
        "interpreter_a_needs_check": null,
        "interpreter_b_needs_check": null,
        "experiment_id": "window-a-2019-2025-frozen"
      }
    },
    {
      "type": "Feature",
      "id": 519,
      "geometry": {
        "type": "Polygon",
        "coordinates": [
          [
            [
              139.67140785,
              35.66300567
            ],
            [
              139.67185701,
              35.66300567
            ],
            [
              139.67185701,
              35.66337059
            ],
            [
              139.67140785,
              35.66337059
            ],
            [
              139.67140785,
              35.66300567
            ]
          ]
        ]
      },
      "properties": {
        "mesh_id": 519,
        "source_feature_id": "310963,85087",
        "evaluation_class": "NOT_EVALUATED",
        "ground_truth": null,
        "detected": false,
        "review_status": "NOT_REVIEWED",
        "change_type": null,
        "source_change_type": null,
        "type_basis": null,
        "source_density": 0.0,
        "source_mean": 0.0,
        "density_rank": null,
        "interpreter_a_judgment": null,
        "interpreter_b_judgment": null,
        "interpreter_a_type": null,
        "interpreter_b_type": null,
        "interpreter_a_note": null,
        "interpreter_b_note": null,
        "interpreter_a_needs_check": null,
        "interpreter_b_needs_check": null,
        "experiment_id": "window-a-2019-2025-frozen"
      }
    },
    {
      "type": "Feature",
      "id": 520,
      "geometry": {
        "type": "Polygon",
        "coordinates": [
          [
            [
              139.66017891,
              35.66337059
            ],
            [
              139.66062806,
              35.66337059
            ],
            [
              139.66062806,
              35.66373551
            ],
            [
              139.66017891,
              35.66373551
            ],
            [
              139.66017891,
              35.66337059
            ]
          ]
        ]
      },
      "properties": {
        "mesh_id": 520,
        "source_feature_id": "310938,85088",
        "evaluation_class": "NOT_EVALUATED",
        "ground_truth": null,
        "detected": false,
        "review_status": "NOT_REVIEWED",
        "change_type": null,
        "source_change_type": null,
        "type_basis": null,
        "source_density": 0.0,
        "source_mean": 0.0,
        "density_rank": null,
        "interpreter_a_judgment": null,
        "interpreter_b_judgment": null,
        "interpreter_a_type": null,
        "interpreter_b_type": null,
        "interpreter_a_note": null,
        "interpreter_b_note": null,
        "interpreter_a_needs_check": null,
        "interpreter_b_needs_check": null,
        "experiment_id": "window-a-2019-2025-frozen"
      }
    },
    {
      "type": "Feature",
      "id": 521,
      "geometry": {
        "type": "Polygon",
        "coordinates": [
          [
            [
              139.66062806,
              35.66337059
            ],
            [
              139.66107722,
              35.66337059
            ],
            [
              139.66107722,
              35.66373551
            ],
            [
              139.66062806,
              35.66373551
            ],
            [
              139.66062806,
              35.66337059
            ]
          ]
        ]
      },
      "properties": {
        "mesh_id": 521,
        "source_feature_id": "310939,85088",
        "evaluation_class": "NOT_EVALUATED",
        "ground_truth": null,
        "detected": false,
        "review_status": "NOT_REVIEWED",
        "change_type": null,
        "source_change_type": null,
        "type_basis": null,
        "source_density": 0.0,
        "source_mean": 0.0,
        "density_rank": null,
        "interpreter_a_judgment": null,
        "interpreter_b_judgment": null,
        "interpreter_a_type": null,
        "interpreter_b_type": null,
        "interpreter_a_note": null,
        "interpreter_b_note": null,
        "interpreter_a_needs_check": null,
        "interpreter_b_needs_check": null,
        "experiment_id": "window-a-2019-2025-frozen"
      }
    },
    {
      "type": "Feature",
      "id": 522,
      "geometry": {
        "type": "Polygon",
        "coordinates": [
          [
            [
              139.66107722,
              35.66337059
            ],
            [
              139.66152638,
              35.66337059
            ],
            [
              139.66152638,
              35.66373551
            ],
            [
              139.66107722,
              35.66373551
            ],
            [
              139.66107722,
              35.66337059
            ]
          ]
        ]
      },
      "properties": {
        "mesh_id": 522,
        "source_feature_id": "310940,85088",
        "evaluation_class": "NOT_EVALUATED",
        "ground_truth": null,
        "detected": false,
        "review_status": "NOT_REVIEWED",
        "change_type": null,
        "source_change_type": null,
        "type_basis": null,
        "source_density": 0.0,
        "source_mean": 0.0,
        "density_rank": null,
        "interpreter_a_judgment": null,
        "interpreter_b_judgment": null,
        "interpreter_a_type": null,
        "interpreter_b_type": null,
        "interpreter_a_note": null,
        "interpreter_b_note": null,
        "interpreter_a_needs_check": null,
        "interpreter_b_needs_check": null,
        "experiment_id": "window-a-2019-2025-frozen"
      }
    },
    {
      "type": "Feature",
      "id": 523,
      "geometry": {
        "type": "Polygon",
        "coordinates": [
          [
            [
              139.66152638,
              35.66337059
            ],
            [
              139.66197554,
              35.66337059
            ],
            [
              139.66197554,
              35.66373551
            ],
            [
              139.66152638,
              35.66373551
            ],
            [
              139.66152638,
              35.66337059
            ]
          ]
        ]
      },
      "properties": {
        "mesh_id": 523,
        "source_feature_id": "310941,85088",
        "evaluation_class": "NOT_EVALUATED",
        "ground_truth": null,
        "detected": false,
        "review_status": "NOT_REVIEWED",
        "change_type": null,
        "source_change_type": null,
        "type_basis": null,
        "source_density": 0.0,
        "source_mean": 0.0,
        "density_rank": null,
        "interpreter_a_judgment": null,
        "interpreter_b_judgment": null,
        "interpreter_a_type": null,
        "interpreter_b_type": null,
        "interpreter_a_note": null,
        "interpreter_b_note": null,
        "interpreter_a_needs_check": null,
        "interpreter_b_needs_check": null,
        "experiment_id": "window-a-2019-2025-frozen"
      }
    },
    {
      "type": "Feature",
      "id": 524,
      "geometry": {
        "type": "Polygon",
        "coordinates": [
          [
            [
              139.66197554,
              35.66337059
            ],
            [
              139.66242469,
              35.66337059
            ],
            [
              139.66242469,
              35.66373551
            ],
            [
              139.66197554,
              35.66373551
            ],
            [
              139.66197554,
              35.66337059
            ]
          ]
        ]
      },
      "properties": {
        "mesh_id": 524,
        "source_feature_id": "310942,85088",
        "evaluation_class": "NOT_EVALUATED",
        "ground_truth": null,
        "detected": false,
        "review_status": "NOT_REVIEWED",
        "change_type": null,
        "source_change_type": null,
        "type_basis": null,
        "source_density": 0.0,
        "source_mean": 0.0,
        "density_rank": null,
        "interpreter_a_judgment": null,
        "interpreter_b_judgment": null,
        "interpreter_a_type": null,
        "interpreter_b_type": null,
        "interpreter_a_note": null,
        "interpreter_b_note": null,
        "interpreter_a_needs_check": null,
        "interpreter_b_needs_check": null,
        "experiment_id": "window-a-2019-2025-frozen"
      }
    },
    {
      "type": "Feature",
      "id": 525,
      "geometry": {
        "type": "Polygon",
        "coordinates": [
          [
            [
              139.66242469,
              35.66337059
            ],
            [
              139.66287385,
              35.66337059
            ],
            [
              139.66287385,
              35.66373551
            ],
            [
              139.66242469,
              35.66373551
            ],
            [
              139.66242469,
              35.66337059
            ]
          ]
        ]
      },
      "properties": {
        "mesh_id": 525,
        "source_feature_id": "310943,85088",
        "evaluation_class": "NOT_EVALUATED",
        "ground_truth": null,
        "detected": false,
        "review_status": "NOT_REVIEWED",
        "change_type": null,
        "source_change_type": null,
        "type_basis": null,
        "source_density": 0.0,
        "source_mean": 0.0,
        "density_rank": null,
        "interpreter_a_judgment": null,
        "interpreter_b_judgment": null,
        "interpreter_a_type": null,
        "interpreter_b_type": null,
        "interpreter_a_note": null,
        "interpreter_b_note": null,
        "interpreter_a_needs_check": null,
        "interpreter_b_needs_check": null,
        "experiment_id": "window-a-2019-2025-frozen"
      }
    },
    {
      "type": "Feature",
      "id": 526,
      "geometry": {
        "type": "Polygon",
        "coordinates": [
          [
            [
              139.66287385,
              35.66337059
            ],
            [
              139.66332301,
              35.66337059
            ],
            [
              139.66332301,
              35.66373551
            ],
            [
              139.66287385,
              35.66373551
            ],
            [
              139.66287385,
              35.66337059
            ]
          ]
        ]
      },
      "properties": {
        "mesh_id": 526,
        "source_feature_id": "310944,85088",
        "evaluation_class": "FN",
        "ground_truth": "CHANGE",
        "detected": false,
        "review_status": "AGREED",
        "change_type": "DEMOLITION",
        "source_change_type": "D",
        "type_basis": "文字列完全一致",
        "source_density": 0.0,
        "source_mean": 0.0,
        "density_rank": null,
        "interpreter_a_judgment": "○",
        "interpreter_b_judgment": "○",
        "interpreter_a_type": "D",
        "interpreter_b_type": "D",
        "interpreter_a_note": null,
        "interpreter_b_note": null,
        "interpreter_a_needs_check": null,
        "interpreter_b_needs_check": null,
        "experiment_id": "window-a-2019-2025-frozen"
      }
    },
    {
      "type": "Feature",
      "id": 527,
      "geometry": {
        "type": "Polygon",
        "coordinates": [
          [
            [
              139.66332301,
              35.66337059
            ],
            [
              139.66377217,
              35.66337059
            ],
            [
              139.66377217,
              35.66373551
            ],
            [
              139.66332301,
              35.66373551
            ],
            [
              139.66332301,
              35.66337059
            ]
          ]
        ]
      },
      "properties": {
        "mesh_id": 527,
        "source_feature_id": "310945,85088",
        "evaluation_class": "NOT_EVALUATED",
        "ground_truth": null,
        "detected": false,
        "review_status": "NOT_REVIEWED",
        "change_type": null,
        "source_change_type": null,
        "type_basis": null,
        "source_density": 0.0,
        "source_mean": 0.0,
        "density_rank": null,
        "interpreter_a_judgment": null,
        "interpreter_b_judgment": null,
        "interpreter_a_type": null,
        "interpreter_b_type": null,
        "interpreter_a_note": null,
        "interpreter_b_note": null,
        "interpreter_a_needs_check": null,
        "interpreter_b_needs_check": null,
        "experiment_id": "window-a-2019-2025-frozen"
      }
    },
    {
      "type": "Feature",
      "id": 528,
      "geometry": {
        "type": "Polygon",
        "coordinates": [
          [
            [
              139.66377217,
              35.66337059
            ],
            [
              139.66422133,
              35.66337059
            ],
            [
              139.66422133,
              35.66373551
            ],
            [
              139.66377217,
              35.66373551
            ],
            [
              139.66377217,
              35.66337059
            ]
          ]
        ]
      },
      "properties": {
        "mesh_id": 528,
        "source_feature_id": "310946,85088",
        "evaluation_class": "NOT_EVALUATED",
        "ground_truth": null,
        "detected": false,
        "review_status": "NOT_REVIEWED",
        "change_type": null,
        "source_change_type": null,
        "type_basis": null,
        "source_density": 0.0,
        "source_mean": 0.0,
        "density_rank": null,
        "interpreter_a_judgment": null,
        "interpreter_b_judgment": null,
        "interpreter_a_type": null,
        "interpreter_b_type": null,
        "interpreter_a_note": null,
        "interpreter_b_note": null,
        "interpreter_a_needs_check": null,
        "interpreter_b_needs_check": null,
        "experiment_id": "window-a-2019-2025-frozen"
      }
    },
    {
      "type": "Feature",
      "id": 529,
      "geometry": {
        "type": "Polygon",
        "coordinates": [
          [
            [
              139.66422133,
              35.66337059
            ],
            [
              139.66467048,
              35.66337059
            ],
            [
              139.66467048,
              35.66373551
            ],
            [
              139.66422133,
              35.66373551
            ],
            [
              139.66422133,
              35.66337059
            ]
          ]
        ]
      },
      "properties": {
        "mesh_id": 529,
        "source_feature_id": "310947,85088",
        "evaluation_class": "NOT_EVALUATED",
        "ground_truth": null,
        "detected": false,
        "review_status": "DISAGREED",
        "change_type": null,
        "source_change_type": null,
        "type_basis": null,
        "source_density": 0.0,
        "source_mean": 0.0,
        "density_rank": null,
        "interpreter_a_judgment": "○",
        "interpreter_b_judgment": "△",
        "interpreter_a_type": "D/R",
        "interpreter_b_type": null,
        "interpreter_a_note": "屋根の色が違うから含めるか悩み",
        "interpreter_b_note": "屋根、工事中",
        "interpreter_a_needs_check": null,
        "interpreter_b_needs_check": null,
        "experiment_id": "window-a-2019-2025-frozen"
      }
    },
    {
      "type": "Feature",
      "id": 530,
      "geometry": {
        "type": "Polygon",
        "coordinates": [
          [
            [
              139.66467048,
              35.66337059
            ],
            [
              139.66511964,
              35.66337059
            ],
            [
              139.66511964,
              35.66373551
            ],
            [
              139.66467048,
              35.66373551
            ],
            [
              139.66467048,
              35.66337059
            ]
          ]
        ]
      },
      "properties": {
        "mesh_id": 530,
        "source_feature_id": "310948,85088",
        "evaluation_class": "NOT_EVALUATED",
        "ground_truth": null,
        "detected": false,
        "review_status": "NOT_REVIEWED",
        "change_type": null,
        "source_change_type": null,
        "type_basis": null,
        "source_density": 0.0,
        "source_mean": 0.0,
        "density_rank": null,
        "interpreter_a_judgment": null,
        "interpreter_b_judgment": null,
        "interpreter_a_type": null,
        "interpreter_b_type": null,
        "interpreter_a_note": null,
        "interpreter_b_note": null,
        "interpreter_a_needs_check": null,
        "interpreter_b_needs_check": null,
        "experiment_id": "window-a-2019-2025-frozen"
      }
    },
    {
      "type": "Feature",
      "id": 531,
      "geometry": {
        "type": "Polygon",
        "coordinates": [
          [
            [
              139.66511964,
              35.66337059
            ],
            [
              139.6655688,
              35.66337059
            ],
            [
              139.6655688,
              35.66373551
            ],
            [
              139.66511964,
              35.66373551
            ],
            [
              139.66511964,
              35.66337059
            ]
          ]
        ]
      },
      "properties": {
        "mesh_id": 531,
        "source_feature_id": "310949,85088",
        "evaluation_class": "NOT_EVALUATED",
        "ground_truth": null,
        "detected": false,
        "review_status": "NOT_REVIEWED",
        "change_type": null,
        "source_change_type": null,
        "type_basis": null,
        "source_density": 0.0,
        "source_mean": 0.0,
        "density_rank": null,
        "interpreter_a_judgment": null,
        "interpreter_b_judgment": null,
        "interpreter_a_type": null,
        "interpreter_b_type": null,
        "interpreter_a_note": null,
        "interpreter_b_note": null,
        "interpreter_a_needs_check": null,
        "interpreter_b_needs_check": null,
        "experiment_id": "window-a-2019-2025-frozen"
      }
    },
    {
      "type": "Feature",
      "id": 532,
      "geometry": {
        "type": "Polygon",
        "coordinates": [
          [
            [
              139.6655688,
              35.66337059
            ],
            [
              139.66601796,
              35.66337059
            ],
            [
              139.66601796,
              35.66373551
            ],
            [
              139.6655688,
              35.66373551
            ],
            [
              139.6655688,
              35.66337059
            ]
          ]
        ]
      },
      "properties": {
        "mesh_id": 532,
        "source_feature_id": "310950,85088",
        "evaluation_class": "NOT_EVALUATED",
        "ground_truth": null,
        "detected": false,
        "review_status": "NOT_REVIEWED",
        "change_type": null,
        "source_change_type": null,
        "type_basis": null,
        "source_density": 0.0,
        "source_mean": 0.0,
        "density_rank": null,
        "interpreter_a_judgment": null,
        "interpreter_b_judgment": null,
        "interpreter_a_type": null,
        "interpreter_b_type": null,
        "interpreter_a_note": null,
        "interpreter_b_note": null,
        "interpreter_a_needs_check": null,
        "interpreter_b_needs_check": null,
        "experiment_id": "window-a-2019-2025-frozen"
      }
    },
    {
      "type": "Feature",
      "id": 533,
      "geometry": {
        "type": "Polygon",
        "coordinates": [
          [
            [
              139.66601796,
              35.66337059
            ],
            [
              139.66646711,
              35.66337059
            ],
            [
              139.66646711,
              35.66373551
            ],
            [
              139.66601796,
              35.66373551
            ],
            [
              139.66601796,
              35.66337059
            ]
          ]
        ]
      },
      "properties": {
        "mesh_id": 533,
        "source_feature_id": "310951,85088",
        "evaluation_class": "NOT_EVALUATED",
        "ground_truth": null,
        "detected": false,
        "review_status": "NOT_REVIEWED",
        "change_type": null,
        "source_change_type": null,
        "type_basis": null,
        "source_density": 0.0,
        "source_mean": 0.0,
        "density_rank": null,
        "interpreter_a_judgment": null,
        "interpreter_b_judgment": null,
        "interpreter_a_type": null,
        "interpreter_b_type": null,
        "interpreter_a_note": null,
        "interpreter_b_note": null,
        "interpreter_a_needs_check": null,
        "interpreter_b_needs_check": null,
        "experiment_id": "window-a-2019-2025-frozen"
      }
    },
    {
      "type": "Feature",
      "id": 534,
      "geometry": {
        "type": "Polygon",
        "coordinates": [
          [
            [
              139.66646711,
              35.66337059
            ],
            [
              139.66691627,
              35.66337059
            ],
            [
              139.66691627,
              35.66373551
            ],
            [
              139.66646711,
              35.66373551
            ],
            [
              139.66646711,
              35.66337059
            ]
          ]
        ]
      },
      "properties": {
        "mesh_id": 534,
        "source_feature_id": "310952,85088",
        "evaluation_class": "NOT_EVALUATED",
        "ground_truth": null,
        "detected": false,
        "review_status": "NOT_REVIEWED",
        "change_type": null,
        "source_change_type": null,
        "type_basis": null,
        "source_density": 0.0,
        "source_mean": 0.0,
        "density_rank": null,
        "interpreter_a_judgment": null,
        "interpreter_b_judgment": null,
        "interpreter_a_type": null,
        "interpreter_b_type": null,
        "interpreter_a_note": null,
        "interpreter_b_note": null,
        "interpreter_a_needs_check": null,
        "interpreter_b_needs_check": null,
        "experiment_id": "window-a-2019-2025-frozen"
      }
    },
    {
      "type": "Feature",
      "id": 535,
      "geometry": {
        "type": "Polygon",
        "coordinates": [
          [
            [
              139.66691627,
              35.66337059
            ],
            [
              139.66736543,
              35.66337059
            ],
            [
              139.66736543,
              35.66373551
            ],
            [
              139.66691627,
              35.66373551
            ],
            [
              139.66691627,
              35.66337059
            ]
          ]
        ]
      },
      "properties": {
        "mesh_id": 535,
        "source_feature_id": "310953,85088",
        "evaluation_class": "NOT_EVALUATED",
        "ground_truth": null,
        "detected": false,
        "review_status": "NOT_REVIEWED",
        "change_type": null,
        "source_change_type": null,
        "type_basis": null,
        "source_density": 0.0,
        "source_mean": 0.0,
        "density_rank": null,
        "interpreter_a_judgment": null,
        "interpreter_b_judgment": null,
        "interpreter_a_type": null,
        "interpreter_b_type": null,
        "interpreter_a_note": null,
        "interpreter_b_note": null,
        "interpreter_a_needs_check": null,
        "interpreter_b_needs_check": null,
        "experiment_id": "window-a-2019-2025-frozen"
      }
    },
    {
      "type": "Feature",
      "id": 536,
      "geometry": {
        "type": "Polygon",
        "coordinates": [
          [
            [
              139.66736543,
              35.66337059
            ],
            [
              139.66781459,
              35.66337059
            ],
            [
              139.66781459,
              35.66373551
            ],
            [
              139.66736543,
              35.66373551
            ],
            [
              139.66736543,
              35.66337059
            ]
          ]
        ]
      },
      "properties": {
        "mesh_id": 536,
        "source_feature_id": "310954,85088",
        "evaluation_class": "NOT_EVALUATED",
        "ground_truth": null,
        "detected": false,
        "review_status": "NOT_REVIEWED",
        "change_type": null,
        "source_change_type": null,
        "type_basis": null,
        "source_density": 0.0,
        "source_mean": 0.0,
        "density_rank": null,
        "interpreter_a_judgment": null,
        "interpreter_b_judgment": null,
        "interpreter_a_type": null,
        "interpreter_b_type": null,
        "interpreter_a_note": null,
        "interpreter_b_note": null,
        "interpreter_a_needs_check": null,
        "interpreter_b_needs_check": null,
        "experiment_id": "window-a-2019-2025-frozen"
      }
    },
    {
      "type": "Feature",
      "id": 537,
      "geometry": {
        "type": "Polygon",
        "coordinates": [
          [
            [
              139.66781459,
              35.66337059
            ],
            [
              139.66826374,
              35.66337059
            ],
            [
              139.66826374,
              35.66373551
            ],
            [
              139.66781459,
              35.66373551
            ],
            [
              139.66781459,
              35.66337059
            ]
          ]
        ]
      },
      "properties": {
        "mesh_id": 537,
        "source_feature_id": "310955,85088",
        "evaluation_class": "NOT_EVALUATED",
        "ground_truth": null,
        "detected": false,
        "review_status": "NOT_REVIEWED",
        "change_type": null,
        "source_change_type": null,
        "type_basis": null,
        "source_density": 0.0,
        "source_mean": 0.0,
        "density_rank": null,
        "interpreter_a_judgment": null,
        "interpreter_b_judgment": null,
        "interpreter_a_type": null,
        "interpreter_b_type": null,
        "interpreter_a_note": null,
        "interpreter_b_note": null,
        "interpreter_a_needs_check": null,
        "interpreter_b_needs_check": null,
        "experiment_id": "window-a-2019-2025-frozen"
      }
    },
    {
      "type": "Feature",
      "id": 538,
      "geometry": {
        "type": "Polygon",
        "coordinates": [
          [
            [
              139.66826374,
              35.66337059
            ],
            [
              139.6687129,
              35.66337059
            ],
            [
              139.6687129,
              35.66373551
            ],
            [
              139.66826374,
              35.66373551
            ],
            [
              139.66826374,
              35.66337059
            ]
          ]
        ]
      },
      "properties": {
        "mesh_id": 538,
        "source_feature_id": "310956,85088",
        "evaluation_class": "NOT_EVALUATED",
        "ground_truth": null,
        "detected": false,
        "review_status": "NOT_REVIEWED",
        "change_type": null,
        "source_change_type": null,
        "type_basis": null,
        "source_density": 0.0,
        "source_mean": 0.0,
        "density_rank": null,
        "interpreter_a_judgment": null,
        "interpreter_b_judgment": null,
        "interpreter_a_type": null,
        "interpreter_b_type": null,
        "interpreter_a_note": null,
        "interpreter_b_note": null,
        "interpreter_a_needs_check": null,
        "interpreter_b_needs_check": null,
        "experiment_id": "window-a-2019-2025-frozen"
      }
    },
    {
      "type": "Feature",
      "id": 539,
      "geometry": {
        "type": "Polygon",
        "coordinates": [
          [
            [
              139.6687129,
              35.66337059
            ],
            [
              139.66916206,
              35.66337059
            ],
            [
              139.66916206,
              35.66373551
            ],
            [
              139.6687129,
              35.66373551
            ],
            [
              139.6687129,
              35.66337059
            ]
          ]
        ]
      },
      "properties": {
        "mesh_id": 539,
        "source_feature_id": "310957,85088",
        "evaluation_class": "NOT_EVALUATED",
        "ground_truth": null,
        "detected": false,
        "review_status": "NOT_REVIEWED",
        "change_type": null,
        "source_change_type": null,
        "type_basis": null,
        "source_density": 0.0,
        "source_mean": 0.0,
        "density_rank": null,
        "interpreter_a_judgment": null,
        "interpreter_b_judgment": null,
        "interpreter_a_type": null,
        "interpreter_b_type": null,
        "interpreter_a_note": null,
        "interpreter_b_note": null,
        "interpreter_a_needs_check": null,
        "interpreter_b_needs_check": null,
        "experiment_id": "window-a-2019-2025-frozen"
      }
    },
    {
      "type": "Feature",
      "id": 540,
      "geometry": {
        "type": "Polygon",
        "coordinates": [
          [
            [
              139.66916206,
              35.66337059
            ],
            [
              139.66961122,
              35.66337059
            ],
            [
              139.66961122,
              35.66373551
            ],
            [
              139.66916206,
              35.66373551
            ],
            [
              139.66916206,
              35.66337059
            ]
          ]
        ]
      },
      "properties": {
        "mesh_id": 540,
        "source_feature_id": "310958,85088",
        "evaluation_class": "NOT_EVALUATED",
        "ground_truth": null,
        "detected": false,
        "review_status": "NOT_REVIEWED",
        "change_type": null,
        "source_change_type": null,
        "type_basis": null,
        "source_density": 0.0,
        "source_mean": 0.0,
        "density_rank": null,
        "interpreter_a_judgment": null,
        "interpreter_b_judgment": null,
        "interpreter_a_type": null,
        "interpreter_b_type": null,
        "interpreter_a_note": null,
        "interpreter_b_note": null,
        "interpreter_a_needs_check": null,
        "interpreter_b_needs_check": null,
        "experiment_id": "window-a-2019-2025-frozen"
      }
    },
    {
      "type": "Feature",
      "id": 541,
      "geometry": {
        "type": "Polygon",
        "coordinates": [
          [
            [
              139.66961122,
              35.66337059
            ],
            [
              139.67006037,
              35.66337059
            ],
            [
              139.67006037,
              35.66373551
            ],
            [
              139.66961122,
              35.66373551
            ],
            [
              139.66961122,
              35.66337059
            ]
          ]
        ]
      },
      "properties": {
        "mesh_id": 541,
        "source_feature_id": "310959,85088",
        "evaluation_class": "FN",
        "ground_truth": "CHANGE",
        "detected": false,
        "review_status": "AGREED",
        "change_type": null,
        "source_change_type": null,
        "type_basis": null,
        "source_density": 0.0,
        "source_mean": 0.0,
        "density_rank": null,
        "interpreter_a_judgment": "○",
        "interpreter_b_judgment": "○",
        "interpreter_a_type": "N",
        "interpreter_b_type": "R",
        "interpreter_a_note": null,
        "interpreter_b_note": null,
        "interpreter_a_needs_check": null,
        "interpreter_b_needs_check": null,
        "experiment_id": "window-a-2019-2025-frozen"
      }
    },
    {
      "type": "Feature",
      "id": 542,
      "geometry": {
        "type": "Polygon",
        "coordinates": [
          [
            [
              139.67006037,
              35.66337059
            ],
            [
              139.67050953,
              35.66337059
            ],
            [
              139.67050953,
              35.66373551
            ],
            [
              139.67006037,
              35.66373551
            ],
            [
              139.67006037,
              35.66337059
            ]
          ]
        ]
      },
      "properties": {
        "mesh_id": 542,
        "source_feature_id": "310960,85088",
        "evaluation_class": "NOT_EVALUATED",
        "ground_truth": null,
        "detected": false,
        "review_status": "NOT_REVIEWED",
        "change_type": null,
        "source_change_type": null,
        "type_basis": null,
        "source_density": 0.0,
        "source_mean": 0.0,
        "density_rank": null,
        "interpreter_a_judgment": null,
        "interpreter_b_judgment": null,
        "interpreter_a_type": null,
        "interpreter_b_type": null,
        "interpreter_a_note": null,
        "interpreter_b_note": null,
        "interpreter_a_needs_check": null,
        "interpreter_b_needs_check": null,
        "experiment_id": "window-a-2019-2025-frozen"
      }
    },
    {
      "type": "Feature",
      "id": 543,
      "geometry": {
        "type": "Polygon",
        "coordinates": [
          [
            [
              139.67050953,
              35.66337059
            ],
            [
              139.67095869,
              35.66337059
            ],
            [
              139.67095869,
              35.66373551
            ],
            [
              139.67050953,
              35.66373551
            ],
            [
              139.67050953,
              35.66337059
            ]
          ]
        ]
      },
      "properties": {
        "mesh_id": 543,
        "source_feature_id": "310961,85088",
        "evaluation_class": "NOT_EVALUATED",
        "ground_truth": null,
        "detected": false,
        "review_status": "NOT_REVIEWED",
        "change_type": null,
        "source_change_type": null,
        "type_basis": null,
        "source_density": 0.0,
        "source_mean": 0.0,
        "density_rank": null,
        "interpreter_a_judgment": null,
        "interpreter_b_judgment": null,
        "interpreter_a_type": null,
        "interpreter_b_type": null,
        "interpreter_a_note": null,
        "interpreter_b_note": null,
        "interpreter_a_needs_check": null,
        "interpreter_b_needs_check": null,
        "experiment_id": "window-a-2019-2025-frozen"
      }
    },
    {
      "type": "Feature",
      "id": 544,
      "geometry": {
        "type": "Polygon",
        "coordinates": [
          [
            [
              139.67095869,
              35.66337059
            ],
            [
              139.67140785,
              35.66337059
            ],
            [
              139.67140785,
              35.66373551
            ],
            [
              139.67095869,
              35.66373551
            ],
            [
              139.67095869,
              35.66337059
            ]
          ]
        ]
      },
      "properties": {
        "mesh_id": 544,
        "source_feature_id": "310962,85088",
        "evaluation_class": "NOT_EVALUATED",
        "ground_truth": null,
        "detected": false,
        "review_status": "NOT_REVIEWED",
        "change_type": null,
        "source_change_type": null,
        "type_basis": null,
        "source_density": 0.0,
        "source_mean": 0.0,
        "density_rank": null,
        "interpreter_a_judgment": null,
        "interpreter_b_judgment": null,
        "interpreter_a_type": null,
        "interpreter_b_type": null,
        "interpreter_a_note": null,
        "interpreter_b_note": null,
        "interpreter_a_needs_check": null,
        "interpreter_b_needs_check": null,
        "experiment_id": "window-a-2019-2025-frozen"
      }
    },
    {
      "type": "Feature",
      "id": 545,
      "geometry": {
        "type": "Polygon",
        "coordinates": [
          [
            [
              139.67140785,
              35.66337059
            ],
            [
              139.67185701,
              35.66337059
            ],
            [
              139.67185701,
              35.66373551
            ],
            [
              139.67140785,
              35.66373551
            ],
            [
              139.67140785,
              35.66337059
            ]
          ]
        ]
      },
      "properties": {
        "mesh_id": 545,
        "source_feature_id": "310963,85088",
        "evaluation_class": "NOT_EVALUATED",
        "ground_truth": null,
        "detected": false,
        "review_status": "NOT_REVIEWED",
        "change_type": null,
        "source_change_type": null,
        "type_basis": null,
        "source_density": 0.0,
        "source_mean": 0.0,
        "density_rank": null,
        "interpreter_a_judgment": null,
        "interpreter_b_judgment": null,
        "interpreter_a_type": null,
        "interpreter_b_type": null,
        "interpreter_a_note": null,
        "interpreter_b_note": null,
        "interpreter_a_needs_check": null,
        "interpreter_b_needs_check": null,
        "experiment_id": "window-a-2019-2025-frozen"
      }
    },
    {
      "type": "Feature",
      "id": 546,
      "geometry": {
        "type": "Polygon",
        "coordinates": [
          [
            [
              139.66017891,
              35.66373551
            ],
            [
              139.66062806,
              35.66373551
            ],
            [
              139.66062806,
              35.66410043
            ],
            [
              139.66017891,
              35.66410043
            ],
            [
              139.66017891,
              35.66373551
            ]
          ]
        ]
      },
      "properties": {
        "mesh_id": 546,
        "source_feature_id": "310938,85089",
        "evaluation_class": "NOT_EVALUATED",
        "ground_truth": null,
        "detected": false,
        "review_status": "NOT_REVIEWED",
        "change_type": null,
        "source_change_type": null,
        "type_basis": null,
        "source_density": 0.0,
        "source_mean": 0.0,
        "density_rank": null,
        "interpreter_a_judgment": null,
        "interpreter_b_judgment": null,
        "interpreter_a_type": null,
        "interpreter_b_type": null,
        "interpreter_a_note": null,
        "interpreter_b_note": null,
        "interpreter_a_needs_check": null,
        "interpreter_b_needs_check": null,
        "experiment_id": "window-a-2019-2025-frozen"
      }
    },
    {
      "type": "Feature",
      "id": 547,
      "geometry": {
        "type": "Polygon",
        "coordinates": [
          [
            [
              139.66062806,
              35.66373551
            ],
            [
              139.66107722,
              35.66373551
            ],
            [
              139.66107722,
              35.66410043
            ],
            [
              139.66062806,
              35.66410043
            ],
            [
              139.66062806,
              35.66373551
            ]
          ]
        ]
      },
      "properties": {
        "mesh_id": 547,
        "source_feature_id": "310939,85089",
        "evaluation_class": "NOT_EVALUATED",
        "ground_truth": null,
        "detected": false,
        "review_status": "NOT_REVIEWED",
        "change_type": null,
        "source_change_type": null,
        "type_basis": null,
        "source_density": 0.0,
        "source_mean": 0.0,
        "density_rank": null,
        "interpreter_a_judgment": null,
        "interpreter_b_judgment": null,
        "interpreter_a_type": null,
        "interpreter_b_type": null,
        "interpreter_a_note": null,
        "interpreter_b_note": null,
        "interpreter_a_needs_check": null,
        "interpreter_b_needs_check": null,
        "experiment_id": "window-a-2019-2025-frozen"
      }
    },
    {
      "type": "Feature",
      "id": 548,
      "geometry": {
        "type": "Polygon",
        "coordinates": [
          [
            [
              139.66107722,
              35.66373551
            ],
            [
              139.66152638,
              35.66373551
            ],
            [
              139.66152638,
              35.66410043
            ],
            [
              139.66107722,
              35.66410043
            ],
            [
              139.66107722,
              35.66373551
            ]
          ]
        ]
      },
      "properties": {
        "mesh_id": 548,
        "source_feature_id": "310940,85089",
        "evaluation_class": "NOT_EVALUATED",
        "ground_truth": null,
        "detected": false,
        "review_status": "NOT_REVIEWED",
        "change_type": null,
        "source_change_type": null,
        "type_basis": null,
        "source_density": 0.0,
        "source_mean": 0.0,
        "density_rank": null,
        "interpreter_a_judgment": null,
        "interpreter_b_judgment": null,
        "interpreter_a_type": null,
        "interpreter_b_type": null,
        "interpreter_a_note": null,
        "interpreter_b_note": null,
        "interpreter_a_needs_check": null,
        "interpreter_b_needs_check": null,
        "experiment_id": "window-a-2019-2025-frozen"
      }
    },
    {
      "type": "Feature",
      "id": 549,
      "geometry": {
        "type": "Polygon",
        "coordinates": [
          [
            [
              139.66152638,
              35.66373551
            ],
            [
              139.66197554,
              35.66373551
            ],
            [
              139.66197554,
              35.66410043
            ],
            [
              139.66152638,
              35.66410043
            ],
            [
              139.66152638,
              35.66373551
            ]
          ]
        ]
      },
      "properties": {
        "mesh_id": 549,
        "source_feature_id": "310941,85089",
        "evaluation_class": "NOT_EVALUATED",
        "ground_truth": null,
        "detected": false,
        "review_status": "NOT_REVIEWED",
        "change_type": null,
        "source_change_type": null,
        "type_basis": null,
        "source_density": 0.0,
        "source_mean": 0.0,
        "density_rank": null,
        "interpreter_a_judgment": null,
        "interpreter_b_judgment": null,
        "interpreter_a_type": null,
        "interpreter_b_type": null,
        "interpreter_a_note": null,
        "interpreter_b_note": null,
        "interpreter_a_needs_check": null,
        "interpreter_b_needs_check": null,
        "experiment_id": "window-a-2019-2025-frozen"
      }
    },
    {
      "type": "Feature",
      "id": 550,
      "geometry": {
        "type": "Polygon",
        "coordinates": [
          [
            [
              139.66197554,
              35.66373551
            ],
            [
              139.66242469,
              35.66373551
            ],
            [
              139.66242469,
              35.66410043
            ],
            [
              139.66197554,
              35.66410043
            ],
            [
              139.66197554,
              35.66373551
            ]
          ]
        ]
      },
      "properties": {
        "mesh_id": 550,
        "source_feature_id": "310942,85089",
        "evaluation_class": "NOT_EVALUATED",
        "ground_truth": null,
        "detected": false,
        "review_status": "NOT_REVIEWED",
        "change_type": null,
        "source_change_type": null,
        "type_basis": null,
        "source_density": 0.0,
        "source_mean": 0.0,
        "density_rank": null,
        "interpreter_a_judgment": null,
        "interpreter_b_judgment": null,
        "interpreter_a_type": null,
        "interpreter_b_type": null,
        "interpreter_a_note": null,
        "interpreter_b_note": null,
        "interpreter_a_needs_check": null,
        "interpreter_b_needs_check": null,
        "experiment_id": "window-a-2019-2025-frozen"
      }
    },
    {
      "type": "Feature",
      "id": 551,
      "geometry": {
        "type": "Polygon",
        "coordinates": [
          [
            [
              139.66242469,
              35.66373551
            ],
            [
              139.66287385,
              35.66373551
            ],
            [
              139.66287385,
              35.66410043
            ],
            [
              139.66242469,
              35.66410043
            ],
            [
              139.66242469,
              35.66373551
            ]
          ]
        ]
      },
      "properties": {
        "mesh_id": 551,
        "source_feature_id": "310943,85089",
        "evaluation_class": "TN",
        "ground_truth": "NO_CHANGE",
        "detected": false,
        "review_status": "AGREED",
        "change_type": null,
        "source_change_type": null,
        "type_basis": null,
        "source_density": 0.0,
        "source_mean": 0.0,
        "density_rank": null,
        "interpreter_a_judgment": "×",
        "interpreter_b_judgment": "×",
        "interpreter_a_type": null,
        "interpreter_b_type": null,
        "interpreter_a_note": null,
        "interpreter_b_note": null,
        "interpreter_a_needs_check": null,
        "interpreter_b_needs_check": null,
        "experiment_id": "window-a-2019-2025-frozen"
      }
    },
    {
      "type": "Feature",
      "id": 552,
      "geometry": {
        "type": "Polygon",
        "coordinates": [
          [
            [
              139.66287385,
              35.66373551
            ],
            [
              139.66332301,
              35.66373551
            ],
            [
              139.66332301,
              35.66410043
            ],
            [
              139.66287385,
              35.66410043
            ],
            [
              139.66287385,
              35.66373551
            ]
          ]
        ]
      },
      "properties": {
        "mesh_id": 552,
        "source_feature_id": "310944,85089",
        "evaluation_class": "NOT_EVALUATED",
        "ground_truth": null,
        "detected": false,
        "review_status": "NOT_REVIEWED",
        "change_type": null,
        "source_change_type": null,
        "type_basis": null,
        "source_density": 0.0,
        "source_mean": 0.0,
        "density_rank": null,
        "interpreter_a_judgment": null,
        "interpreter_b_judgment": null,
        "interpreter_a_type": null,
        "interpreter_b_type": null,
        "interpreter_a_note": null,
        "interpreter_b_note": null,
        "interpreter_a_needs_check": null,
        "interpreter_b_needs_check": null,
        "experiment_id": "window-a-2019-2025-frozen"
      }
    },
    {
      "type": "Feature",
      "id": 553,
      "geometry": {
        "type": "Polygon",
        "coordinates": [
          [
            [
              139.66332301,
              35.66373551
            ],
            [
              139.66377217,
              35.66373551
            ],
            [
              139.66377217,
              35.66410043
            ],
            [
              139.66332301,
              35.66410043
            ],
            [
              139.66332301,
              35.66373551
            ]
          ]
        ]
      },
      "properties": {
        "mesh_id": 553,
        "source_feature_id": "310945,85089",
        "evaluation_class": "NOT_EVALUATED",
        "ground_truth": null,
        "detected": false,
        "review_status": "NOT_REVIEWED",
        "change_type": null,
        "source_change_type": null,
        "type_basis": null,
        "source_density": 0.0,
        "source_mean": 0.0,
        "density_rank": null,
        "interpreter_a_judgment": null,
        "interpreter_b_judgment": null,
        "interpreter_a_type": null,
        "interpreter_b_type": null,
        "interpreter_a_note": null,
        "interpreter_b_note": null,
        "interpreter_a_needs_check": null,
        "interpreter_b_needs_check": null,
        "experiment_id": "window-a-2019-2025-frozen"
      }
    },
    {
      "type": "Feature",
      "id": 554,
      "geometry": {
        "type": "Polygon",
        "coordinates": [
          [
            [
              139.66377217,
              35.66373551
            ],
            [
              139.66422133,
              35.66373551
            ],
            [
              139.66422133,
              35.66410043
            ],
            [
              139.66377217,
              35.66410043
            ],
            [
              139.66377217,
              35.66373551
            ]
          ]
        ]
      },
      "properties": {
        "mesh_id": 554,
        "source_feature_id": "310946,85089",
        "evaluation_class": "NOT_EVALUATED",
        "ground_truth": null,
        "detected": false,
        "review_status": "NOT_REVIEWED",
        "change_type": null,
        "source_change_type": null,
        "type_basis": null,
        "source_density": 0.0,
        "source_mean": 0.0,
        "density_rank": null,
        "interpreter_a_judgment": null,
        "interpreter_b_judgment": null,
        "interpreter_a_type": null,
        "interpreter_b_type": null,
        "interpreter_a_note": null,
        "interpreter_b_note": null,
        "interpreter_a_needs_check": null,
        "interpreter_b_needs_check": null,
        "experiment_id": "window-a-2019-2025-frozen"
      }
    },
    {
      "type": "Feature",
      "id": 555,
      "geometry": {
        "type": "Polygon",
        "coordinates": [
          [
            [
              139.66422133,
              35.66373551
            ],
            [
              139.66467048,
              35.66373551
            ],
            [
              139.66467048,
              35.66410043
            ],
            [
              139.66422133,
              35.66410043
            ],
            [
              139.66422133,
              35.66373551
            ]
          ]
        ]
      },
      "properties": {
        "mesh_id": 555,
        "source_feature_id": "310947,85089",
        "evaluation_class": "NOT_EVALUATED",
        "ground_truth": null,
        "detected": false,
        "review_status": "NOT_REVIEWED",
        "change_type": null,
        "source_change_type": null,
        "type_basis": null,
        "source_density": 0.0,
        "source_mean": 0.0,
        "density_rank": null,
        "interpreter_a_judgment": null,
        "interpreter_b_judgment": null,
        "interpreter_a_type": null,
        "interpreter_b_type": null,
        "interpreter_a_note": null,
        "interpreter_b_note": null,
        "interpreter_a_needs_check": null,
        "interpreter_b_needs_check": null,
        "experiment_id": "window-a-2019-2025-frozen"
      }
    },
    {
      "type": "Feature",
      "id": 556,
      "geometry": {
        "type": "Polygon",
        "coordinates": [
          [
            [
              139.66467048,
              35.66373551
            ],
            [
              139.66511964,
              35.66373551
            ],
            [
              139.66511964,
              35.66410043
            ],
            [
              139.66467048,
              35.66410043
            ],
            [
              139.66467048,
              35.66373551
            ]
          ]
        ]
      },
      "properties": {
        "mesh_id": 556,
        "source_feature_id": "310948,85089",
        "evaluation_class": "NOT_EVALUATED",
        "ground_truth": null,
        "detected": false,
        "review_status": "NOT_REVIEWED",
        "change_type": null,
        "source_change_type": null,
        "type_basis": null,
        "source_density": 0.0,
        "source_mean": 0.0,
        "density_rank": null,
        "interpreter_a_judgment": null,
        "interpreter_b_judgment": null,
        "interpreter_a_type": null,
        "interpreter_b_type": null,
        "interpreter_a_note": null,
        "interpreter_b_note": null,
        "interpreter_a_needs_check": null,
        "interpreter_b_needs_check": null,
        "experiment_id": "window-a-2019-2025-frozen"
      }
    },
    {
      "type": "Feature",
      "id": 557,
      "geometry": {
        "type": "Polygon",
        "coordinates": [
          [
            [
              139.66511964,
              35.66373551
            ],
            [
              139.6655688,
              35.66373551
            ],
            [
              139.6655688,
              35.66410043
            ],
            [
              139.66511964,
              35.66410043
            ],
            [
              139.66511964,
              35.66373551
            ]
          ]
        ]
      },
      "properties": {
        "mesh_id": 557,
        "source_feature_id": "310949,85089",
        "evaluation_class": "NOT_EVALUATED",
        "ground_truth": null,
        "detected": false,
        "review_status": "NOT_REVIEWED",
        "change_type": null,
        "source_change_type": null,
        "type_basis": null,
        "source_density": 0.0,
        "source_mean": 0.0,
        "density_rank": null,
        "interpreter_a_judgment": null,
        "interpreter_b_judgment": null,
        "interpreter_a_type": null,
        "interpreter_b_type": null,
        "interpreter_a_note": null,
        "interpreter_b_note": null,
        "interpreter_a_needs_check": null,
        "interpreter_b_needs_check": null,
        "experiment_id": "window-a-2019-2025-frozen"
      }
    },
    {
      "type": "Feature",
      "id": 558,
      "geometry": {
        "type": "Polygon",
        "coordinates": [
          [
            [
              139.6655688,
              35.66373551
            ],
            [
              139.66601796,
              35.66373551
            ],
            [
              139.66601796,
              35.66410043
            ],
            [
              139.6655688,
              35.66410043
            ],
            [
              139.6655688,
              35.66373551
            ]
          ]
        ]
      },
      "properties": {
        "mesh_id": 558,
        "source_feature_id": "310950,85089",
        "evaluation_class": "NOT_EVALUATED",
        "ground_truth": null,
        "detected": false,
        "review_status": "NOT_REVIEWED",
        "change_type": null,
        "source_change_type": null,
        "type_basis": null,
        "source_density": 0.0,
        "source_mean": 0.0,
        "density_rank": null,
        "interpreter_a_judgment": null,
        "interpreter_b_judgment": null,
        "interpreter_a_type": null,
        "interpreter_b_type": null,
        "interpreter_a_note": null,
        "interpreter_b_note": null,
        "interpreter_a_needs_check": null,
        "interpreter_b_needs_check": null,
        "experiment_id": "window-a-2019-2025-frozen"
      }
    },
    {
      "type": "Feature",
      "id": 559,
      "geometry": {
        "type": "Polygon",
        "coordinates": [
          [
            [
              139.66601796,
              35.66373551
            ],
            [
              139.66646711,
              35.66373551
            ],
            [
              139.66646711,
              35.66410043
            ],
            [
              139.66601796,
              35.66410043
            ],
            [
              139.66601796,
              35.66373551
            ]
          ]
        ]
      },
      "properties": {
        "mesh_id": 559,
        "source_feature_id": "310951,85089",
        "evaluation_class": "NOT_EVALUATED",
        "ground_truth": null,
        "detected": false,
        "review_status": "NOT_REVIEWED",
        "change_type": null,
        "source_change_type": null,
        "type_basis": null,
        "source_density": 0.0,
        "source_mean": 0.0,
        "density_rank": null,
        "interpreter_a_judgment": null,
        "interpreter_b_judgment": null,
        "interpreter_a_type": null,
        "interpreter_b_type": null,
        "interpreter_a_note": null,
        "interpreter_b_note": null,
        "interpreter_a_needs_check": null,
        "interpreter_b_needs_check": null,
        "experiment_id": "window-a-2019-2025-frozen"
      }
    },
    {
      "type": "Feature",
      "id": 560,
      "geometry": {
        "type": "Polygon",
        "coordinates": [
          [
            [
              139.66646711,
              35.66373551
            ],
            [
              139.66691627,
              35.66373551
            ],
            [
              139.66691627,
              35.66410043
            ],
            [
              139.66646711,
              35.66410043
            ],
            [
              139.66646711,
              35.66373551
            ]
          ]
        ]
      },
      "properties": {
        "mesh_id": 560,
        "source_feature_id": "310952,85089",
        "evaluation_class": "NOT_EVALUATED",
        "ground_truth": null,
        "detected": false,
        "review_status": "NOT_REVIEWED",
        "change_type": null,
        "source_change_type": null,
        "type_basis": null,
        "source_density": 0.0,
        "source_mean": 0.0,
        "density_rank": null,
        "interpreter_a_judgment": null,
        "interpreter_b_judgment": null,
        "interpreter_a_type": null,
        "interpreter_b_type": null,
        "interpreter_a_note": null,
        "interpreter_b_note": null,
        "interpreter_a_needs_check": null,
        "interpreter_b_needs_check": null,
        "experiment_id": "window-a-2019-2025-frozen"
      }
    },
    {
      "type": "Feature",
      "id": 561,
      "geometry": {
        "type": "Polygon",
        "coordinates": [
          [
            [
              139.66691627,
              35.66373551
            ],
            [
              139.66736543,
              35.66373551
            ],
            [
              139.66736543,
              35.66410043
            ],
            [
              139.66691627,
              35.66410043
            ],
            [
              139.66691627,
              35.66373551
            ]
          ]
        ]
      },
      "properties": {
        "mesh_id": 561,
        "source_feature_id": "310953,85089",
        "evaluation_class": "NOT_EVALUATED",
        "ground_truth": null,
        "detected": false,
        "review_status": "NOT_REVIEWED",
        "change_type": null,
        "source_change_type": null,
        "type_basis": null,
        "source_density": 0.0,
        "source_mean": 0.0,
        "density_rank": null,
        "interpreter_a_judgment": null,
        "interpreter_b_judgment": null,
        "interpreter_a_type": null,
        "interpreter_b_type": null,
        "interpreter_a_note": null,
        "interpreter_b_note": null,
        "interpreter_a_needs_check": null,
        "interpreter_b_needs_check": null,
        "experiment_id": "window-a-2019-2025-frozen"
      }
    },
    {
      "type": "Feature",
      "id": 562,
      "geometry": {
        "type": "Polygon",
        "coordinates": [
          [
            [
              139.66736543,
              35.66373551
            ],
            [
              139.66781459,
              35.66373551
            ],
            [
              139.66781459,
              35.66410043
            ],
            [
              139.66736543,
              35.66410043
            ],
            [
              139.66736543,
              35.66373551
            ]
          ]
        ]
      },
      "properties": {
        "mesh_id": 562,
        "source_feature_id": "310954,85089",
        "evaluation_class": "NOT_EVALUATED",
        "ground_truth": null,
        "detected": false,
        "review_status": "NOT_REVIEWED",
        "change_type": null,
        "source_change_type": null,
        "type_basis": null,
        "source_density": 0.0,
        "source_mean": 0.0,
        "density_rank": null,
        "interpreter_a_judgment": null,
        "interpreter_b_judgment": null,
        "interpreter_a_type": null,
        "interpreter_b_type": null,
        "interpreter_a_note": null,
        "interpreter_b_note": null,
        "interpreter_a_needs_check": null,
        "interpreter_b_needs_check": null,
        "experiment_id": "window-a-2019-2025-frozen"
      }
    },
    {
      "type": "Feature",
      "id": 563,
      "geometry": {
        "type": "Polygon",
        "coordinates": [
          [
            [
              139.66781459,
              35.66373551
            ],
            [
              139.66826374,
              35.66373551
            ],
            [
              139.66826374,
              35.66410043
            ],
            [
              139.66781459,
              35.66410043
            ],
            [
              139.66781459,
              35.66373551
            ]
          ]
        ]
      },
      "properties": {
        "mesh_id": 563,
        "source_feature_id": "310955,85089",
        "evaluation_class": "NOT_EVALUATED",
        "ground_truth": null,
        "detected": false,
        "review_status": "NOT_REVIEWED",
        "change_type": null,
        "source_change_type": null,
        "type_basis": null,
        "source_density": 0.0,
        "source_mean": 0.0,
        "density_rank": null,
        "interpreter_a_judgment": null,
        "interpreter_b_judgment": null,
        "interpreter_a_type": null,
        "interpreter_b_type": null,
        "interpreter_a_note": null,
        "interpreter_b_note": null,
        "interpreter_a_needs_check": null,
        "interpreter_b_needs_check": null,
        "experiment_id": "window-a-2019-2025-frozen"
      }
    },
    {
      "type": "Feature",
      "id": 564,
      "geometry": {
        "type": "Polygon",
        "coordinates": [
          [
            [
              139.66826374,
              35.66373551
            ],
            [
              139.6687129,
              35.66373551
            ],
            [
              139.6687129,
              35.66410043
            ],
            [
              139.66826374,
              35.66410043
            ],
            [
              139.66826374,
              35.66373551
            ]
          ]
        ]
      },
      "properties": {
        "mesh_id": 564,
        "source_feature_id": "310956,85089",
        "evaluation_class": "NOT_EVALUATED",
        "ground_truth": null,
        "detected": false,
        "review_status": "NOT_REVIEWED",
        "change_type": null,
        "source_change_type": null,
        "type_basis": null,
        "source_density": 0.0,
        "source_mean": 0.0,
        "density_rank": null,
        "interpreter_a_judgment": null,
        "interpreter_b_judgment": null,
        "interpreter_a_type": null,
        "interpreter_b_type": null,
        "interpreter_a_note": null,
        "interpreter_b_note": null,
        "interpreter_a_needs_check": null,
        "interpreter_b_needs_check": null,
        "experiment_id": "window-a-2019-2025-frozen"
      }
    },
    {
      "type": "Feature",
      "id": 565,
      "geometry": {
        "type": "Polygon",
        "coordinates": [
          [
            [
              139.6687129,
              35.66373551
            ],
            [
              139.66916206,
              35.66373551
            ],
            [
              139.66916206,
              35.66410043
            ],
            [
              139.6687129,
              35.66410043
            ],
            [
              139.6687129,
              35.66373551
            ]
          ]
        ]
      },
      "properties": {
        "mesh_id": 565,
        "source_feature_id": "310957,85089",
        "evaluation_class": "NOT_EVALUATED",
        "ground_truth": null,
        "detected": false,
        "review_status": "NOT_REVIEWED",
        "change_type": null,
        "source_change_type": null,
        "type_basis": null,
        "source_density": 0.0,
        "source_mean": 0.0,
        "density_rank": null,
        "interpreter_a_judgment": null,
        "interpreter_b_judgment": null,
        "interpreter_a_type": null,
        "interpreter_b_type": null,
        "interpreter_a_note": null,
        "interpreter_b_note": null,
        "interpreter_a_needs_check": null,
        "interpreter_b_needs_check": null,
        "experiment_id": "window-a-2019-2025-frozen"
      }
    },
    {
      "type": "Feature",
      "id": 566,
      "geometry": {
        "type": "Polygon",
        "coordinates": [
          [
            [
              139.66916206,
              35.66373551
            ],
            [
              139.66961122,
              35.66373551
            ],
            [
              139.66961122,
              35.66410043
            ],
            [
              139.66916206,
              35.66410043
            ],
            [
              139.66916206,
              35.66373551
            ]
          ]
        ]
      },
      "properties": {
        "mesh_id": 566,
        "source_feature_id": "310958,85089",
        "evaluation_class": "NOT_EVALUATED",
        "ground_truth": null,
        "detected": false,
        "review_status": "NOT_REVIEWED",
        "change_type": null,
        "source_change_type": null,
        "type_basis": null,
        "source_density": 0.0,
        "source_mean": 0.0,
        "density_rank": null,
        "interpreter_a_judgment": null,
        "interpreter_b_judgment": null,
        "interpreter_a_type": null,
        "interpreter_b_type": null,
        "interpreter_a_note": null,
        "interpreter_b_note": null,
        "interpreter_a_needs_check": null,
        "interpreter_b_needs_check": null,
        "experiment_id": "window-a-2019-2025-frozen"
      }
    },
    {
      "type": "Feature",
      "id": 567,
      "geometry": {
        "type": "Polygon",
        "coordinates": [
          [
            [
              139.66961122,
              35.66373551
            ],
            [
              139.67006037,
              35.66373551
            ],
            [
              139.67006037,
              35.66410043
            ],
            [
              139.66961122,
              35.66410043
            ],
            [
              139.66961122,
              35.66373551
            ]
          ]
        ]
      },
      "properties": {
        "mesh_id": 567,
        "source_feature_id": "310959,85089",
        "evaluation_class": "NOT_EVALUATED",
        "ground_truth": null,
        "detected": false,
        "review_status": "DISAGREED",
        "change_type": null,
        "source_change_type": null,
        "type_basis": null,
        "source_density": 0.0,
        "source_mean": 0.0,
        "density_rank": null,
        "interpreter_a_judgment": "△",
        "interpreter_b_judgment": "×",
        "interpreter_a_type": "N",
        "interpreter_b_type": null,
        "interpreter_a_note": "影の変化から新築工事したように見える",
        "interpreter_b_note": null,
        "interpreter_a_needs_check": null,
        "interpreter_b_needs_check": null,
        "experiment_id": "window-a-2019-2025-frozen"
      }
    },
    {
      "type": "Feature",
      "id": 568,
      "geometry": {
        "type": "Polygon",
        "coordinates": [
          [
            [
              139.67006037,
              35.66373551
            ],
            [
              139.67050953,
              35.66373551
            ],
            [
              139.67050953,
              35.66410043
            ],
            [
              139.67006037,
              35.66410043
            ],
            [
              139.67006037,
              35.66373551
            ]
          ]
        ]
      },
      "properties": {
        "mesh_id": 568,
        "source_feature_id": "310960,85089",
        "evaluation_class": "NOT_EVALUATED",
        "ground_truth": null,
        "detected": false,
        "review_status": "NOT_REVIEWED",
        "change_type": null,
        "source_change_type": null,
        "type_basis": null,
        "source_density": 0.0,
        "source_mean": 0.0,
        "density_rank": null,
        "interpreter_a_judgment": null,
        "interpreter_b_judgment": null,
        "interpreter_a_type": null,
        "interpreter_b_type": null,
        "interpreter_a_note": null,
        "interpreter_b_note": null,
        "interpreter_a_needs_check": null,
        "interpreter_b_needs_check": null,
        "experiment_id": "window-a-2019-2025-frozen"
      }
    },
    {
      "type": "Feature",
      "id": 569,
      "geometry": {
        "type": "Polygon",
        "coordinates": [
          [
            [
              139.67050953,
              35.66373551
            ],
            [
              139.67095869,
              35.66373551
            ],
            [
              139.67095869,
              35.66410043
            ],
            [
              139.67050953,
              35.66410043
            ],
            [
              139.67050953,
              35.66373551
            ]
          ]
        ]
      },
      "properties": {
        "mesh_id": 569,
        "source_feature_id": "310961,85089",
        "evaluation_class": "FN",
        "ground_truth": "CHANGE",
        "detected": false,
        "review_status": "AGREED",
        "change_type": "NEW_CONSTRUCTION",
        "source_change_type": "N",
        "type_basis": "文字列完全一致",
        "source_density": 0.0,
        "source_mean": 0.0,
        "density_rank": null,
        "interpreter_a_judgment": "○",
        "interpreter_b_judgment": "○",
        "interpreter_a_type": "N",
        "interpreter_b_type": "N",
        "interpreter_a_note": null,
        "interpreter_b_note": null,
        "interpreter_a_needs_check": null,
        "interpreter_b_needs_check": null,
        "experiment_id": "window-a-2019-2025-frozen"
      }
    },
    {
      "type": "Feature",
      "id": 570,
      "geometry": {
        "type": "Polygon",
        "coordinates": [
          [
            [
              139.67095869,
              35.66373551
            ],
            [
              139.67140785,
              35.66373551
            ],
            [
              139.67140785,
              35.66410043
            ],
            [
              139.67095869,
              35.66410043
            ],
            [
              139.67095869,
              35.66373551
            ]
          ]
        ]
      },
      "properties": {
        "mesh_id": 570,
        "source_feature_id": "310962,85089",
        "evaluation_class": "NOT_EVALUATED",
        "ground_truth": null,
        "detected": false,
        "review_status": "NOT_REVIEWED",
        "change_type": null,
        "source_change_type": null,
        "type_basis": null,
        "source_density": 0.0,
        "source_mean": 0.0,
        "density_rank": null,
        "interpreter_a_judgment": null,
        "interpreter_b_judgment": null,
        "interpreter_a_type": null,
        "interpreter_b_type": null,
        "interpreter_a_note": null,
        "interpreter_b_note": null,
        "interpreter_a_needs_check": null,
        "interpreter_b_needs_check": null,
        "experiment_id": "window-a-2019-2025-frozen"
      }
    },
    {
      "type": "Feature",
      "id": 571,
      "geometry": {
        "type": "Polygon",
        "coordinates": [
          [
            [
              139.67140785,
              35.66373551
            ],
            [
              139.67185701,
              35.66373551
            ],
            [
              139.67185701,
              35.66410043
            ],
            [
              139.67140785,
              35.66410043
            ],
            [
              139.67140785,
              35.66373551
            ]
          ]
        ]
      },
      "properties": {
        "mesh_id": 571,
        "source_feature_id": "310963,85089",
        "evaluation_class": "NOT_EVALUATED",
        "ground_truth": null,
        "detected": false,
        "review_status": "NOT_REVIEWED",
        "change_type": null,
        "source_change_type": null,
        "type_basis": null,
        "source_density": 0.0,
        "source_mean": 0.0,
        "density_rank": null,
        "interpreter_a_judgment": null,
        "interpreter_b_judgment": null,
        "interpreter_a_type": null,
        "interpreter_b_type": null,
        "interpreter_a_note": null,
        "interpreter_b_note": null,
        "interpreter_a_needs_check": null,
        "interpreter_b_needs_check": null,
        "experiment_id": "window-a-2019-2025-frozen"
      }
    },
    {
      "type": "Feature",
      "id": 572,
      "geometry": {
        "type": "Polygon",
        "coordinates": [
          [
            [
              139.66017891,
              35.66410043
            ],
            [
              139.66062806,
              35.66410043
            ],
            [
              139.66062806,
              35.66446534
            ],
            [
              139.66017891,
              35.66446534
            ],
            [
              139.66017891,
              35.66410043
            ]
          ]
        ]
      },
      "properties": {
        "mesh_id": 572,
        "source_feature_id": "310938,85090",
        "evaluation_class": "NOT_EVALUATED",
        "ground_truth": null,
        "detected": false,
        "review_status": "NOT_REVIEWED",
        "change_type": null,
        "source_change_type": null,
        "type_basis": null,
        "source_density": 0.0,
        "source_mean": 0.0,
        "density_rank": null,
        "interpreter_a_judgment": null,
        "interpreter_b_judgment": null,
        "interpreter_a_type": null,
        "interpreter_b_type": null,
        "interpreter_a_note": null,
        "interpreter_b_note": null,
        "interpreter_a_needs_check": null,
        "interpreter_b_needs_check": null,
        "experiment_id": "window-a-2019-2025-frozen"
      }
    },
    {
      "type": "Feature",
      "id": 573,
      "geometry": {
        "type": "Polygon",
        "coordinates": [
          [
            [
              139.66062806,
              35.66410043
            ],
            [
              139.66107722,
              35.66410043
            ],
            [
              139.66107722,
              35.66446534
            ],
            [
              139.66062806,
              35.66446534
            ],
            [
              139.66062806,
              35.66410043
            ]
          ]
        ]
      },
      "properties": {
        "mesh_id": 573,
        "source_feature_id": "310939,85090",
        "evaluation_class": "NOT_EVALUATED",
        "ground_truth": null,
        "detected": false,
        "review_status": "NOT_REVIEWED",
        "change_type": null,
        "source_change_type": null,
        "type_basis": null,
        "source_density": 0.0,
        "source_mean": 0.0,
        "density_rank": null,
        "interpreter_a_judgment": null,
        "interpreter_b_judgment": null,
        "interpreter_a_type": null,
        "interpreter_b_type": null,
        "interpreter_a_note": null,
        "interpreter_b_note": null,
        "interpreter_a_needs_check": null,
        "interpreter_b_needs_check": null,
        "experiment_id": "window-a-2019-2025-frozen"
      }
    },
    {
      "type": "Feature",
      "id": 574,
      "geometry": {
        "type": "Polygon",
        "coordinates": [
          [
            [
              139.66107722,
              35.66410043
            ],
            [
              139.66152638,
              35.66410043
            ],
            [
              139.66152638,
              35.66446534
            ],
            [
              139.66107722,
              35.66446534
            ],
            [
              139.66107722,
              35.66410043
            ]
          ]
        ]
      },
      "properties": {
        "mesh_id": 574,
        "source_feature_id": "310940,85090",
        "evaluation_class": "NOT_EVALUATED",
        "ground_truth": null,
        "detected": false,
        "review_status": "NOT_REVIEWED",
        "change_type": null,
        "source_change_type": null,
        "type_basis": null,
        "source_density": 0.0,
        "source_mean": 0.0,
        "density_rank": null,
        "interpreter_a_judgment": null,
        "interpreter_b_judgment": null,
        "interpreter_a_type": null,
        "interpreter_b_type": null,
        "interpreter_a_note": null,
        "interpreter_b_note": null,
        "interpreter_a_needs_check": null,
        "interpreter_b_needs_check": null,
        "experiment_id": "window-a-2019-2025-frozen"
      }
    },
    {
      "type": "Feature",
      "id": 575,
      "geometry": {
        "type": "Polygon",
        "coordinates": [
          [
            [
              139.66152638,
              35.66410043
            ],
            [
              139.66197554,
              35.66410043
            ],
            [
              139.66197554,
              35.66446534
            ],
            [
              139.66152638,
              35.66446534
            ],
            [
              139.66152638,
              35.66410043
            ]
          ]
        ]
      },
      "properties": {
        "mesh_id": 575,
        "source_feature_id": "310941,85090",
        "evaluation_class": "NOT_EVALUATED",
        "ground_truth": null,
        "detected": false,
        "review_status": "NOT_REVIEWED",
        "change_type": null,
        "source_change_type": null,
        "type_basis": null,
        "source_density": 0.0,
        "source_mean": 0.0,
        "density_rank": null,
        "interpreter_a_judgment": null,
        "interpreter_b_judgment": null,
        "interpreter_a_type": null,
        "interpreter_b_type": null,
        "interpreter_a_note": null,
        "interpreter_b_note": null,
        "interpreter_a_needs_check": null,
        "interpreter_b_needs_check": null,
        "experiment_id": "window-a-2019-2025-frozen"
      }
    },
    {
      "type": "Feature",
      "id": 576,
      "geometry": {
        "type": "Polygon",
        "coordinates": [
          [
            [
              139.66197554,
              35.66410043
            ],
            [
              139.66242469,
              35.66410043
            ],
            [
              139.66242469,
              35.66446534
            ],
            [
              139.66197554,
              35.66446534
            ],
            [
              139.66197554,
              35.66410043
            ]
          ]
        ]
      },
      "properties": {
        "mesh_id": 576,
        "source_feature_id": "310942,85090",
        "evaluation_class": "NOT_EVALUATED",
        "ground_truth": null,
        "detected": false,
        "review_status": "NOT_REVIEWED",
        "change_type": null,
        "source_change_type": null,
        "type_basis": null,
        "source_density": 0.0,
        "source_mean": 0.0,
        "density_rank": null,
        "interpreter_a_judgment": null,
        "interpreter_b_judgment": null,
        "interpreter_a_type": null,
        "interpreter_b_type": null,
        "interpreter_a_note": null,
        "interpreter_b_note": null,
        "interpreter_a_needs_check": null,
        "interpreter_b_needs_check": null,
        "experiment_id": "window-a-2019-2025-frozen"
      }
    },
    {
      "type": "Feature",
      "id": 577,
      "geometry": {
        "type": "Polygon",
        "coordinates": [
          [
            [
              139.66242469,
              35.66410043
            ],
            [
              139.66287385,
              35.66410043
            ],
            [
              139.66287385,
              35.66446534
            ],
            [
              139.66242469,
              35.66446534
            ],
            [
              139.66242469,
              35.66410043
            ]
          ]
        ]
      },
      "properties": {
        "mesh_id": 577,
        "source_feature_id": "310943,85090",
        "evaluation_class": "NOT_EVALUATED",
        "ground_truth": null,
        "detected": false,
        "review_status": "NOT_REVIEWED",
        "change_type": null,
        "source_change_type": null,
        "type_basis": null,
        "source_density": 0.0,
        "source_mean": 0.0,
        "density_rank": null,
        "interpreter_a_judgment": null,
        "interpreter_b_judgment": null,
        "interpreter_a_type": null,
        "interpreter_b_type": null,
        "interpreter_a_note": null,
        "interpreter_b_note": null,
        "interpreter_a_needs_check": null,
        "interpreter_b_needs_check": null,
        "experiment_id": "window-a-2019-2025-frozen"
      }
    },
    {
      "type": "Feature",
      "id": 578,
      "geometry": {
        "type": "Polygon",
        "coordinates": [
          [
            [
              139.66287385,
              35.66410043
            ],
            [
              139.66332301,
              35.66410043
            ],
            [
              139.66332301,
              35.66446534
            ],
            [
              139.66287385,
              35.66446534
            ],
            [
              139.66287385,
              35.66410043
            ]
          ]
        ]
      },
      "properties": {
        "mesh_id": 578,
        "source_feature_id": "310944,85090",
        "evaluation_class": "NOT_EVALUATED",
        "ground_truth": null,
        "detected": false,
        "review_status": "NOT_REVIEWED",
        "change_type": null,
        "source_change_type": null,
        "type_basis": null,
        "source_density": 0.0,
        "source_mean": 0.0,
        "density_rank": null,
        "interpreter_a_judgment": null,
        "interpreter_b_judgment": null,
        "interpreter_a_type": null,
        "interpreter_b_type": null,
        "interpreter_a_note": null,
        "interpreter_b_note": null,
        "interpreter_a_needs_check": null,
        "interpreter_b_needs_check": null,
        "experiment_id": "window-a-2019-2025-frozen"
      }
    },
    {
      "type": "Feature",
      "id": 579,
      "geometry": {
        "type": "Polygon",
        "coordinates": [
          [
            [
              139.66332301,
              35.66410043
            ],
            [
              139.66377217,
              35.66410043
            ],
            [
              139.66377217,
              35.66446534
            ],
            [
              139.66332301,
              35.66446534
            ],
            [
              139.66332301,
              35.66410043
            ]
          ]
        ]
      },
      "properties": {
        "mesh_id": 579,
        "source_feature_id": "310945,85090",
        "evaluation_class": "NOT_EVALUATED",
        "ground_truth": null,
        "detected": false,
        "review_status": "NOT_REVIEWED",
        "change_type": null,
        "source_change_type": null,
        "type_basis": null,
        "source_density": 0.0,
        "source_mean": 0.0,
        "density_rank": null,
        "interpreter_a_judgment": null,
        "interpreter_b_judgment": null,
        "interpreter_a_type": null,
        "interpreter_b_type": null,
        "interpreter_a_note": null,
        "interpreter_b_note": null,
        "interpreter_a_needs_check": null,
        "interpreter_b_needs_check": null,
        "experiment_id": "window-a-2019-2025-frozen"
      }
    },
    {
      "type": "Feature",
      "id": 580,
      "geometry": {
        "type": "Polygon",
        "coordinates": [
          [
            [
              139.66377217,
              35.66410043
            ],
            [
              139.66422133,
              35.66410043
            ],
            [
              139.66422133,
              35.66446534
            ],
            [
              139.66377217,
              35.66446534
            ],
            [
              139.66377217,
              35.66410043
            ]
          ]
        ]
      },
      "properties": {
        "mesh_id": 580,
        "source_feature_id": "310946,85090",
        "evaluation_class": "FP",
        "ground_truth": "NO_CHANGE",
        "detected": true,
        "review_status": "AGREED",
        "change_type": null,
        "source_change_type": null,
        "type_basis": null,
        "source_density": 0.050434782608695654,
        "source_mean": 0.050434782608695654,
        "density_rank": 21,
        "interpreter_a_judgment": "×",
        "interpreter_b_judgment": "×",
        "interpreter_a_type": null,
        "interpreter_b_type": null,
        "interpreter_a_note": null,
        "interpreter_b_note": "（○を訂正して×）",
        "interpreter_a_needs_check": null,
        "interpreter_b_needs_check": "要確認",
        "experiment_id": "window-a-2019-2025-frozen"
      }
    },
    {
      "type": "Feature",
      "id": 581,
      "geometry": {
        "type": "Polygon",
        "coordinates": [
          [
            [
              139.66422133,
              35.66410043
            ],
            [
              139.66467048,
              35.66410043
            ],
            [
              139.66467048,
              35.66446534
            ],
            [
              139.66422133,
              35.66446534
            ],
            [
              139.66422133,
              35.66410043
            ]
          ]
        ]
      },
      "properties": {
        "mesh_id": 581,
        "source_feature_id": "310947,85090",
        "evaluation_class": "NOT_EVALUATED",
        "ground_truth": null,
        "detected": false,
        "review_status": "NOT_REVIEWED",
        "change_type": null,
        "source_change_type": null,
        "type_basis": null,
        "source_density": 0.0,
        "source_mean": 0.0,
        "density_rank": null,
        "interpreter_a_judgment": null,
        "interpreter_b_judgment": null,
        "interpreter_a_type": null,
        "interpreter_b_type": null,
        "interpreter_a_note": null,
        "interpreter_b_note": null,
        "interpreter_a_needs_check": null,
        "interpreter_b_needs_check": null,
        "experiment_id": "window-a-2019-2025-frozen"
      }
    },
    {
      "type": "Feature",
      "id": 582,
      "geometry": {
        "type": "Polygon",
        "coordinates": [
          [
            [
              139.66467048,
              35.66410043
            ],
            [
              139.66511964,
              35.66410043
            ],
            [
              139.66511964,
              35.66446534
            ],
            [
              139.66467048,
              35.66446534
            ],
            [
              139.66467048,
              35.66410043
            ]
          ]
        ]
      },
      "properties": {
        "mesh_id": 582,
        "source_feature_id": "310948,85090",
        "evaluation_class": "NOT_EVALUATED",
        "ground_truth": null,
        "detected": false,
        "review_status": "NOT_REVIEWED",
        "change_type": null,
        "source_change_type": null,
        "type_basis": null,
        "source_density": 0.0,
        "source_mean": 0.0,
        "density_rank": null,
        "interpreter_a_judgment": null,
        "interpreter_b_judgment": null,
        "interpreter_a_type": null,
        "interpreter_b_type": null,
        "interpreter_a_note": null,
        "interpreter_b_note": null,
        "interpreter_a_needs_check": null,
        "interpreter_b_needs_check": null,
        "experiment_id": "window-a-2019-2025-frozen"
      }
    },
    {
      "type": "Feature",
      "id": 583,
      "geometry": {
        "type": "Polygon",
        "coordinates": [
          [
            [
              139.66511964,
              35.66410043
            ],
            [
              139.6655688,
              35.66410043
            ],
            [
              139.6655688,
              35.66446534
            ],
            [
              139.66511964,
              35.66446534
            ],
            [
              139.66511964,
              35.66410043
            ]
          ]
        ]
      },
      "properties": {
        "mesh_id": 583,
        "source_feature_id": "310949,85090",
        "evaluation_class": "NOT_EVALUATED",
        "ground_truth": null,
        "detected": false,
        "review_status": "NOT_REVIEWED",
        "change_type": null,
        "source_change_type": null,
        "type_basis": null,
        "source_density": 0.0,
        "source_mean": 0.0,
        "density_rank": null,
        "interpreter_a_judgment": null,
        "interpreter_b_judgment": null,
        "interpreter_a_type": null,
        "interpreter_b_type": null,
        "interpreter_a_note": null,
        "interpreter_b_note": null,
        "interpreter_a_needs_check": null,
        "interpreter_b_needs_check": null,
        "experiment_id": "window-a-2019-2025-frozen"
      }
    },
    {
      "type": "Feature",
      "id": 584,
      "geometry": {
        "type": "Polygon",
        "coordinates": [
          [
            [
              139.6655688,
              35.66410043
            ],
            [
              139.66601796,
              35.66410043
            ],
            [
              139.66601796,
              35.66446534
            ],
            [
              139.6655688,
              35.66446534
            ],
            [
              139.6655688,
              35.66410043
            ]
          ]
        ]
      },
      "properties": {
        "mesh_id": 584,
        "source_feature_id": "310950,85090",
        "evaluation_class": "FN",
        "ground_truth": "CHANGE",
        "detected": false,
        "review_status": "AGREED",
        "change_type": "REBUILDING",
        "source_change_type": "R",
        "type_basis": "文字列完全一致",
        "source_density": 0.0,
        "source_mean": 0.0,
        "density_rank": null,
        "interpreter_a_judgment": "○",
        "interpreter_b_judgment": "○",
        "interpreter_a_type": "R",
        "interpreter_b_type": "R",
        "interpreter_a_note": null,
        "interpreter_b_note": null,
        "interpreter_a_needs_check": null,
        "interpreter_b_needs_check": null,
        "experiment_id": "window-a-2019-2025-frozen"
      }
    },
    {
      "type": "Feature",
      "id": 585,
      "geometry": {
        "type": "Polygon",
        "coordinates": [
          [
            [
              139.66601796,
              35.66410043
            ],
            [
              139.66646711,
              35.66410043
            ],
            [
              139.66646711,
              35.66446534
            ],
            [
              139.66601796,
              35.66446534
            ],
            [
              139.66601796,
              35.66410043
            ]
          ]
        ]
      },
      "properties": {
        "mesh_id": 585,
        "source_feature_id": "310951,85090",
        "evaluation_class": "NOT_EVALUATED",
        "ground_truth": null,
        "detected": false,
        "review_status": "NOT_REVIEWED",
        "change_type": null,
        "source_change_type": null,
        "type_basis": null,
        "source_density": 0.0,
        "source_mean": 0.0,
        "density_rank": null,
        "interpreter_a_judgment": null,
        "interpreter_b_judgment": null,
        "interpreter_a_type": null,
        "interpreter_b_type": null,
        "interpreter_a_note": null,
        "interpreter_b_note": null,
        "interpreter_a_needs_check": null,
        "interpreter_b_needs_check": null,
        "experiment_id": "window-a-2019-2025-frozen"
      }
    },
    {
      "type": "Feature",
      "id": 586,
      "geometry": {
        "type": "Polygon",
        "coordinates": [
          [
            [
              139.66646711,
              35.66410043
            ],
            [
              139.66691627,
              35.66410043
            ],
            [
              139.66691627,
              35.66446534
            ],
            [
              139.66646711,
              35.66446534
            ],
            [
              139.66646711,
              35.66410043
            ]
          ]
        ]
      },
      "properties": {
        "mesh_id": 586,
        "source_feature_id": "310952,85090",
        "evaluation_class": "NOT_EVALUATED",
        "ground_truth": null,
        "detected": false,
        "review_status": "NOT_REVIEWED",
        "change_type": null,
        "source_change_type": null,
        "type_basis": null,
        "source_density": 0.0,
        "source_mean": 0.0,
        "density_rank": null,
        "interpreter_a_judgment": null,
        "interpreter_b_judgment": null,
        "interpreter_a_type": null,
        "interpreter_b_type": null,
        "interpreter_a_note": null,
        "interpreter_b_note": null,
        "interpreter_a_needs_check": null,
        "interpreter_b_needs_check": null,
        "experiment_id": "window-a-2019-2025-frozen"
      }
    },
    {
      "type": "Feature",
      "id": 587,
      "geometry": {
        "type": "Polygon",
        "coordinates": [
          [
            [
              139.66691627,
              35.66410043
            ],
            [
              139.66736543,
              35.66410043
            ],
            [
              139.66736543,
              35.66446534
            ],
            [
              139.66691627,
              35.66446534
            ],
            [
              139.66691627,
              35.66410043
            ]
          ]
        ]
      },
      "properties": {
        "mesh_id": 587,
        "source_feature_id": "310953,85090",
        "evaluation_class": "NOT_EVALUATED",
        "ground_truth": null,
        "detected": false,
        "review_status": "NOT_REVIEWED",
        "change_type": null,
        "source_change_type": null,
        "type_basis": null,
        "source_density": 0.0,
        "source_mean": 0.0,
        "density_rank": null,
        "interpreter_a_judgment": null,
        "interpreter_b_judgment": null,
        "interpreter_a_type": null,
        "interpreter_b_type": null,
        "interpreter_a_note": null,
        "interpreter_b_note": null,
        "interpreter_a_needs_check": null,
        "interpreter_b_needs_check": null,
        "experiment_id": "window-a-2019-2025-frozen"
      }
    },
    {
      "type": "Feature",
      "id": 588,
      "geometry": {
        "type": "Polygon",
        "coordinates": [
          [
            [
              139.66736543,
              35.66410043
            ],
            [
              139.66781459,
              35.66410043
            ],
            [
              139.66781459,
              35.66446534
            ],
            [
              139.66736543,
              35.66446534
            ],
            [
              139.66736543,
              35.66410043
            ]
          ]
        ]
      },
      "properties": {
        "mesh_id": 588,
        "source_feature_id": "310954,85090",
        "evaluation_class": "NOT_EVALUATED",
        "ground_truth": null,
        "detected": false,
        "review_status": "NOT_REVIEWED",
        "change_type": null,
        "source_change_type": null,
        "type_basis": null,
        "source_density": 0.0,
        "source_mean": 0.0,
        "density_rank": null,
        "interpreter_a_judgment": null,
        "interpreter_b_judgment": null,
        "interpreter_a_type": null,
        "interpreter_b_type": null,
        "interpreter_a_note": null,
        "interpreter_b_note": null,
        "interpreter_a_needs_check": null,
        "interpreter_b_needs_check": null,
        "experiment_id": "window-a-2019-2025-frozen"
      }
    },
    {
      "type": "Feature",
      "id": 589,
      "geometry": {
        "type": "Polygon",
        "coordinates": [
          [
            [
              139.66781459,
              35.66410043
            ],
            [
              139.66826374,
              35.66410043
            ],
            [
              139.66826374,
              35.66446534
            ],
            [
              139.66781459,
              35.66446534
            ],
            [
              139.66781459,
              35.66410043
            ]
          ]
        ]
      },
      "properties": {
        "mesh_id": 589,
        "source_feature_id": "310955,85090",
        "evaluation_class": "NOT_EVALUATED",
        "ground_truth": null,
        "detected": false,
        "review_status": "NOT_REVIEWED",
        "change_type": null,
        "source_change_type": null,
        "type_basis": null,
        "source_density": 0.0,
        "source_mean": 0.0,
        "density_rank": null,
        "interpreter_a_judgment": null,
        "interpreter_b_judgment": null,
        "interpreter_a_type": null,
        "interpreter_b_type": null,
        "interpreter_a_note": null,
        "interpreter_b_note": null,
        "interpreter_a_needs_check": null,
        "interpreter_b_needs_check": null,
        "experiment_id": "window-a-2019-2025-frozen"
      }
    },
    {
      "type": "Feature",
      "id": 590,
      "geometry": {
        "type": "Polygon",
        "coordinates": [
          [
            [
              139.66826374,
              35.66410043
            ],
            [
              139.6687129,
              35.66410043
            ],
            [
              139.6687129,
              35.66446534
            ],
            [
              139.66826374,
              35.66446534
            ],
            [
              139.66826374,
              35.66410043
            ]
          ]
        ]
      },
      "properties": {
        "mesh_id": 590,
        "source_feature_id": "310956,85090",
        "evaluation_class": "NOT_EVALUATED",
        "ground_truth": null,
        "detected": false,
        "review_status": "NOT_REVIEWED",
        "change_type": null,
        "source_change_type": null,
        "type_basis": null,
        "source_density": 0.0,
        "source_mean": 0.0,
        "density_rank": null,
        "interpreter_a_judgment": null,
        "interpreter_b_judgment": null,
        "interpreter_a_type": null,
        "interpreter_b_type": null,
        "interpreter_a_note": null,
        "interpreter_b_note": null,
        "interpreter_a_needs_check": null,
        "interpreter_b_needs_check": null,
        "experiment_id": "window-a-2019-2025-frozen"
      }
    },
    {
      "type": "Feature",
      "id": 591,
      "geometry": {
        "type": "Polygon",
        "coordinates": [
          [
            [
              139.6687129,
              35.66410043
            ],
            [
              139.66916206,
              35.66410043
            ],
            [
              139.66916206,
              35.66446534
            ],
            [
              139.6687129,
              35.66446534
            ],
            [
              139.6687129,
              35.66410043
            ]
          ]
        ]
      },
      "properties": {
        "mesh_id": 591,
        "source_feature_id": "310957,85090",
        "evaluation_class": "NOT_EVALUATED",
        "ground_truth": null,
        "detected": false,
        "review_status": "NOT_REVIEWED",
        "change_type": null,
        "source_change_type": null,
        "type_basis": null,
        "source_density": 0.0,
        "source_mean": 0.0,
        "density_rank": null,
        "interpreter_a_judgment": null,
        "interpreter_b_judgment": null,
        "interpreter_a_type": null,
        "interpreter_b_type": null,
        "interpreter_a_note": null,
        "interpreter_b_note": null,
        "interpreter_a_needs_check": null,
        "interpreter_b_needs_check": null,
        "experiment_id": "window-a-2019-2025-frozen"
      }
    },
    {
      "type": "Feature",
      "id": 592,
      "geometry": {
        "type": "Polygon",
        "coordinates": [
          [
            [
              139.66916206,
              35.66410043
            ],
            [
              139.66961122,
              35.66410043
            ],
            [
              139.66961122,
              35.66446534
            ],
            [
              139.66916206,
              35.66446534
            ],
            [
              139.66916206,
              35.66410043
            ]
          ]
        ]
      },
      "properties": {
        "mesh_id": 592,
        "source_feature_id": "310958,85090",
        "evaluation_class": "NOT_EVALUATED",
        "ground_truth": null,
        "detected": false,
        "review_status": "NOT_REVIEWED",
        "change_type": null,
        "source_change_type": null,
        "type_basis": null,
        "source_density": 0.0,
        "source_mean": 0.0,
        "density_rank": null,
        "interpreter_a_judgment": null,
        "interpreter_b_judgment": null,
        "interpreter_a_type": null,
        "interpreter_b_type": null,
        "interpreter_a_note": null,
        "interpreter_b_note": null,
        "interpreter_a_needs_check": null,
        "interpreter_b_needs_check": null,
        "experiment_id": "window-a-2019-2025-frozen"
      }
    },
    {
      "type": "Feature",
      "id": 593,
      "geometry": {
        "type": "Polygon",
        "coordinates": [
          [
            [
              139.66961122,
              35.66410043
            ],
            [
              139.67006037,
              35.66410043
            ],
            [
              139.67006037,
              35.66446534
            ],
            [
              139.66961122,
              35.66446534
            ],
            [
              139.66961122,
              35.66410043
            ]
          ]
        ]
      },
      "properties": {
        "mesh_id": 593,
        "source_feature_id": "310959,85090",
        "evaluation_class": "NOT_EVALUATED",
        "ground_truth": null,
        "detected": true,
        "review_status": "DISAGREED",
        "change_type": null,
        "source_change_type": null,
        "type_basis": null,
        "source_density": 0.04927536231884058,
        "source_mean": 0.04927536231884058,
        "density_rank": 22,
        "interpreter_a_judgment": "○",
        "interpreter_b_judgment": "△",
        "interpreter_a_type": "D/R",
        "interpreter_b_type": null,
        "interpreter_a_note": "（×を訂正して○）屋根の色が明るい色に変わる、他は同じ",
        "interpreter_b_note": "（×を訂正して△）屋根",
        "interpreter_a_needs_check": null,
        "interpreter_b_needs_check": "要確認",
        "experiment_id": "window-a-2019-2025-frozen"
      }
    },
    {
      "type": "Feature",
      "id": 594,
      "geometry": {
        "type": "Polygon",
        "coordinates": [
          [
            [
              139.67006037,
              35.66410043
            ],
            [
              139.67050953,
              35.66410043
            ],
            [
              139.67050953,
              35.66446534
            ],
            [
              139.67006037,
              35.66446534
            ],
            [
              139.67006037,
              35.66410043
            ]
          ]
        ]
      },
      "properties": {
        "mesh_id": 594,
        "source_feature_id": "310960,85090",
        "evaluation_class": "TP",
        "ground_truth": "CHANGE",
        "detected": true,
        "review_status": "AGREED",
        "change_type": null,
        "source_change_type": null,
        "type_basis": null,
        "source_density": 0.19768115942028985,
        "source_mean": 0.19768115942028985,
        "density_rank": 4,
        "interpreter_a_judgment": "○",
        "interpreter_b_judgment": "○",
        "interpreter_a_type": "D/R",
        "interpreter_b_type": "R",
        "interpreter_a_note": null,
        "interpreter_b_note": null,
        "interpreter_a_needs_check": null,
        "interpreter_b_needs_check": null,
        "experiment_id": "window-a-2019-2025-frozen"
      }
    },
    {
      "type": "Feature",
      "id": 595,
      "geometry": {
        "type": "Polygon",
        "coordinates": [
          [
            [
              139.67050953,
              35.66410043
            ],
            [
              139.67095869,
              35.66410043
            ],
            [
              139.67095869,
              35.66446534
            ],
            [
              139.67050953,
              35.66446534
            ],
            [
              139.67050953,
              35.66410043
            ]
          ]
        ]
      },
      "properties": {
        "mesh_id": 595,
        "source_feature_id": "310961,85090",
        "evaluation_class": "NOT_EVALUATED",
        "ground_truth": null,
        "detected": false,
        "review_status": "NOT_REVIEWED",
        "change_type": null,
        "source_change_type": null,
        "type_basis": null,
        "source_density": 0.0,
        "source_mean": 0.0,
        "density_rank": null,
        "interpreter_a_judgment": null,
        "interpreter_b_judgment": null,
        "interpreter_a_type": null,
        "interpreter_b_type": null,
        "interpreter_a_note": null,
        "interpreter_b_note": null,
        "interpreter_a_needs_check": null,
        "interpreter_b_needs_check": null,
        "experiment_id": "window-a-2019-2025-frozen"
      }
    },
    {
      "type": "Feature",
      "id": 596,
      "geometry": {
        "type": "Polygon",
        "coordinates": [
          [
            [
              139.67095869,
              35.66410043
            ],
            [
              139.67140785,
              35.66410043
            ],
            [
              139.67140785,
              35.66446534
            ],
            [
              139.67095869,
              35.66446534
            ],
            [
              139.67095869,
              35.66410043
            ]
          ]
        ]
      },
      "properties": {
        "mesh_id": 596,
        "source_feature_id": "310962,85090",
        "evaluation_class": "NOT_EVALUATED",
        "ground_truth": null,
        "detected": false,
        "review_status": "NOT_REVIEWED",
        "change_type": null,
        "source_change_type": null,
        "type_basis": null,
        "source_density": 0.0,
        "source_mean": 0.0,
        "density_rank": null,
        "interpreter_a_judgment": null,
        "interpreter_b_judgment": null,
        "interpreter_a_type": null,
        "interpreter_b_type": null,
        "interpreter_a_note": null,
        "interpreter_b_note": null,
        "interpreter_a_needs_check": null,
        "interpreter_b_needs_check": null,
        "experiment_id": "window-a-2019-2025-frozen"
      }
    },
    {
      "type": "Feature",
      "id": 597,
      "geometry": {
        "type": "Polygon",
        "coordinates": [
          [
            [
              139.67140785,
              35.66410043
            ],
            [
              139.67185701,
              35.66410043
            ],
            [
              139.67185701,
              35.66446534
            ],
            [
              139.67140785,
              35.66446534
            ],
            [
              139.67140785,
              35.66410043
            ]
          ]
        ]
      },
      "properties": {
        "mesh_id": 597,
        "source_feature_id": "310963,85090",
        "evaluation_class": "NOT_EVALUATED",
        "ground_truth": null,
        "detected": false,
        "review_status": "NOT_REVIEWED",
        "change_type": null,
        "source_change_type": null,
        "type_basis": null,
        "source_density": 0.0,
        "source_mean": 0.0,
        "density_rank": null,
        "interpreter_a_judgment": null,
        "interpreter_b_judgment": null,
        "interpreter_a_type": null,
        "interpreter_b_type": null,
        "interpreter_a_note": null,
        "interpreter_b_note": null,
        "interpreter_a_needs_check": null,
        "interpreter_b_needs_check": null,
        "experiment_id": "window-a-2019-2025-frozen"
      }
    },
    {
      "type": "Feature",
      "id": 598,
      "geometry": {
        "type": "Polygon",
        "coordinates": [
          [
            [
              139.66017891,
              35.66446534
            ],
            [
              139.66062806,
              35.66446534
            ],
            [
              139.66062806,
              35.66483026
            ],
            [
              139.66017891,
              35.66483026
            ],
            [
              139.66017891,
              35.66446534
            ]
          ]
        ]
      },
      "properties": {
        "mesh_id": 598,
        "source_feature_id": "310938,85091",
        "evaluation_class": "NOT_EVALUATED",
        "ground_truth": null,
        "detected": false,
        "review_status": "NOT_REVIEWED",
        "change_type": null,
        "source_change_type": null,
        "type_basis": null,
        "source_density": 0.0,
        "source_mean": 0.0,
        "density_rank": null,
        "interpreter_a_judgment": null,
        "interpreter_b_judgment": null,
        "interpreter_a_type": null,
        "interpreter_b_type": null,
        "interpreter_a_note": null,
        "interpreter_b_note": null,
        "interpreter_a_needs_check": null,
        "interpreter_b_needs_check": null,
        "experiment_id": "window-a-2019-2025-frozen"
      }
    },
    {
      "type": "Feature",
      "id": 599,
      "geometry": {
        "type": "Polygon",
        "coordinates": [
          [
            [
              139.66062806,
              35.66446534
            ],
            [
              139.66107722,
              35.66446534
            ],
            [
              139.66107722,
              35.66483026
            ],
            [
              139.66062806,
              35.66483026
            ],
            [
              139.66062806,
              35.66446534
            ]
          ]
        ]
      },
      "properties": {
        "mesh_id": 599,
        "source_feature_id": "310939,85091",
        "evaluation_class": "NOT_EVALUATED",
        "ground_truth": null,
        "detected": false,
        "review_status": "NOT_REVIEWED",
        "change_type": null,
        "source_change_type": null,
        "type_basis": null,
        "source_density": 0.0,
        "source_mean": 0.0,
        "density_rank": null,
        "interpreter_a_judgment": null,
        "interpreter_b_judgment": null,
        "interpreter_a_type": null,
        "interpreter_b_type": null,
        "interpreter_a_note": null,
        "interpreter_b_note": null,
        "interpreter_a_needs_check": null,
        "interpreter_b_needs_check": null,
        "experiment_id": "window-a-2019-2025-frozen"
      }
    },
    {
      "type": "Feature",
      "id": 600,
      "geometry": {
        "type": "Polygon",
        "coordinates": [
          [
            [
              139.66107722,
              35.66446534
            ],
            [
              139.66152638,
              35.66446534
            ],
            [
              139.66152638,
              35.66483026
            ],
            [
              139.66107722,
              35.66483026
            ],
            [
              139.66107722,
              35.66446534
            ]
          ]
        ]
      },
      "properties": {
        "mesh_id": 600,
        "source_feature_id": "310940,85091",
        "evaluation_class": "NOT_EVALUATED",
        "ground_truth": null,
        "detected": false,
        "review_status": "NOT_REVIEWED",
        "change_type": null,
        "source_change_type": null,
        "type_basis": null,
        "source_density": 0.0,
        "source_mean": 0.0,
        "density_rank": null,
        "interpreter_a_judgment": null,
        "interpreter_b_judgment": null,
        "interpreter_a_type": null,
        "interpreter_b_type": null,
        "interpreter_a_note": null,
        "interpreter_b_note": null,
        "interpreter_a_needs_check": null,
        "interpreter_b_needs_check": null,
        "experiment_id": "window-a-2019-2025-frozen"
      }
    },
    {
      "type": "Feature",
      "id": 601,
      "geometry": {
        "type": "Polygon",
        "coordinates": [
          [
            [
              139.66152638,
              35.66446534
            ],
            [
              139.66197554,
              35.66446534
            ],
            [
              139.66197554,
              35.66483026
            ],
            [
              139.66152638,
              35.66483026
            ],
            [
              139.66152638,
              35.66446534
            ]
          ]
        ]
      },
      "properties": {
        "mesh_id": 601,
        "source_feature_id": "310941,85091",
        "evaluation_class": "NOT_EVALUATED",
        "ground_truth": null,
        "detected": false,
        "review_status": "NOT_REVIEWED",
        "change_type": null,
        "source_change_type": null,
        "type_basis": null,
        "source_density": 0.0,
        "source_mean": 0.0,
        "density_rank": null,
        "interpreter_a_judgment": null,
        "interpreter_b_judgment": null,
        "interpreter_a_type": null,
        "interpreter_b_type": null,
        "interpreter_a_note": null,
        "interpreter_b_note": null,
        "interpreter_a_needs_check": null,
        "interpreter_b_needs_check": null,
        "experiment_id": "window-a-2019-2025-frozen"
      }
    },
    {
      "type": "Feature",
      "id": 602,
      "geometry": {
        "type": "Polygon",
        "coordinates": [
          [
            [
              139.66197554,
              35.66446534
            ],
            [
              139.66242469,
              35.66446534
            ],
            [
              139.66242469,
              35.66483026
            ],
            [
              139.66197554,
              35.66483026
            ],
            [
              139.66197554,
              35.66446534
            ]
          ]
        ]
      },
      "properties": {
        "mesh_id": 602,
        "source_feature_id": "310942,85091",
        "evaluation_class": "NOT_EVALUATED",
        "ground_truth": null,
        "detected": false,
        "review_status": "NOT_REVIEWED",
        "change_type": null,
        "source_change_type": null,
        "type_basis": null,
        "source_density": 0.0,
        "source_mean": 0.0,
        "density_rank": null,
        "interpreter_a_judgment": null,
        "interpreter_b_judgment": null,
        "interpreter_a_type": null,
        "interpreter_b_type": null,
        "interpreter_a_note": null,
        "interpreter_b_note": null,
        "interpreter_a_needs_check": null,
        "interpreter_b_needs_check": null,
        "experiment_id": "window-a-2019-2025-frozen"
      }
    },
    {
      "type": "Feature",
      "id": 603,
      "geometry": {
        "type": "Polygon",
        "coordinates": [
          [
            [
              139.66242469,
              35.66446534
            ],
            [
              139.66287385,
              35.66446534
            ],
            [
              139.66287385,
              35.66483026
            ],
            [
              139.66242469,
              35.66483026
            ],
            [
              139.66242469,
              35.66446534
            ]
          ]
        ]
      },
      "properties": {
        "mesh_id": 603,
        "source_feature_id": "310943,85091",
        "evaluation_class": "NOT_EVALUATED",
        "ground_truth": null,
        "detected": false,
        "review_status": "NOT_REVIEWED",
        "change_type": null,
        "source_change_type": null,
        "type_basis": null,
        "source_density": 0.0,
        "source_mean": 0.0,
        "density_rank": null,
        "interpreter_a_judgment": null,
        "interpreter_b_judgment": null,
        "interpreter_a_type": null,
        "interpreter_b_type": null,
        "interpreter_a_note": null,
        "interpreter_b_note": null,
        "interpreter_a_needs_check": null,
        "interpreter_b_needs_check": null,
        "experiment_id": "window-a-2019-2025-frozen"
      }
    },
    {
      "type": "Feature",
      "id": 604,
      "geometry": {
        "type": "Polygon",
        "coordinates": [
          [
            [
              139.66287385,
              35.66446534
            ],
            [
              139.66332301,
              35.66446534
            ],
            [
              139.66332301,
              35.66483026
            ],
            [
              139.66287385,
              35.66483026
            ],
            [
              139.66287385,
              35.66446534
            ]
          ]
        ]
      },
      "properties": {
        "mesh_id": 604,
        "source_feature_id": "310944,85091",
        "evaluation_class": "NOT_EVALUATED",
        "ground_truth": null,
        "detected": false,
        "review_status": "NOT_REVIEWED",
        "change_type": null,
        "source_change_type": null,
        "type_basis": null,
        "source_density": 0.0,
        "source_mean": 0.0,
        "density_rank": null,
        "interpreter_a_judgment": null,
        "interpreter_b_judgment": null,
        "interpreter_a_type": null,
        "interpreter_b_type": null,
        "interpreter_a_note": null,
        "interpreter_b_note": null,
        "interpreter_a_needs_check": null,
        "interpreter_b_needs_check": null,
        "experiment_id": "window-a-2019-2025-frozen"
      }
    },
    {
      "type": "Feature",
      "id": 605,
      "geometry": {
        "type": "Polygon",
        "coordinates": [
          [
            [
              139.66332301,
              35.66446534
            ],
            [
              139.66377217,
              35.66446534
            ],
            [
              139.66377217,
              35.66483026
            ],
            [
              139.66332301,
              35.66483026
            ],
            [
              139.66332301,
              35.66446534
            ]
          ]
        ]
      },
      "properties": {
        "mesh_id": 605,
        "source_feature_id": "310945,85091",
        "evaluation_class": "NOT_EVALUATED",
        "ground_truth": null,
        "detected": false,
        "review_status": "NOT_REVIEWED",
        "change_type": null,
        "source_change_type": null,
        "type_basis": null,
        "source_density": 0.0,
        "source_mean": 0.0,
        "density_rank": null,
        "interpreter_a_judgment": null,
        "interpreter_b_judgment": null,
        "interpreter_a_type": null,
        "interpreter_b_type": null,
        "interpreter_a_note": null,
        "interpreter_b_note": null,
        "interpreter_a_needs_check": null,
        "interpreter_b_needs_check": null,
        "experiment_id": "window-a-2019-2025-frozen"
      }
    },
    {
      "type": "Feature",
      "id": 606,
      "geometry": {
        "type": "Polygon",
        "coordinates": [
          [
            [
              139.66377217,
              35.66446534
            ],
            [
              139.66422133,
              35.66446534
            ],
            [
              139.66422133,
              35.66483026
            ],
            [
              139.66377217,
              35.66483026
            ],
            [
              139.66377217,
              35.66446534
            ]
          ]
        ]
      },
      "properties": {
        "mesh_id": 606,
        "source_feature_id": "310946,85091",
        "evaluation_class": "TP",
        "ground_truth": "CHANGE",
        "detected": true,
        "review_status": "AGREED",
        "change_type": "REBUILDING",
        "source_change_type": "R",
        "type_basis": "文字列完全一致",
        "source_density": 0.0972972972972973,
        "source_mean": 0.0972972972972973,
        "density_rank": 15,
        "interpreter_a_judgment": "○",
        "interpreter_b_judgment": "○",
        "interpreter_a_type": "R",
        "interpreter_b_type": "R",
        "interpreter_a_note": null,
        "interpreter_b_note": null,
        "interpreter_a_needs_check": null,
        "interpreter_b_needs_check": null,
        "experiment_id": "window-a-2019-2025-frozen"
      }
    },
    {
      "type": "Feature",
      "id": 607,
      "geometry": {
        "type": "Polygon",
        "coordinates": [
          [
            [
              139.66422133,
              35.66446534
            ],
            [
              139.66467048,
              35.66446534
            ],
            [
              139.66467048,
              35.66483026
            ],
            [
              139.66422133,
              35.66483026
            ],
            [
              139.66422133,
              35.66446534
            ]
          ]
        ]
      },
      "properties": {
        "mesh_id": 607,
        "source_feature_id": "310947,85091",
        "evaluation_class": "NOT_EVALUATED",
        "ground_truth": null,
        "detected": false,
        "review_status": "NOT_REVIEWED",
        "change_type": null,
        "source_change_type": null,
        "type_basis": null,
        "source_density": 0.0,
        "source_mean": 0.0,
        "density_rank": null,
        "interpreter_a_judgment": null,
        "interpreter_b_judgment": null,
        "interpreter_a_type": null,
        "interpreter_b_type": null,
        "interpreter_a_note": null,
        "interpreter_b_note": null,
        "interpreter_a_needs_check": null,
        "interpreter_b_needs_check": null,
        "experiment_id": "window-a-2019-2025-frozen"
      }
    },
    {
      "type": "Feature",
      "id": 608,
      "geometry": {
        "type": "Polygon",
        "coordinates": [
          [
            [
              139.66467048,
              35.66446534
            ],
            [
              139.66511964,
              35.66446534
            ],
            [
              139.66511964,
              35.66483026
            ],
            [
              139.66467048,
              35.66483026
            ],
            [
              139.66467048,
              35.66446534
            ]
          ]
        ]
      },
      "properties": {
        "mesh_id": 608,
        "source_feature_id": "310948,85091",
        "evaluation_class": "NOT_EVALUATED",
        "ground_truth": null,
        "detected": false,
        "review_status": "NOT_REVIEWED",
        "change_type": null,
        "source_change_type": null,
        "type_basis": null,
        "source_density": 0.0,
        "source_mean": 0.0,
        "density_rank": null,
        "interpreter_a_judgment": null,
        "interpreter_b_judgment": null,
        "interpreter_a_type": null,
        "interpreter_b_type": null,
        "interpreter_a_note": null,
        "interpreter_b_note": null,
        "interpreter_a_needs_check": null,
        "interpreter_b_needs_check": null,
        "experiment_id": "window-a-2019-2025-frozen"
      }
    },
    {
      "type": "Feature",
      "id": 609,
      "geometry": {
        "type": "Polygon",
        "coordinates": [
          [
            [
              139.66511964,
              35.66446534
            ],
            [
              139.6655688,
              35.66446534
            ],
            [
              139.6655688,
              35.66483026
            ],
            [
              139.66511964,
              35.66483026
            ],
            [
              139.66511964,
              35.66446534
            ]
          ]
        ]
      },
      "properties": {
        "mesh_id": 609,
        "source_feature_id": "310949,85091",
        "evaluation_class": "NOT_EVALUATED",
        "ground_truth": null,
        "detected": false,
        "review_status": "NOT_REVIEWED",
        "change_type": null,
        "source_change_type": null,
        "type_basis": null,
        "source_density": 0.0,
        "source_mean": 0.0,
        "density_rank": null,
        "interpreter_a_judgment": null,
        "interpreter_b_judgment": null,
        "interpreter_a_type": null,
        "interpreter_b_type": null,
        "interpreter_a_note": null,
        "interpreter_b_note": null,
        "interpreter_a_needs_check": null,
        "interpreter_b_needs_check": null,
        "experiment_id": "window-a-2019-2025-frozen"
      }
    },
    {
      "type": "Feature",
      "id": 610,
      "geometry": {
        "type": "Polygon",
        "coordinates": [
          [
            [
              139.6655688,
              35.66446534
            ],
            [
              139.66601796,
              35.66446534
            ],
            [
              139.66601796,
              35.66483026
            ],
            [
              139.6655688,
              35.66483026
            ],
            [
              139.6655688,
              35.66446534
            ]
          ]
        ]
      },
      "properties": {
        "mesh_id": 610,
        "source_feature_id": "310950,85091",
        "evaluation_class": "NOT_EVALUATED",
        "ground_truth": null,
        "detected": false,
        "review_status": "NOT_REVIEWED",
        "change_type": null,
        "source_change_type": null,
        "type_basis": null,
        "source_density": 0.0,
        "source_mean": 0.0,
        "density_rank": null,
        "interpreter_a_judgment": null,
        "interpreter_b_judgment": null,
        "interpreter_a_type": null,
        "interpreter_b_type": null,
        "interpreter_a_note": null,
        "interpreter_b_note": null,
        "interpreter_a_needs_check": null,
        "interpreter_b_needs_check": null,
        "experiment_id": "window-a-2019-2025-frozen"
      }
    },
    {
      "type": "Feature",
      "id": 611,
      "geometry": {
        "type": "Polygon",
        "coordinates": [
          [
            [
              139.66601796,
              35.66446534
            ],
            [
              139.66646711,
              35.66446534
            ],
            [
              139.66646711,
              35.66483026
            ],
            [
              139.66601796,
              35.66483026
            ],
            [
              139.66601796,
              35.66446534
            ]
          ]
        ]
      },
      "properties": {
        "mesh_id": 611,
        "source_feature_id": "310951,85091",
        "evaluation_class": "NOT_EVALUATED",
        "ground_truth": null,
        "detected": false,
        "review_status": "NOT_REVIEWED",
        "change_type": null,
        "source_change_type": null,
        "type_basis": null,
        "source_density": 0.0,
        "source_mean": 0.0,
        "density_rank": null,
        "interpreter_a_judgment": null,
        "interpreter_b_judgment": null,
        "interpreter_a_type": null,
        "interpreter_b_type": null,
        "interpreter_a_note": null,
        "interpreter_b_note": null,
        "interpreter_a_needs_check": null,
        "interpreter_b_needs_check": null,
        "experiment_id": "window-a-2019-2025-frozen"
      }
    },
    {
      "type": "Feature",
      "id": 612,
      "geometry": {
        "type": "Polygon",
        "coordinates": [
          [
            [
              139.66646711,
              35.66446534
            ],
            [
              139.66691627,
              35.66446534
            ],
            [
              139.66691627,
              35.66483026
            ],
            [
              139.66646711,
              35.66483026
            ],
            [
              139.66646711,
              35.66446534
            ]
          ]
        ]
      },
      "properties": {
        "mesh_id": 612,
        "source_feature_id": "310952,85091",
        "evaluation_class": "NOT_EVALUATED",
        "ground_truth": null,
        "detected": false,
        "review_status": "NOT_REVIEWED",
        "change_type": null,
        "source_change_type": null,
        "type_basis": null,
        "source_density": 0.0,
        "source_mean": 0.0,
        "density_rank": null,
        "interpreter_a_judgment": null,
        "interpreter_b_judgment": null,
        "interpreter_a_type": null,
        "interpreter_b_type": null,
        "interpreter_a_note": null,
        "interpreter_b_note": null,
        "interpreter_a_needs_check": null,
        "interpreter_b_needs_check": null,
        "experiment_id": "window-a-2019-2025-frozen"
      }
    },
    {
      "type": "Feature",
      "id": 613,
      "geometry": {
        "type": "Polygon",
        "coordinates": [
          [
            [
              139.66691627,
              35.66446534
            ],
            [
              139.66736543,
              35.66446534
            ],
            [
              139.66736543,
              35.66483026
            ],
            [
              139.66691627,
              35.66483026
            ],
            [
              139.66691627,
              35.66446534
            ]
          ]
        ]
      },
      "properties": {
        "mesh_id": 613,
        "source_feature_id": "310953,85091",
        "evaluation_class": "NOT_EVALUATED",
        "ground_truth": null,
        "detected": false,
        "review_status": "NOT_REVIEWED",
        "change_type": null,
        "source_change_type": null,
        "type_basis": null,
        "source_density": 0.0,
        "source_mean": 0.0,
        "density_rank": null,
        "interpreter_a_judgment": null,
        "interpreter_b_judgment": null,
        "interpreter_a_type": null,
        "interpreter_b_type": null,
        "interpreter_a_note": null,
        "interpreter_b_note": null,
        "interpreter_a_needs_check": null,
        "interpreter_b_needs_check": null,
        "experiment_id": "window-a-2019-2025-frozen"
      }
    },
    {
      "type": "Feature",
      "id": 614,
      "geometry": {
        "type": "Polygon",
        "coordinates": [
          [
            [
              139.66736543,
              35.66446534
            ],
            [
              139.66781459,
              35.66446534
            ],
            [
              139.66781459,
              35.66483026
            ],
            [
              139.66736543,
              35.66483026
            ],
            [
              139.66736543,
              35.66446534
            ]
          ]
        ]
      },
      "properties": {
        "mesh_id": 614,
        "source_feature_id": "310954,85091",
        "evaluation_class": "NOT_EVALUATED",
        "ground_truth": null,
        "detected": false,
        "review_status": "NOT_REVIEWED",
        "change_type": null,
        "source_change_type": null,
        "type_basis": null,
        "source_density": 0.0,
        "source_mean": 0.0,
        "density_rank": null,
        "interpreter_a_judgment": null,
        "interpreter_b_judgment": null,
        "interpreter_a_type": null,
        "interpreter_b_type": null,
        "interpreter_a_note": null,
        "interpreter_b_note": null,
        "interpreter_a_needs_check": null,
        "interpreter_b_needs_check": null,
        "experiment_id": "window-a-2019-2025-frozen"
      }
    },
    {
      "type": "Feature",
      "id": 615,
      "geometry": {
        "type": "Polygon",
        "coordinates": [
          [
            [
              139.66781459,
              35.66446534
            ],
            [
              139.66826374,
              35.66446534
            ],
            [
              139.66826374,
              35.66483026
            ],
            [
              139.66781459,
              35.66483026
            ],
            [
              139.66781459,
              35.66446534
            ]
          ]
        ]
      },
      "properties": {
        "mesh_id": 615,
        "source_feature_id": "310955,85091",
        "evaluation_class": "NOT_EVALUATED",
        "ground_truth": null,
        "detected": false,
        "review_status": "NOT_REVIEWED",
        "change_type": null,
        "source_change_type": null,
        "type_basis": null,
        "source_density": 0.0,
        "source_mean": 0.0,
        "density_rank": null,
        "interpreter_a_judgment": null,
        "interpreter_b_judgment": null,
        "interpreter_a_type": null,
        "interpreter_b_type": null,
        "interpreter_a_note": null,
        "interpreter_b_note": null,
        "interpreter_a_needs_check": null,
        "interpreter_b_needs_check": null,
        "experiment_id": "window-a-2019-2025-frozen"
      }
    },
    {
      "type": "Feature",
      "id": 616,
      "geometry": {
        "type": "Polygon",
        "coordinates": [
          [
            [
              139.66826374,
              35.66446534
            ],
            [
              139.6687129,
              35.66446534
            ],
            [
              139.6687129,
              35.66483026
            ],
            [
              139.66826374,
              35.66483026
            ],
            [
              139.66826374,
              35.66446534
            ]
          ]
        ]
      },
      "properties": {
        "mesh_id": 616,
        "source_feature_id": "310956,85091",
        "evaluation_class": "NOT_EVALUATED",
        "ground_truth": null,
        "detected": false,
        "review_status": "NOT_REVIEWED",
        "change_type": null,
        "source_change_type": null,
        "type_basis": null,
        "source_density": 0.0,
        "source_mean": 0.0,
        "density_rank": null,
        "interpreter_a_judgment": null,
        "interpreter_b_judgment": null,
        "interpreter_a_type": null,
        "interpreter_b_type": null,
        "interpreter_a_note": null,
        "interpreter_b_note": null,
        "interpreter_a_needs_check": null,
        "interpreter_b_needs_check": null,
        "experiment_id": "window-a-2019-2025-frozen"
      }
    },
    {
      "type": "Feature",
      "id": 617,
      "geometry": {
        "type": "Polygon",
        "coordinates": [
          [
            [
              139.6687129,
              35.66446534
            ],
            [
              139.66916206,
              35.66446534
            ],
            [
              139.66916206,
              35.66483026
            ],
            [
              139.6687129,
              35.66483026
            ],
            [
              139.6687129,
              35.66446534
            ]
          ]
        ]
      },
      "properties": {
        "mesh_id": 617,
        "source_feature_id": "310957,85091",
        "evaluation_class": "NOT_EVALUATED",
        "ground_truth": null,
        "detected": false,
        "review_status": "NOT_REVIEWED",
        "change_type": null,
        "source_change_type": null,
        "type_basis": null,
        "source_density": 0.0,
        "source_mean": 0.0,
        "density_rank": null,
        "interpreter_a_judgment": null,
        "interpreter_b_judgment": null,
        "interpreter_a_type": null,
        "interpreter_b_type": null,
        "interpreter_a_note": null,
        "interpreter_b_note": null,
        "interpreter_a_needs_check": null,
        "interpreter_b_needs_check": null,
        "experiment_id": "window-a-2019-2025-frozen"
      }
    },
    {
      "type": "Feature",
      "id": 618,
      "geometry": {
        "type": "Polygon",
        "coordinates": [
          [
            [
              139.66916206,
              35.66446534
            ],
            [
              139.66961122,
              35.66446534
            ],
            [
              139.66961122,
              35.66483026
            ],
            [
              139.66916206,
              35.66483026
            ],
            [
              139.66916206,
              35.66446534
            ]
          ]
        ]
      },
      "properties": {
        "mesh_id": 618,
        "source_feature_id": "310958,85091",
        "evaluation_class": "NOT_EVALUATED",
        "ground_truth": null,
        "detected": false,
        "review_status": "NOT_REVIEWED",
        "change_type": null,
        "source_change_type": null,
        "type_basis": null,
        "source_density": 0.0,
        "source_mean": 0.0,
        "density_rank": null,
        "interpreter_a_judgment": null,
        "interpreter_b_judgment": null,
        "interpreter_a_type": null,
        "interpreter_b_type": null,
        "interpreter_a_note": null,
        "interpreter_b_note": null,
        "interpreter_a_needs_check": null,
        "interpreter_b_needs_check": null,
        "experiment_id": "window-a-2019-2025-frozen"
      }
    },
    {
      "type": "Feature",
      "id": 619,
      "geometry": {
        "type": "Polygon",
        "coordinates": [
          [
            [
              139.66961122,
              35.66446534
            ],
            [
              139.67006037,
              35.66446534
            ],
            [
              139.67006037,
              35.66483026
            ],
            [
              139.66961122,
              35.66483026
            ],
            [
              139.66961122,
              35.66446534
            ]
          ]
        ]
      },
      "properties": {
        "mesh_id": 619,
        "source_feature_id": "310959,85091",
        "evaluation_class": "NOT_EVALUATED",
        "ground_truth": null,
        "detected": false,
        "review_status": "NOT_REVIEWED",
        "change_type": null,
        "source_change_type": null,
        "type_basis": null,
        "source_density": 0.0,
        "source_mean": 0.0,
        "density_rank": null,
        "interpreter_a_judgment": null,
        "interpreter_b_judgment": null,
        "interpreter_a_type": null,
        "interpreter_b_type": null,
        "interpreter_a_note": null,
        "interpreter_b_note": null,
        "interpreter_a_needs_check": null,
        "interpreter_b_needs_check": null,
        "experiment_id": "window-a-2019-2025-frozen"
      }
    },
    {
      "type": "Feature",
      "id": 620,
      "geometry": {
        "type": "Polygon",
        "coordinates": [
          [
            [
              139.67006037,
              35.66446534
            ],
            [
              139.67050953,
              35.66446534
            ],
            [
              139.67050953,
              35.66483026
            ],
            [
              139.67006037,
              35.66483026
            ],
            [
              139.67006037,
              35.66446534
            ]
          ]
        ]
      },
      "properties": {
        "mesh_id": 620,
        "source_feature_id": "310960,85091",
        "evaluation_class": "TP",
        "ground_truth": "CHANGE",
        "detected": true,
        "review_status": "AGREED",
        "change_type": "REBUILDING",
        "source_change_type": "R",
        "type_basis": "文字列完全一致",
        "source_density": 0.055984555984555984,
        "source_mean": 0.055984555984555984,
        "density_rank": 20,
        "interpreter_a_judgment": "○",
        "interpreter_b_judgment": "○",
        "interpreter_a_type": "R",
        "interpreter_b_type": "R",
        "interpreter_a_note": null,
        "interpreter_b_note": null,
        "interpreter_a_needs_check": null,
        "interpreter_b_needs_check": null,
        "experiment_id": "window-a-2019-2025-frozen"
      }
    },
    {
      "type": "Feature",
      "id": 621,
      "geometry": {
        "type": "Polygon",
        "coordinates": [
          [
            [
              139.67050953,
              35.66446534
            ],
            [
              139.67095869,
              35.66446534
            ],
            [
              139.67095869,
              35.66483026
            ],
            [
              139.67050953,
              35.66483026
            ],
            [
              139.67050953,
              35.66446534
            ]
          ]
        ]
      },
      "properties": {
        "mesh_id": 621,
        "source_feature_id": "310961,85091",
        "evaluation_class": "NOT_EVALUATED",
        "ground_truth": null,
        "detected": false,
        "review_status": "NOT_REVIEWED",
        "change_type": null,
        "source_change_type": null,
        "type_basis": null,
        "source_density": 0.0,
        "source_mean": 0.0,
        "density_rank": null,
        "interpreter_a_judgment": null,
        "interpreter_b_judgment": null,
        "interpreter_a_type": null,
        "interpreter_b_type": null,
        "interpreter_a_note": null,
        "interpreter_b_note": null,
        "interpreter_a_needs_check": null,
        "interpreter_b_needs_check": null,
        "experiment_id": "window-a-2019-2025-frozen"
      }
    },
    {
      "type": "Feature",
      "id": 622,
      "geometry": {
        "type": "Polygon",
        "coordinates": [
          [
            [
              139.67095869,
              35.66446534
            ],
            [
              139.67140785,
              35.66446534
            ],
            [
              139.67140785,
              35.66483026
            ],
            [
              139.67095869,
              35.66483026
            ],
            [
              139.67095869,
              35.66446534
            ]
          ]
        ]
      },
      "properties": {
        "mesh_id": 622,
        "source_feature_id": "310962,85091",
        "evaluation_class": "NOT_EVALUATED",
        "ground_truth": null,
        "detected": false,
        "review_status": "NOT_REVIEWED",
        "change_type": null,
        "source_change_type": null,
        "type_basis": null,
        "source_density": 0.0,
        "source_mean": 0.0,
        "density_rank": null,
        "interpreter_a_judgment": null,
        "interpreter_b_judgment": null,
        "interpreter_a_type": null,
        "interpreter_b_type": null,
        "interpreter_a_note": null,
        "interpreter_b_note": null,
        "interpreter_a_needs_check": null,
        "interpreter_b_needs_check": null,
        "experiment_id": "window-a-2019-2025-frozen"
      }
    },
    {
      "type": "Feature",
      "id": 623,
      "geometry": {
        "type": "Polygon",
        "coordinates": [
          [
            [
              139.67140785,
              35.66446534
            ],
            [
              139.67185701,
              35.66446534
            ],
            [
              139.67185701,
              35.66483026
            ],
            [
              139.67140785,
              35.66483026
            ],
            [
              139.67140785,
              35.66446534
            ]
          ]
        ]
      },
      "properties": {
        "mesh_id": 623,
        "source_feature_id": "310963,85091",
        "evaluation_class": "NOT_EVALUATED",
        "ground_truth": null,
        "detected": false,
        "review_status": "NOT_REVIEWED",
        "change_type": null,
        "source_change_type": null,
        "type_basis": null,
        "source_density": 0.0,
        "source_mean": 0.0,
        "density_rank": null,
        "interpreter_a_judgment": null,
        "interpreter_b_judgment": null,
        "interpreter_a_type": null,
        "interpreter_b_type": null,
        "interpreter_a_note": null,
        "interpreter_b_note": null,
        "interpreter_a_needs_check": null,
        "interpreter_b_needs_check": null,
        "experiment_id": "window-a-2019-2025-frozen"
      }
    },
    {
      "type": "Feature",
      "id": 624,
      "geometry": {
        "type": "Polygon",
        "coordinates": [
          [
            [
              139.66017891,
              35.66483026
            ],
            [
              139.66062806,
              35.66483026
            ],
            [
              139.66062806,
              35.66519517
            ],
            [
              139.66017891,
              35.66519517
            ],
            [
              139.66017891,
              35.66483026
            ]
          ]
        ]
      },
      "properties": {
        "mesh_id": 624,
        "source_feature_id": "310938,85092",
        "evaluation_class": "NOT_EVALUATED",
        "ground_truth": null,
        "detected": false,
        "review_status": "NOT_REVIEWED",
        "change_type": null,
        "source_change_type": null,
        "type_basis": null,
        "source_density": 0.0,
        "source_mean": 0.0,
        "density_rank": null,
        "interpreter_a_judgment": null,
        "interpreter_b_judgment": null,
        "interpreter_a_type": null,
        "interpreter_b_type": null,
        "interpreter_a_note": null,
        "interpreter_b_note": null,
        "interpreter_a_needs_check": null,
        "interpreter_b_needs_check": null,
        "experiment_id": "window-a-2019-2025-frozen"
      }
    },
    {
      "type": "Feature",
      "id": 625,
      "geometry": {
        "type": "Polygon",
        "coordinates": [
          [
            [
              139.66062806,
              35.66483026
            ],
            [
              139.66107722,
              35.66483026
            ],
            [
              139.66107722,
              35.66519517
            ],
            [
              139.66062806,
              35.66519517
            ],
            [
              139.66062806,
              35.66483026
            ]
          ]
        ]
      },
      "properties": {
        "mesh_id": 625,
        "source_feature_id": "310939,85092",
        "evaluation_class": "NOT_EVALUATED",
        "ground_truth": null,
        "detected": false,
        "review_status": "NOT_REVIEWED",
        "change_type": null,
        "source_change_type": null,
        "type_basis": null,
        "source_density": 0.0,
        "source_mean": 0.0,
        "density_rank": null,
        "interpreter_a_judgment": null,
        "interpreter_b_judgment": null,
        "interpreter_a_type": null,
        "interpreter_b_type": null,
        "interpreter_a_note": null,
        "interpreter_b_note": null,
        "interpreter_a_needs_check": null,
        "interpreter_b_needs_check": null,
        "experiment_id": "window-a-2019-2025-frozen"
      }
    },
    {
      "type": "Feature",
      "id": 626,
      "geometry": {
        "type": "Polygon",
        "coordinates": [
          [
            [
              139.66107722,
              35.66483026
            ],
            [
              139.66152638,
              35.66483026
            ],
            [
              139.66152638,
              35.66519517
            ],
            [
              139.66107722,
              35.66519517
            ],
            [
              139.66107722,
              35.66483026
            ]
          ]
        ]
      },
      "properties": {
        "mesh_id": 626,
        "source_feature_id": "310940,85092",
        "evaluation_class": "NOT_EVALUATED",
        "ground_truth": null,
        "detected": false,
        "review_status": "NOT_REVIEWED",
        "change_type": null,
        "source_change_type": null,
        "type_basis": null,
        "source_density": 0.0,
        "source_mean": 0.0,
        "density_rank": null,
        "interpreter_a_judgment": null,
        "interpreter_b_judgment": null,
        "interpreter_a_type": null,
        "interpreter_b_type": null,
        "interpreter_a_note": null,
        "interpreter_b_note": null,
        "interpreter_a_needs_check": null,
        "interpreter_b_needs_check": null,
        "experiment_id": "window-a-2019-2025-frozen"
      }
    },
    {
      "type": "Feature",
      "id": 627,
      "geometry": {
        "type": "Polygon",
        "coordinates": [
          [
            [
              139.66152638,
              35.66483026
            ],
            [
              139.66197554,
              35.66483026
            ],
            [
              139.66197554,
              35.66519517
            ],
            [
              139.66152638,
              35.66519517
            ],
            [
              139.66152638,
              35.66483026
            ]
          ]
        ]
      },
      "properties": {
        "mesh_id": 627,
        "source_feature_id": "310941,85092",
        "evaluation_class": "TP",
        "ground_truth": "CHANGE",
        "detected": true,
        "review_status": "AGREED",
        "change_type": "DEMOLITION",
        "source_change_type": "D",
        "type_basis": "文字列完全一致",
        "source_density": 0.19710144927536233,
        "source_mean": 0.19710144927536233,
        "density_rank": 5,
        "interpreter_a_judgment": "○",
        "interpreter_b_judgment": "○",
        "interpreter_a_type": "D",
        "interpreter_b_type": "D",
        "interpreter_a_note": "校舎らしき建物が見える",
        "interpreter_b_note": null,
        "interpreter_a_needs_check": "要確認",
        "interpreter_b_needs_check": null,
        "experiment_id": "window-a-2019-2025-frozen"
      }
    },
    {
      "type": "Feature",
      "id": 628,
      "geometry": {
        "type": "Polygon",
        "coordinates": [
          [
            [
              139.66197554,
              35.66483026
            ],
            [
              139.66242469,
              35.66483026
            ],
            [
              139.66242469,
              35.66519517
            ],
            [
              139.66197554,
              35.66519517
            ],
            [
              139.66197554,
              35.66483026
            ]
          ]
        ]
      },
      "properties": {
        "mesh_id": 628,
        "source_feature_id": "310942,85092",
        "evaluation_class": "NOT_EVALUATED",
        "ground_truth": null,
        "detected": false,
        "review_status": "NOT_REVIEWED",
        "change_type": null,
        "source_change_type": null,
        "type_basis": null,
        "source_density": 0.0,
        "source_mean": 0.0,
        "density_rank": null,
        "interpreter_a_judgment": null,
        "interpreter_b_judgment": null,
        "interpreter_a_type": null,
        "interpreter_b_type": null,
        "interpreter_a_note": null,
        "interpreter_b_note": null,
        "interpreter_a_needs_check": null,
        "interpreter_b_needs_check": null,
        "experiment_id": "window-a-2019-2025-frozen"
      }
    },
    {
      "type": "Feature",
      "id": 629,
      "geometry": {
        "type": "Polygon",
        "coordinates": [
          [
            [
              139.66242469,
              35.66483026
            ],
            [
              139.66287385,
              35.66483026
            ],
            [
              139.66287385,
              35.66519517
            ],
            [
              139.66242469,
              35.66519517
            ],
            [
              139.66242469,
              35.66483026
            ]
          ]
        ]
      },
      "properties": {
        "mesh_id": 629,
        "source_feature_id": "310943,85092",
        "evaluation_class": "NOT_EVALUATED",
        "ground_truth": null,
        "detected": false,
        "review_status": "NOT_REVIEWED",
        "change_type": null,
        "source_change_type": null,
        "type_basis": null,
        "source_density": 0.0,
        "source_mean": 0.0,
        "density_rank": null,
        "interpreter_a_judgment": null,
        "interpreter_b_judgment": null,
        "interpreter_a_type": null,
        "interpreter_b_type": null,
        "interpreter_a_note": null,
        "interpreter_b_note": null,
        "interpreter_a_needs_check": null,
        "interpreter_b_needs_check": null,
        "experiment_id": "window-a-2019-2025-frozen"
      }
    },
    {
      "type": "Feature",
      "id": 630,
      "geometry": {
        "type": "Polygon",
        "coordinates": [
          [
            [
              139.66287385,
              35.66483026
            ],
            [
              139.66332301,
              35.66483026
            ],
            [
              139.66332301,
              35.66519517
            ],
            [
              139.66287385,
              35.66519517
            ],
            [
              139.66287385,
              35.66483026
            ]
          ]
        ]
      },
      "properties": {
        "mesh_id": 630,
        "source_feature_id": "310944,85092",
        "evaluation_class": "NOT_EVALUATED",
        "ground_truth": null,
        "detected": false,
        "review_status": "DISAGREED",
        "change_type": null,
        "source_change_type": null,
        "type_basis": null,
        "source_density": 0.0,
        "source_mean": 0.0,
        "density_rank": null,
        "interpreter_a_judgment": "△",
        "interpreter_b_judgment": "×",
        "interpreter_a_type": "N",
        "interpreter_b_type": null,
        "interpreter_a_note": "建物なのか、公園か不明（原記入は「○（△）」）",
        "interpreter_b_note": null,
        "interpreter_a_needs_check": "要確認",
        "interpreter_b_needs_check": null,
        "experiment_id": "window-a-2019-2025-frozen"
      }
    },
    {
      "type": "Feature",
      "id": 631,
      "geometry": {
        "type": "Polygon",
        "coordinates": [
          [
            [
              139.66332301,
              35.66483026
            ],
            [
              139.66377217,
              35.66483026
            ],
            [
              139.66377217,
              35.66519517
            ],
            [
              139.66332301,
              35.66519517
            ],
            [
              139.66332301,
              35.66483026
            ]
          ]
        ]
      },
      "properties": {
        "mesh_id": 631,
        "source_feature_id": "310945,85092",
        "evaluation_class": "NOT_EVALUATED",
        "ground_truth": null,
        "detected": false,
        "review_status": "NOT_REVIEWED",
        "change_type": null,
        "source_change_type": null,
        "type_basis": null,
        "source_density": 0.0,
        "source_mean": 0.0,
        "density_rank": null,
        "interpreter_a_judgment": null,
        "interpreter_b_judgment": null,
        "interpreter_a_type": null,
        "interpreter_b_type": null,
        "interpreter_a_note": null,
        "interpreter_b_note": null,
        "interpreter_a_needs_check": null,
        "interpreter_b_needs_check": null,
        "experiment_id": "window-a-2019-2025-frozen"
      }
    },
    {
      "type": "Feature",
      "id": 632,
      "geometry": {
        "type": "Polygon",
        "coordinates": [
          [
            [
              139.66377217,
              35.66483026
            ],
            [
              139.66422133,
              35.66483026
            ],
            [
              139.66422133,
              35.66519517
            ],
            [
              139.66377217,
              35.66519517
            ],
            [
              139.66377217,
              35.66483026
            ]
          ]
        ]
      },
      "properties": {
        "mesh_id": 632,
        "source_feature_id": "310946,85092",
        "evaluation_class": "NOT_EVALUATED",
        "ground_truth": null,
        "detected": false,
        "review_status": "NOT_REVIEWED",
        "change_type": null,
        "source_change_type": null,
        "type_basis": null,
        "source_density": 0.0,
        "source_mean": 0.0,
        "density_rank": null,
        "interpreter_a_judgment": null,
        "interpreter_b_judgment": null,
        "interpreter_a_type": null,
        "interpreter_b_type": null,
        "interpreter_a_note": null,
        "interpreter_b_note": null,
        "interpreter_a_needs_check": null,
        "interpreter_b_needs_check": null,
        "experiment_id": "window-a-2019-2025-frozen"
      }
    },
    {
      "type": "Feature",
      "id": 633,
      "geometry": {
        "type": "Polygon",
        "coordinates": [
          [
            [
              139.66422133,
              35.66483026
            ],
            [
              139.66467048,
              35.66483026
            ],
            [
              139.66467048,
              35.66519517
            ],
            [
              139.66422133,
              35.66519517
            ],
            [
              139.66422133,
              35.66483026
            ]
          ]
        ]
      },
      "properties": {
        "mesh_id": 633,
        "source_feature_id": "310947,85092",
        "evaluation_class": "NOT_EVALUATED",
        "ground_truth": null,
        "detected": false,
        "review_status": "NOT_REVIEWED",
        "change_type": null,
        "source_change_type": null,
        "type_basis": null,
        "source_density": 0.0,
        "source_mean": 0.0,
        "density_rank": null,
        "interpreter_a_judgment": null,
        "interpreter_b_judgment": null,
        "interpreter_a_type": null,
        "interpreter_b_type": null,
        "interpreter_a_note": null,
        "interpreter_b_note": null,
        "interpreter_a_needs_check": null,
        "interpreter_b_needs_check": null,
        "experiment_id": "window-a-2019-2025-frozen"
      }
    },
    {
      "type": "Feature",
      "id": 634,
      "geometry": {
        "type": "Polygon",
        "coordinates": [
          [
            [
              139.66467048,
              35.66483026
            ],
            [
              139.66511964,
              35.66483026
            ],
            [
              139.66511964,
              35.66519517
            ],
            [
              139.66467048,
              35.66519517
            ],
            [
              139.66467048,
              35.66483026
            ]
          ]
        ]
      },
      "properties": {
        "mesh_id": 634,
        "source_feature_id": "310948,85092",
        "evaluation_class": "NOT_EVALUATED",
        "ground_truth": null,
        "detected": false,
        "review_status": "NOT_REVIEWED",
        "change_type": null,
        "source_change_type": null,
        "type_basis": null,
        "source_density": 0.0,
        "source_mean": 0.0,
        "density_rank": null,
        "interpreter_a_judgment": null,
        "interpreter_b_judgment": null,
        "interpreter_a_type": null,
        "interpreter_b_type": null,
        "interpreter_a_note": null,
        "interpreter_b_note": null,
        "interpreter_a_needs_check": null,
        "interpreter_b_needs_check": null,
        "experiment_id": "window-a-2019-2025-frozen"
      }
    },
    {
      "type": "Feature",
      "id": 635,
      "geometry": {
        "type": "Polygon",
        "coordinates": [
          [
            [
              139.66511964,
              35.66483026
            ],
            [
              139.6655688,
              35.66483026
            ],
            [
              139.6655688,
              35.66519517
            ],
            [
              139.66511964,
              35.66519517
            ],
            [
              139.66511964,
              35.66483026
            ]
          ]
        ]
      },
      "properties": {
        "mesh_id": 635,
        "source_feature_id": "310949,85092",
        "evaluation_class": "NOT_EVALUATED",
        "ground_truth": null,
        "detected": false,
        "review_status": "NOT_REVIEWED",
        "change_type": null,
        "source_change_type": null,
        "type_basis": null,
        "source_density": 0.0,
        "source_mean": 0.0,
        "density_rank": null,
        "interpreter_a_judgment": null,
        "interpreter_b_judgment": null,
        "interpreter_a_type": null,
        "interpreter_b_type": null,
        "interpreter_a_note": null,
        "interpreter_b_note": null,
        "interpreter_a_needs_check": null,
        "interpreter_b_needs_check": null,
        "experiment_id": "window-a-2019-2025-frozen"
      }
    },
    {
      "type": "Feature",
      "id": 636,
      "geometry": {
        "type": "Polygon",
        "coordinates": [
          [
            [
              139.6655688,
              35.66483026
            ],
            [
              139.66601796,
              35.66483026
            ],
            [
              139.66601796,
              35.66519517
            ],
            [
              139.6655688,
              35.66519517
            ],
            [
              139.6655688,
              35.66483026
            ]
          ]
        ]
      },
      "properties": {
        "mesh_id": 636,
        "source_feature_id": "310950,85092",
        "evaluation_class": "NOT_EVALUATED",
        "ground_truth": null,
        "detected": false,
        "review_status": "NOT_REVIEWED",
        "change_type": null,
        "source_change_type": null,
        "type_basis": null,
        "source_density": 0.0,
        "source_mean": 0.0,
        "density_rank": null,
        "interpreter_a_judgment": null,
        "interpreter_b_judgment": null,
        "interpreter_a_type": null,
        "interpreter_b_type": null,
        "interpreter_a_note": null,
        "interpreter_b_note": null,
        "interpreter_a_needs_check": null,
        "interpreter_b_needs_check": null,
        "experiment_id": "window-a-2019-2025-frozen"
      }
    },
    {
      "type": "Feature",
      "id": 637,
      "geometry": {
        "type": "Polygon",
        "coordinates": [
          [
            [
              139.66601796,
              35.66483026
            ],
            [
              139.66646711,
              35.66483026
            ],
            [
              139.66646711,
              35.66519517
            ],
            [
              139.66601796,
              35.66519517
            ],
            [
              139.66601796,
              35.66483026
            ]
          ]
        ]
      },
      "properties": {
        "mesh_id": 637,
        "source_feature_id": "310951,85092",
        "evaluation_class": "NOT_EVALUATED",
        "ground_truth": null,
        "detected": false,
        "review_status": "NOT_REVIEWED",
        "change_type": null,
        "source_change_type": null,
        "type_basis": null,
        "source_density": 0.0,
        "source_mean": 0.0,
        "density_rank": null,
        "interpreter_a_judgment": null,
        "interpreter_b_judgment": null,
        "interpreter_a_type": null,
        "interpreter_b_type": null,
        "interpreter_a_note": null,
        "interpreter_b_note": null,
        "interpreter_a_needs_check": null,
        "interpreter_b_needs_check": null,
        "experiment_id": "window-a-2019-2025-frozen"
      }
    },
    {
      "type": "Feature",
      "id": 638,
      "geometry": {
        "type": "Polygon",
        "coordinates": [
          [
            [
              139.66646711,
              35.66483026
            ],
            [
              139.66691627,
              35.66483026
            ],
            [
              139.66691627,
              35.66519517
            ],
            [
              139.66646711,
              35.66519517
            ],
            [
              139.66646711,
              35.66483026
            ]
          ]
        ]
      },
      "properties": {
        "mesh_id": 638,
        "source_feature_id": "310952,85092",
        "evaluation_class": "NOT_EVALUATED",
        "ground_truth": null,
        "detected": false,
        "review_status": "NOT_REVIEWED",
        "change_type": null,
        "source_change_type": null,
        "type_basis": null,
        "source_density": 0.0,
        "source_mean": 0.0,
        "density_rank": null,
        "interpreter_a_judgment": null,
        "interpreter_b_judgment": null,
        "interpreter_a_type": null,
        "interpreter_b_type": null,
        "interpreter_a_note": null,
        "interpreter_b_note": null,
        "interpreter_a_needs_check": null,
        "interpreter_b_needs_check": null,
        "experiment_id": "window-a-2019-2025-frozen"
      }
    },
    {
      "type": "Feature",
      "id": 639,
      "geometry": {
        "type": "Polygon",
        "coordinates": [
          [
            [
              139.66691627,
              35.66483026
            ],
            [
              139.66736543,
              35.66483026
            ],
            [
              139.66736543,
              35.66519517
            ],
            [
              139.66691627,
              35.66519517
            ],
            [
              139.66691627,
              35.66483026
            ]
          ]
        ]
      },
      "properties": {
        "mesh_id": 639,
        "source_feature_id": "310953,85092",
        "evaluation_class": "NOT_EVALUATED",
        "ground_truth": null,
        "detected": false,
        "review_status": "NOT_REVIEWED",
        "change_type": null,
        "source_change_type": null,
        "type_basis": null,
        "source_density": 0.0,
        "source_mean": 0.0,
        "density_rank": null,
        "interpreter_a_judgment": null,
        "interpreter_b_judgment": null,
        "interpreter_a_type": null,
        "interpreter_b_type": null,
        "interpreter_a_note": null,
        "interpreter_b_note": null,
        "interpreter_a_needs_check": null,
        "interpreter_b_needs_check": null,
        "experiment_id": "window-a-2019-2025-frozen"
      }
    },
    {
      "type": "Feature",
      "id": 640,
      "geometry": {
        "type": "Polygon",
        "coordinates": [
          [
            [
              139.66736543,
              35.66483026
            ],
            [
              139.66781459,
              35.66483026
            ],
            [
              139.66781459,
              35.66519517
            ],
            [
              139.66736543,
              35.66519517
            ],
            [
              139.66736543,
              35.66483026
            ]
          ]
        ]
      },
      "properties": {
        "mesh_id": 640,
        "source_feature_id": "310954,85092",
        "evaluation_class": "NOT_EVALUATED",
        "ground_truth": null,
        "detected": false,
        "review_status": "NOT_REVIEWED",
        "change_type": null,
        "source_change_type": null,
        "type_basis": null,
        "source_density": 0.0,
        "source_mean": 0.0,
        "density_rank": null,
        "interpreter_a_judgment": null,
        "interpreter_b_judgment": null,
        "interpreter_a_type": null,
        "interpreter_b_type": null,
        "interpreter_a_note": null,
        "interpreter_b_note": null,
        "interpreter_a_needs_check": null,
        "interpreter_b_needs_check": null,
        "experiment_id": "window-a-2019-2025-frozen"
      }
    },
    {
      "type": "Feature",
      "id": 641,
      "geometry": {
        "type": "Polygon",
        "coordinates": [
          [
            [
              139.66781459,
              35.66483026
            ],
            [
              139.66826374,
              35.66483026
            ],
            [
              139.66826374,
              35.66519517
            ],
            [
              139.66781459,
              35.66519517
            ],
            [
              139.66781459,
              35.66483026
            ]
          ]
        ]
      },
      "properties": {
        "mesh_id": 641,
        "source_feature_id": "310955,85092",
        "evaluation_class": "NOT_EVALUATED",
        "ground_truth": null,
        "detected": false,
        "review_status": "NOT_REVIEWED",
        "change_type": null,
        "source_change_type": null,
        "type_basis": null,
        "source_density": 0.0,
        "source_mean": 0.0,
        "density_rank": null,
        "interpreter_a_judgment": null,
        "interpreter_b_judgment": null,
        "interpreter_a_type": null,
        "interpreter_b_type": null,
        "interpreter_a_note": null,
        "interpreter_b_note": null,
        "interpreter_a_needs_check": null,
        "interpreter_b_needs_check": null,
        "experiment_id": "window-a-2019-2025-frozen"
      }
    },
    {
      "type": "Feature",
      "id": 642,
      "geometry": {
        "type": "Polygon",
        "coordinates": [
          [
            [
              139.66826374,
              35.66483026
            ],
            [
              139.6687129,
              35.66483026
            ],
            [
              139.6687129,
              35.66519517
            ],
            [
              139.66826374,
              35.66519517
            ],
            [
              139.66826374,
              35.66483026
            ]
          ]
        ]
      },
      "properties": {
        "mesh_id": 642,
        "source_feature_id": "310956,85092",
        "evaluation_class": "NOT_EVALUATED",
        "ground_truth": null,
        "detected": false,
        "review_status": "NOT_REVIEWED",
        "change_type": null,
        "source_change_type": null,
        "type_basis": null,
        "source_density": 0.0,
        "source_mean": 0.0,
        "density_rank": null,
        "interpreter_a_judgment": null,
        "interpreter_b_judgment": null,
        "interpreter_a_type": null,
        "interpreter_b_type": null,
        "interpreter_a_note": null,
        "interpreter_b_note": null,
        "interpreter_a_needs_check": null,
        "interpreter_b_needs_check": null,
        "experiment_id": "window-a-2019-2025-frozen"
      }
    },
    {
      "type": "Feature",
      "id": 643,
      "geometry": {
        "type": "Polygon",
        "coordinates": [
          [
            [
              139.6687129,
              35.66483026
            ],
            [
              139.66916206,
              35.66483026
            ],
            [
              139.66916206,
              35.66519517
            ],
            [
              139.6687129,
              35.66519517
            ],
            [
              139.6687129,
              35.66483026
            ]
          ]
        ]
      },
      "properties": {
        "mesh_id": 643,
        "source_feature_id": "310957,85092",
        "evaluation_class": "NOT_EVALUATED",
        "ground_truth": null,
        "detected": false,
        "review_status": "NOT_REVIEWED",
        "change_type": null,
        "source_change_type": null,
        "type_basis": null,
        "source_density": 0.0,
        "source_mean": 0.0,
        "density_rank": null,
        "interpreter_a_judgment": null,
        "interpreter_b_judgment": null,
        "interpreter_a_type": null,
        "interpreter_b_type": null,
        "interpreter_a_note": null,
        "interpreter_b_note": null,
        "interpreter_a_needs_check": null,
        "interpreter_b_needs_check": null,
        "experiment_id": "window-a-2019-2025-frozen"
      }
    },
    {
      "type": "Feature",
      "id": 644,
      "geometry": {
        "type": "Polygon",
        "coordinates": [
          [
            [
              139.66916206,
              35.66483026
            ],
            [
              139.66961122,
              35.66483026
            ],
            [
              139.66961122,
              35.66519517
            ],
            [
              139.66916206,
              35.66519517
            ],
            [
              139.66916206,
              35.66483026
            ]
          ]
        ]
      },
      "properties": {
        "mesh_id": 644,
        "source_feature_id": "310958,85092",
        "evaluation_class": "NOT_EVALUATED",
        "ground_truth": null,
        "detected": false,
        "review_status": "NOT_REVIEWED",
        "change_type": null,
        "source_change_type": null,
        "type_basis": null,
        "source_density": 0.0,
        "source_mean": 0.0,
        "density_rank": null,
        "interpreter_a_judgment": null,
        "interpreter_b_judgment": null,
        "interpreter_a_type": null,
        "interpreter_b_type": null,
        "interpreter_a_note": null,
        "interpreter_b_note": null,
        "interpreter_a_needs_check": null,
        "interpreter_b_needs_check": null,
        "experiment_id": "window-a-2019-2025-frozen"
      }
    },
    {
      "type": "Feature",
      "id": 645,
      "geometry": {
        "type": "Polygon",
        "coordinates": [
          [
            [
              139.66961122,
              35.66483026
            ],
            [
              139.67006037,
              35.66483026
            ],
            [
              139.67006037,
              35.66519517
            ],
            [
              139.66961122,
              35.66519517
            ],
            [
              139.66961122,
              35.66483026
            ]
          ]
        ]
      },
      "properties": {
        "mesh_id": 645,
        "source_feature_id": "310959,85092",
        "evaluation_class": "NOT_EVALUATED",
        "ground_truth": null,
        "detected": false,
        "review_status": "NOT_REVIEWED",
        "change_type": null,
        "source_change_type": null,
        "type_basis": null,
        "source_density": 0.0,
        "source_mean": 0.0,
        "density_rank": null,
        "interpreter_a_judgment": null,
        "interpreter_b_judgment": null,
        "interpreter_a_type": null,
        "interpreter_b_type": null,
        "interpreter_a_note": null,
        "interpreter_b_note": null,
        "interpreter_a_needs_check": null,
        "interpreter_b_needs_check": null,
        "experiment_id": "window-a-2019-2025-frozen"
      }
    },
    {
      "type": "Feature",
      "id": 646,
      "geometry": {
        "type": "Polygon",
        "coordinates": [
          [
            [
              139.67006037,
              35.66483026
            ],
            [
              139.67050953,
              35.66483026
            ],
            [
              139.67050953,
              35.66519517
            ],
            [
              139.67006037,
              35.66519517
            ],
            [
              139.67006037,
              35.66483026
            ]
          ]
        ]
      },
      "properties": {
        "mesh_id": 646,
        "source_feature_id": "310960,85092",
        "evaluation_class": "NOT_EVALUATED",
        "ground_truth": null,
        "detected": true,
        "review_status": "DISAGREED",
        "change_type": null,
        "source_change_type": null,
        "type_basis": null,
        "source_density": 0.1897584541062802,
        "source_mean": 0.1897584541062802,
        "density_rank": 7,
        "interpreter_a_judgment": "×",
        "interpreter_b_judgment": "△",
        "interpreter_a_type": null,
        "interpreter_b_type": null,
        "interpreter_a_note": null,
        "interpreter_b_note": "画像、屋根",
        "interpreter_a_needs_check": null,
        "interpreter_b_needs_check": "要確認",
        "experiment_id": "window-a-2019-2025-frozen"
      }
    },
    {
      "type": "Feature",
      "id": 647,
      "geometry": {
        "type": "Polygon",
        "coordinates": [
          [
            [
              139.67050953,
              35.66483026
            ],
            [
              139.67095869,
              35.66483026
            ],
            [
              139.67095869,
              35.66519517
            ],
            [
              139.67050953,
              35.66519517
            ],
            [
              139.67050953,
              35.66483026
            ]
          ]
        ]
      },
      "properties": {
        "mesh_id": 647,
        "source_feature_id": "310961,85092",
        "evaluation_class": "NOT_EVALUATED",
        "ground_truth": null,
        "detected": true,
        "review_status": "DISAGREED",
        "change_type": null,
        "source_change_type": null,
        "type_basis": null,
        "source_density": 0.11169082125603864,
        "source_mean": 0.11169082125603864,
        "density_rank": 11,
        "interpreter_a_judgment": "×",
        "interpreter_b_judgment": "○",
        "interpreter_a_type": null,
        "interpreter_b_type": "R",
        "interpreter_a_note": null,
        "interpreter_b_note": null,
        "interpreter_a_needs_check": null,
        "interpreter_b_needs_check": null,
        "experiment_id": "window-a-2019-2025-frozen"
      }
    },
    {
      "type": "Feature",
      "id": 648,
      "geometry": {
        "type": "Polygon",
        "coordinates": [
          [
            [
              139.67095869,
              35.66483026
            ],
            [
              139.67140785,
              35.66483026
            ],
            [
              139.67140785,
              35.66519517
            ],
            [
              139.67095869,
              35.66519517
            ],
            [
              139.67095869,
              35.66483026
            ]
          ]
        ]
      },
      "properties": {
        "mesh_id": 648,
        "source_feature_id": "310962,85092",
        "evaluation_class": "NOT_EVALUATED",
        "ground_truth": null,
        "detected": false,
        "review_status": "NOT_REVIEWED",
        "change_type": null,
        "source_change_type": null,
        "type_basis": null,
        "source_density": 0.0,
        "source_mean": 0.0,
        "density_rank": null,
        "interpreter_a_judgment": null,
        "interpreter_b_judgment": null,
        "interpreter_a_type": null,
        "interpreter_b_type": null,
        "interpreter_a_note": null,
        "interpreter_b_note": null,
        "interpreter_a_needs_check": null,
        "interpreter_b_needs_check": null,
        "experiment_id": "window-a-2019-2025-frozen"
      }
    },
    {
      "type": "Feature",
      "id": 649,
      "geometry": {
        "type": "Polygon",
        "coordinates": [
          [
            [
              139.67140785,
              35.66483026
            ],
            [
              139.67185701,
              35.66483026
            ],
            [
              139.67185701,
              35.66519517
            ],
            [
              139.67140785,
              35.66519517
            ],
            [
              139.67140785,
              35.66483026
            ]
          ]
        ]
      },
      "properties": {
        "mesh_id": 649,
        "source_feature_id": "310963,85092",
        "evaluation_class": "NOT_EVALUATED",
        "ground_truth": null,
        "detected": false,
        "review_status": "DISAGREED",
        "change_type": null,
        "source_change_type": null,
        "type_basis": null,
        "source_density": 0.0,
        "source_mean": 0.0,
        "density_rank": null,
        "interpreter_a_judgment": "△",
        "interpreter_b_judgment": "△",
        "interpreter_a_type": "R",
        "interpreter_b_type": null,
        "interpreter_a_note": "（×を訂正して△）屋根が明るい色に変わるが、サイズ同じ",
        "interpreter_b_note": "屋根",
        "interpreter_a_needs_check": null,
        "interpreter_b_needs_check": null,
        "experiment_id": "window-a-2019-2025-frozen"
      }
    },
    {
      "type": "Feature",
      "id": 650,
      "geometry": {
        "type": "Polygon",
        "coordinates": [
          [
            [
              139.66017891,
              35.66519517
            ],
            [
              139.66062806,
              35.66519517
            ],
            [
              139.66062806,
              35.66556009
            ],
            [
              139.66017891,
              35.66556009
            ],
            [
              139.66017891,
              35.66519517
            ]
          ]
        ]
      },
      "properties": {
        "mesh_id": 650,
        "source_feature_id": "310938,85093",
        "evaluation_class": "NOT_EVALUATED",
        "ground_truth": null,
        "detected": false,
        "review_status": "NOT_REVIEWED",
        "change_type": null,
        "source_change_type": null,
        "type_basis": null,
        "source_density": 0.0,
        "source_mean": 0.0,
        "density_rank": null,
        "interpreter_a_judgment": null,
        "interpreter_b_judgment": null,
        "interpreter_a_type": null,
        "interpreter_b_type": null,
        "interpreter_a_note": null,
        "interpreter_b_note": null,
        "interpreter_a_needs_check": null,
        "interpreter_b_needs_check": null,
        "experiment_id": "window-a-2019-2025-frozen"
      }
    },
    {
      "type": "Feature",
      "id": 651,
      "geometry": {
        "type": "Polygon",
        "coordinates": [
          [
            [
              139.66062806,
              35.66519517
            ],
            [
              139.66107722,
              35.66519517
            ],
            [
              139.66107722,
              35.66556009
            ],
            [
              139.66062806,
              35.66556009
            ],
            [
              139.66062806,
              35.66519517
            ]
          ]
        ]
      },
      "properties": {
        "mesh_id": 651,
        "source_feature_id": "310939,85093",
        "evaluation_class": "NOT_EVALUATED",
        "ground_truth": null,
        "detected": false,
        "review_status": "NOT_REVIEWED",
        "change_type": null,
        "source_change_type": null,
        "type_basis": null,
        "source_density": 0.0,
        "source_mean": 0.0,
        "density_rank": null,
        "interpreter_a_judgment": null,
        "interpreter_b_judgment": null,
        "interpreter_a_type": null,
        "interpreter_b_type": null,
        "interpreter_a_note": null,
        "interpreter_b_note": null,
        "interpreter_a_needs_check": null,
        "interpreter_b_needs_check": null,
        "experiment_id": "window-a-2019-2025-frozen"
      }
    },
    {
      "type": "Feature",
      "id": 652,
      "geometry": {
        "type": "Polygon",
        "coordinates": [
          [
            [
              139.66107722,
              35.66519517
            ],
            [
              139.66152638,
              35.66519517
            ],
            [
              139.66152638,
              35.66556009
            ],
            [
              139.66107722,
              35.66556009
            ],
            [
              139.66107722,
              35.66519517
            ]
          ]
        ]
      },
      "properties": {
        "mesh_id": 652,
        "source_feature_id": "310940,85093",
        "evaluation_class": "NOT_EVALUATED",
        "ground_truth": null,
        "detected": false,
        "review_status": "NOT_REVIEWED",
        "change_type": null,
        "source_change_type": null,
        "type_basis": null,
        "source_density": 0.0,
        "source_mean": 0.0,
        "density_rank": null,
        "interpreter_a_judgment": null,
        "interpreter_b_judgment": null,
        "interpreter_a_type": null,
        "interpreter_b_type": null,
        "interpreter_a_note": null,
        "interpreter_b_note": null,
        "interpreter_a_needs_check": null,
        "interpreter_b_needs_check": null,
        "experiment_id": "window-a-2019-2025-frozen"
      }
    },
    {
      "type": "Feature",
      "id": 653,
      "geometry": {
        "type": "Polygon",
        "coordinates": [
          [
            [
              139.66152638,
              35.66519517
            ],
            [
              139.66197554,
              35.66519517
            ],
            [
              139.66197554,
              35.66556009
            ],
            [
              139.66152638,
              35.66556009
            ],
            [
              139.66152638,
              35.66519517
            ]
          ]
        ]
      },
      "properties": {
        "mesh_id": 653,
        "source_feature_id": "310941,85093",
        "evaluation_class": "NOT_EVALUATED",
        "ground_truth": null,
        "detected": false,
        "review_status": "NOT_REVIEWED",
        "change_type": null,
        "source_change_type": null,
        "type_basis": null,
        "source_density": 0.0,
        "source_mean": 0.0,
        "density_rank": null,
        "interpreter_a_judgment": null,
        "interpreter_b_judgment": null,
        "interpreter_a_type": null,
        "interpreter_b_type": null,
        "interpreter_a_note": null,
        "interpreter_b_note": null,
        "interpreter_a_needs_check": null,
        "interpreter_b_needs_check": null,
        "experiment_id": "window-a-2019-2025-frozen"
      }
    },
    {
      "type": "Feature",
      "id": 654,
      "geometry": {
        "type": "Polygon",
        "coordinates": [
          [
            [
              139.66197554,
              35.66519517
            ],
            [
              139.66242469,
              35.66519517
            ],
            [
              139.66242469,
              35.66556009
            ],
            [
              139.66197554,
              35.66556009
            ],
            [
              139.66197554,
              35.66519517
            ]
          ]
        ]
      },
      "properties": {
        "mesh_id": 654,
        "source_feature_id": "310942,85093",
        "evaluation_class": "NOT_EVALUATED",
        "ground_truth": null,
        "detected": false,
        "review_status": "NOT_REVIEWED",
        "change_type": null,
        "source_change_type": null,
        "type_basis": null,
        "source_density": 0.0,
        "source_mean": 0.0,
        "density_rank": null,
        "interpreter_a_judgment": null,
        "interpreter_b_judgment": null,
        "interpreter_a_type": null,
        "interpreter_b_type": null,
        "interpreter_a_note": null,
        "interpreter_b_note": null,
        "interpreter_a_needs_check": null,
        "interpreter_b_needs_check": null,
        "experiment_id": "window-a-2019-2025-frozen"
      }
    },
    {
      "type": "Feature",
      "id": 655,
      "geometry": {
        "type": "Polygon",
        "coordinates": [
          [
            [
              139.66242469,
              35.66519517
            ],
            [
              139.66287385,
              35.66519517
            ],
            [
              139.66287385,
              35.66556009
            ],
            [
              139.66242469,
              35.66556009
            ],
            [
              139.66242469,
              35.66519517
            ]
          ]
        ]
      },
      "properties": {
        "mesh_id": 655,
        "source_feature_id": "310943,85093",
        "evaluation_class": "NOT_EVALUATED",
        "ground_truth": null,
        "detected": false,
        "review_status": "NOT_REVIEWED",
        "change_type": null,
        "source_change_type": null,
        "type_basis": null,
        "source_density": 0.0,
        "source_mean": 0.0,
        "density_rank": null,
        "interpreter_a_judgment": null,
        "interpreter_b_judgment": null,
        "interpreter_a_type": null,
        "interpreter_b_type": null,
        "interpreter_a_note": null,
        "interpreter_b_note": null,
        "interpreter_a_needs_check": null,
        "interpreter_b_needs_check": null,
        "experiment_id": "window-a-2019-2025-frozen"
      }
    },
    {
      "type": "Feature",
      "id": 656,
      "geometry": {
        "type": "Polygon",
        "coordinates": [
          [
            [
              139.66287385,
              35.66519517
            ],
            [
              139.66332301,
              35.66519517
            ],
            [
              139.66332301,
              35.66556009
            ],
            [
              139.66287385,
              35.66556009
            ],
            [
              139.66287385,
              35.66519517
            ]
          ]
        ]
      },
      "properties": {
        "mesh_id": 656,
        "source_feature_id": "310944,85093",
        "evaluation_class": "NOT_EVALUATED",
        "ground_truth": null,
        "detected": false,
        "review_status": "NOT_REVIEWED",
        "change_type": null,
        "source_change_type": null,
        "type_basis": null,
        "source_density": 0.0,
        "source_mean": 0.0,
        "density_rank": null,
        "interpreter_a_judgment": null,
        "interpreter_b_judgment": null,
        "interpreter_a_type": null,
        "interpreter_b_type": null,
        "interpreter_a_note": null,
        "interpreter_b_note": null,
        "interpreter_a_needs_check": null,
        "interpreter_b_needs_check": null,
        "experiment_id": "window-a-2019-2025-frozen"
      }
    },
    {
      "type": "Feature",
      "id": 657,
      "geometry": {
        "type": "Polygon",
        "coordinates": [
          [
            [
              139.66332301,
              35.66519517
            ],
            [
              139.66377217,
              35.66519517
            ],
            [
              139.66377217,
              35.66556009
            ],
            [
              139.66332301,
              35.66556009
            ],
            [
              139.66332301,
              35.66519517
            ]
          ]
        ]
      },
      "properties": {
        "mesh_id": 657,
        "source_feature_id": "310945,85093",
        "evaluation_class": "NOT_EVALUATED",
        "ground_truth": null,
        "detected": false,
        "review_status": "NOT_REVIEWED",
        "change_type": null,
        "source_change_type": null,
        "type_basis": null,
        "source_density": 0.0,
        "source_mean": 0.0,
        "density_rank": null,
        "interpreter_a_judgment": null,
        "interpreter_b_judgment": null,
        "interpreter_a_type": null,
        "interpreter_b_type": null,
        "interpreter_a_note": null,
        "interpreter_b_note": null,
        "interpreter_a_needs_check": null,
        "interpreter_b_needs_check": null,
        "experiment_id": "window-a-2019-2025-frozen"
      }
    },
    {
      "type": "Feature",
      "id": 658,
      "geometry": {
        "type": "Polygon",
        "coordinates": [
          [
            [
              139.66377217,
              35.66519517
            ],
            [
              139.66422133,
              35.66519517
            ],
            [
              139.66422133,
              35.66556009
            ],
            [
              139.66377217,
              35.66556009
            ],
            [
              139.66377217,
              35.66519517
            ]
          ]
        ]
      },
      "properties": {
        "mesh_id": 658,
        "source_feature_id": "310946,85093",
        "evaluation_class": "NOT_EVALUATED",
        "ground_truth": null,
        "detected": false,
        "review_status": "NOT_REVIEWED",
        "change_type": null,
        "source_change_type": null,
        "type_basis": null,
        "source_density": 0.0,
        "source_mean": 0.0,
        "density_rank": null,
        "interpreter_a_judgment": null,
        "interpreter_b_judgment": null,
        "interpreter_a_type": null,
        "interpreter_b_type": null,
        "interpreter_a_note": null,
        "interpreter_b_note": null,
        "interpreter_a_needs_check": null,
        "interpreter_b_needs_check": null,
        "experiment_id": "window-a-2019-2025-frozen"
      }
    },
    {
      "type": "Feature",
      "id": 659,
      "geometry": {
        "type": "Polygon",
        "coordinates": [
          [
            [
              139.66422133,
              35.66519517
            ],
            [
              139.66467048,
              35.66519517
            ],
            [
              139.66467048,
              35.66556009
            ],
            [
              139.66422133,
              35.66556009
            ],
            [
              139.66422133,
              35.66519517
            ]
          ]
        ]
      },
      "properties": {
        "mesh_id": 659,
        "source_feature_id": "310947,85093",
        "evaluation_class": "NOT_EVALUATED",
        "ground_truth": null,
        "detected": false,
        "review_status": "NOT_REVIEWED",
        "change_type": null,
        "source_change_type": null,
        "type_basis": null,
        "source_density": 0.0,
        "source_mean": 0.0,
        "density_rank": null,
        "interpreter_a_judgment": null,
        "interpreter_b_judgment": null,
        "interpreter_a_type": null,
        "interpreter_b_type": null,
        "interpreter_a_note": null,
        "interpreter_b_note": null,
        "interpreter_a_needs_check": null,
        "interpreter_b_needs_check": null,
        "experiment_id": "window-a-2019-2025-frozen"
      }
    },
    {
      "type": "Feature",
      "id": 660,
      "geometry": {
        "type": "Polygon",
        "coordinates": [
          [
            [
              139.66467048,
              35.66519517
            ],
            [
              139.66511964,
              35.66519517
            ],
            [
              139.66511964,
              35.66556009
            ],
            [
              139.66467048,
              35.66556009
            ],
            [
              139.66467048,
              35.66519517
            ]
          ]
        ]
      },
      "properties": {
        "mesh_id": 660,
        "source_feature_id": "310948,85093",
        "evaluation_class": "NOT_EVALUATED",
        "ground_truth": null,
        "detected": false,
        "review_status": "NOT_REVIEWED",
        "change_type": null,
        "source_change_type": null,
        "type_basis": null,
        "source_density": 0.0,
        "source_mean": 0.0,
        "density_rank": null,
        "interpreter_a_judgment": null,
        "interpreter_b_judgment": null,
        "interpreter_a_type": null,
        "interpreter_b_type": null,
        "interpreter_a_note": null,
        "interpreter_b_note": null,
        "interpreter_a_needs_check": null,
        "interpreter_b_needs_check": null,
        "experiment_id": "window-a-2019-2025-frozen"
      }
    },
    {
      "type": "Feature",
      "id": 661,
      "geometry": {
        "type": "Polygon",
        "coordinates": [
          [
            [
              139.66511964,
              35.66519517
            ],
            [
              139.6655688,
              35.66519517
            ],
            [
              139.6655688,
              35.66556009
            ],
            [
              139.66511964,
              35.66556009
            ],
            [
              139.66511964,
              35.66519517
            ]
          ]
        ]
      },
      "properties": {
        "mesh_id": 661,
        "source_feature_id": "310949,85093",
        "evaluation_class": "NOT_EVALUATED",
        "ground_truth": null,
        "detected": false,
        "review_status": "NOT_REVIEWED",
        "change_type": null,
        "source_change_type": null,
        "type_basis": null,
        "source_density": 0.0,
        "source_mean": 0.0,
        "density_rank": null,
        "interpreter_a_judgment": null,
        "interpreter_b_judgment": null,
        "interpreter_a_type": null,
        "interpreter_b_type": null,
        "interpreter_a_note": null,
        "interpreter_b_note": null,
        "interpreter_a_needs_check": null,
        "interpreter_b_needs_check": null,
        "experiment_id": "window-a-2019-2025-frozen"
      }
    },
    {
      "type": "Feature",
      "id": 662,
      "geometry": {
        "type": "Polygon",
        "coordinates": [
          [
            [
              139.6655688,
              35.66519517
            ],
            [
              139.66601796,
              35.66519517
            ],
            [
              139.66601796,
              35.66556009
            ],
            [
              139.6655688,
              35.66556009
            ],
            [
              139.6655688,
              35.66519517
            ]
          ]
        ]
      },
      "properties": {
        "mesh_id": 662,
        "source_feature_id": "310950,85093",
        "evaluation_class": "TN",
        "ground_truth": "NO_CHANGE",
        "detected": false,
        "review_status": "AGREED",
        "change_type": null,
        "source_change_type": null,
        "type_basis": null,
        "source_density": 0.0,
        "source_mean": 0.0,
        "density_rank": null,
        "interpreter_a_judgment": "×",
        "interpreter_b_judgment": "×",
        "interpreter_a_type": null,
        "interpreter_b_type": null,
        "interpreter_a_note": null,
        "interpreter_b_note": null,
        "interpreter_a_needs_check": null,
        "interpreter_b_needs_check": null,
        "experiment_id": "window-a-2019-2025-frozen"
      }
    },
    {
      "type": "Feature",
      "id": 663,
      "geometry": {
        "type": "Polygon",
        "coordinates": [
          [
            [
              139.66601796,
              35.66519517
            ],
            [
              139.66646711,
              35.66519517
            ],
            [
              139.66646711,
              35.66556009
            ],
            [
              139.66601796,
              35.66556009
            ],
            [
              139.66601796,
              35.66519517
            ]
          ]
        ]
      },
      "properties": {
        "mesh_id": 663,
        "source_feature_id": "310951,85093",
        "evaluation_class": "NOT_EVALUATED",
        "ground_truth": null,
        "detected": false,
        "review_status": "NOT_REVIEWED",
        "change_type": null,
        "source_change_type": null,
        "type_basis": null,
        "source_density": 0.0,
        "source_mean": 0.0,
        "density_rank": null,
        "interpreter_a_judgment": null,
        "interpreter_b_judgment": null,
        "interpreter_a_type": null,
        "interpreter_b_type": null,
        "interpreter_a_note": null,
        "interpreter_b_note": null,
        "interpreter_a_needs_check": null,
        "interpreter_b_needs_check": null,
        "experiment_id": "window-a-2019-2025-frozen"
      }
    },
    {
      "type": "Feature",
      "id": 664,
      "geometry": {
        "type": "Polygon",
        "coordinates": [
          [
            [
              139.66646711,
              35.66519517
            ],
            [
              139.66691627,
              35.66519517
            ],
            [
              139.66691627,
              35.66556009
            ],
            [
              139.66646711,
              35.66556009
            ],
            [
              139.66646711,
              35.66519517
            ]
          ]
        ]
      },
      "properties": {
        "mesh_id": 664,
        "source_feature_id": "310952,85093",
        "evaluation_class": "NOT_EVALUATED",
        "ground_truth": null,
        "detected": false,
        "review_status": "NOT_REVIEWED",
        "change_type": null,
        "source_change_type": null,
        "type_basis": null,
        "source_density": 0.0,
        "source_mean": 0.0,
        "density_rank": null,
        "interpreter_a_judgment": null,
        "interpreter_b_judgment": null,
        "interpreter_a_type": null,
        "interpreter_b_type": null,
        "interpreter_a_note": null,
        "interpreter_b_note": null,
        "interpreter_a_needs_check": null,
        "interpreter_b_needs_check": null,
        "experiment_id": "window-a-2019-2025-frozen"
      }
    },
    {
      "type": "Feature",
      "id": 665,
      "geometry": {
        "type": "Polygon",
        "coordinates": [
          [
            [
              139.66691627,
              35.66519517
            ],
            [
              139.66736543,
              35.66519517
            ],
            [
              139.66736543,
              35.66556009
            ],
            [
              139.66691627,
              35.66556009
            ],
            [
              139.66691627,
              35.66519517
            ]
          ]
        ]
      },
      "properties": {
        "mesh_id": 665,
        "source_feature_id": "310953,85093",
        "evaluation_class": "NOT_EVALUATED",
        "ground_truth": null,
        "detected": false,
        "review_status": "NOT_REVIEWED",
        "change_type": null,
        "source_change_type": null,
        "type_basis": null,
        "source_density": 0.0,
        "source_mean": 0.0,
        "density_rank": null,
        "interpreter_a_judgment": null,
        "interpreter_b_judgment": null,
        "interpreter_a_type": null,
        "interpreter_b_type": null,
        "interpreter_a_note": null,
        "interpreter_b_note": null,
        "interpreter_a_needs_check": null,
        "interpreter_b_needs_check": null,
        "experiment_id": "window-a-2019-2025-frozen"
      }
    },
    {
      "type": "Feature",
      "id": 666,
      "geometry": {
        "type": "Polygon",
        "coordinates": [
          [
            [
              139.66736543,
              35.66519517
            ],
            [
              139.66781459,
              35.66519517
            ],
            [
              139.66781459,
              35.66556009
            ],
            [
              139.66736543,
              35.66556009
            ],
            [
              139.66736543,
              35.66519517
            ]
          ]
        ]
      },
      "properties": {
        "mesh_id": 666,
        "source_feature_id": "310954,85093",
        "evaluation_class": "NOT_EVALUATED",
        "ground_truth": null,
        "detected": false,
        "review_status": "NOT_REVIEWED",
        "change_type": null,
        "source_change_type": null,
        "type_basis": null,
        "source_density": 0.0,
        "source_mean": 0.0,
        "density_rank": null,
        "interpreter_a_judgment": null,
        "interpreter_b_judgment": null,
        "interpreter_a_type": null,
        "interpreter_b_type": null,
        "interpreter_a_note": null,
        "interpreter_b_note": null,
        "interpreter_a_needs_check": null,
        "interpreter_b_needs_check": null,
        "experiment_id": "window-a-2019-2025-frozen"
      }
    },
    {
      "type": "Feature",
      "id": 667,
      "geometry": {
        "type": "Polygon",
        "coordinates": [
          [
            [
              139.66781459,
              35.66519517
            ],
            [
              139.66826374,
              35.66519517
            ],
            [
              139.66826374,
              35.66556009
            ],
            [
              139.66781459,
              35.66556009
            ],
            [
              139.66781459,
              35.66519517
            ]
          ]
        ]
      },
      "properties": {
        "mesh_id": 667,
        "source_feature_id": "310955,85093",
        "evaluation_class": "NOT_EVALUATED",
        "ground_truth": null,
        "detected": false,
        "review_status": "NOT_REVIEWED",
        "change_type": null,
        "source_change_type": null,
        "type_basis": null,
        "source_density": 0.0,
        "source_mean": 0.0,
        "density_rank": null,
        "interpreter_a_judgment": null,
        "interpreter_b_judgment": null,
        "interpreter_a_type": null,
        "interpreter_b_type": null,
        "interpreter_a_note": null,
        "interpreter_b_note": null,
        "interpreter_a_needs_check": null,
        "interpreter_b_needs_check": null,
        "experiment_id": "window-a-2019-2025-frozen"
      }
    },
    {
      "type": "Feature",
      "id": 668,
      "geometry": {
        "type": "Polygon",
        "coordinates": [
          [
            [
              139.66826374,
              35.66519517
            ],
            [
              139.6687129,
              35.66519517
            ],
            [
              139.6687129,
              35.66556009
            ],
            [
              139.66826374,
              35.66556009
            ],
            [
              139.66826374,
              35.66519517
            ]
          ]
        ]
      },
      "properties": {
        "mesh_id": 668,
        "source_feature_id": "310956,85093",
        "evaluation_class": "NOT_EVALUATED",
        "ground_truth": null,
        "detected": false,
        "review_status": "NOT_REVIEWED",
        "change_type": null,
        "source_change_type": null,
        "type_basis": null,
        "source_density": 0.0,
        "source_mean": 0.0,
        "density_rank": null,
        "interpreter_a_judgment": null,
        "interpreter_b_judgment": null,
        "interpreter_a_type": null,
        "interpreter_b_type": null,
        "interpreter_a_note": null,
        "interpreter_b_note": null,
        "interpreter_a_needs_check": null,
        "interpreter_b_needs_check": null,
        "experiment_id": "window-a-2019-2025-frozen"
      }
    },
    {
      "type": "Feature",
      "id": 669,
      "geometry": {
        "type": "Polygon",
        "coordinates": [
          [
            [
              139.6687129,
              35.66519517
            ],
            [
              139.66916206,
              35.66519517
            ],
            [
              139.66916206,
              35.66556009
            ],
            [
              139.6687129,
              35.66556009
            ],
            [
              139.6687129,
              35.66519517
            ]
          ]
        ]
      },
      "properties": {
        "mesh_id": 669,
        "source_feature_id": "310957,85093",
        "evaluation_class": "NOT_EVALUATED",
        "ground_truth": null,
        "detected": false,
        "review_status": "NOT_REVIEWED",
        "change_type": null,
        "source_change_type": null,
        "type_basis": null,
        "source_density": 0.0,
        "source_mean": 0.0,
        "density_rank": null,
        "interpreter_a_judgment": null,
        "interpreter_b_judgment": null,
        "interpreter_a_type": null,
        "interpreter_b_type": null,
        "interpreter_a_note": null,
        "interpreter_b_note": null,
        "interpreter_a_needs_check": null,
        "interpreter_b_needs_check": null,
        "experiment_id": "window-a-2019-2025-frozen"
      }
    },
    {
      "type": "Feature",
      "id": 670,
      "geometry": {
        "type": "Polygon",
        "coordinates": [
          [
            [
              139.66916206,
              35.66519517
            ],
            [
              139.66961122,
              35.66519517
            ],
            [
              139.66961122,
              35.66556009
            ],
            [
              139.66916206,
              35.66556009
            ],
            [
              139.66916206,
              35.66519517
            ]
          ]
        ]
      },
      "properties": {
        "mesh_id": 670,
        "source_feature_id": "310958,85093",
        "evaluation_class": "NOT_EVALUATED",
        "ground_truth": null,
        "detected": false,
        "review_status": "NOT_REVIEWED",
        "change_type": null,
        "source_change_type": null,
        "type_basis": null,
        "source_density": 0.0,
        "source_mean": 0.0,
        "density_rank": null,
        "interpreter_a_judgment": null,
        "interpreter_b_judgment": null,
        "interpreter_a_type": null,
        "interpreter_b_type": null,
        "interpreter_a_note": null,
        "interpreter_b_note": null,
        "interpreter_a_needs_check": null,
        "interpreter_b_needs_check": null,
        "experiment_id": "window-a-2019-2025-frozen"
      }
    },
    {
      "type": "Feature",
      "id": 671,
      "geometry": {
        "type": "Polygon",
        "coordinates": [
          [
            [
              139.66961122,
              35.66519517
            ],
            [
              139.67006037,
              35.66519517
            ],
            [
              139.67006037,
              35.66556009
            ],
            [
              139.66961122,
              35.66556009
            ],
            [
              139.66961122,
              35.66519517
            ]
          ]
        ]
      },
      "properties": {
        "mesh_id": 671,
        "source_feature_id": "310959,85093",
        "evaluation_class": "NOT_EVALUATED",
        "ground_truth": null,
        "detected": false,
        "review_status": "NOT_REVIEWED",
        "change_type": null,
        "source_change_type": null,
        "type_basis": null,
        "source_density": 0.0,
        "source_mean": 0.0,
        "density_rank": null,
        "interpreter_a_judgment": null,
        "interpreter_b_judgment": null,
        "interpreter_a_type": null,
        "interpreter_b_type": null,
        "interpreter_a_note": null,
        "interpreter_b_note": null,
        "interpreter_a_needs_check": null,
        "interpreter_b_needs_check": null,
        "experiment_id": "window-a-2019-2025-frozen"
      }
    },
    {
      "type": "Feature",
      "id": 672,
      "geometry": {
        "type": "Polygon",
        "coordinates": [
          [
            [
              139.67006037,
              35.66519517
            ],
            [
              139.67050953,
              35.66519517
            ],
            [
              139.67050953,
              35.66556009
            ],
            [
              139.67006037,
              35.66556009
            ],
            [
              139.67006037,
              35.66519517
            ]
          ]
        ]
      },
      "properties": {
        "mesh_id": 672,
        "source_feature_id": "310960,85093",
        "evaluation_class": "NOT_EVALUATED",
        "ground_truth": null,
        "detected": false,
        "review_status": "NOT_REVIEWED",
        "change_type": null,
        "source_change_type": null,
        "type_basis": null,
        "source_density": 0.0,
        "source_mean": 0.0,
        "density_rank": null,
        "interpreter_a_judgment": null,
        "interpreter_b_judgment": null,
        "interpreter_a_type": null,
        "interpreter_b_type": null,
        "interpreter_a_note": null,
        "interpreter_b_note": null,
        "interpreter_a_needs_check": null,
        "interpreter_b_needs_check": null,
        "experiment_id": "window-a-2019-2025-frozen"
      }
    },
    {
      "type": "Feature",
      "id": 673,
      "geometry": {
        "type": "Polygon",
        "coordinates": [
          [
            [
              139.67050953,
              35.66519517
            ],
            [
              139.67095869,
              35.66519517
            ],
            [
              139.67095869,
              35.66556009
            ],
            [
              139.67050953,
              35.66556009
            ],
            [
              139.67050953,
              35.66519517
            ]
          ]
        ]
      },
      "properties": {
        "mesh_id": 673,
        "source_feature_id": "310961,85093",
        "evaluation_class": "TP",
        "ground_truth": "CHANGE",
        "detected": true,
        "review_status": "AGREED",
        "change_type": null,
        "source_change_type": null,
        "type_basis": null,
        "source_density": 0.08532818532818534,
        "source_mean": 0.08532818532818534,
        "density_rank": 16,
        "interpreter_a_judgment": "○",
        "interpreter_b_judgment": "○",
        "interpreter_a_type": "D/R",
        "interpreter_b_type": "R",
        "interpreter_a_note": null,
        "interpreter_b_note": null,
        "interpreter_a_needs_check": null,
        "interpreter_b_needs_check": null,
        "experiment_id": "window-a-2019-2025-frozen"
      }
    },
    {
      "type": "Feature",
      "id": 674,
      "geometry": {
        "type": "Polygon",
        "coordinates": [
          [
            [
              139.67095869,
              35.66519517
            ],
            [
              139.67140785,
              35.66519517
            ],
            [
              139.67140785,
              35.66556009
            ],
            [
              139.67095869,
              35.66556009
            ],
            [
              139.67095869,
              35.66519517
            ]
          ]
        ]
      },
      "properties": {
        "mesh_id": 674,
        "source_feature_id": "310962,85093",
        "evaluation_class": "NOT_EVALUATED",
        "ground_truth": null,
        "detected": false,
        "review_status": "NOT_REVIEWED",
        "change_type": null,
        "source_change_type": null,
        "type_basis": null,
        "source_density": 0.0,
        "source_mean": 0.0,
        "density_rank": null,
        "interpreter_a_judgment": null,
        "interpreter_b_judgment": null,
        "interpreter_a_type": null,
        "interpreter_b_type": null,
        "interpreter_a_note": null,
        "interpreter_b_note": null,
        "interpreter_a_needs_check": null,
        "interpreter_b_needs_check": null,
        "experiment_id": "window-a-2019-2025-frozen"
      }
    },
    {
      "type": "Feature",
      "id": 675,
      "geometry": {
        "type": "Polygon",
        "coordinates": [
          [
            [
              139.67140785,
              35.66519517
            ],
            [
              139.67185701,
              35.66519517
            ],
            [
              139.67185701,
              35.66556009
            ],
            [
              139.67140785,
              35.66556009
            ],
            [
              139.67140785,
              35.66519517
            ]
          ]
        ]
      },
      "properties": {
        "mesh_id": 675,
        "source_feature_id": "310963,85093",
        "evaluation_class": "NOT_EVALUATED",
        "ground_truth": null,
        "detected": false,
        "review_status": "NOT_REVIEWED",
        "change_type": null,
        "source_change_type": null,
        "type_basis": null,
        "source_density": 0.0,
        "source_mean": 0.0,
        "density_rank": null,
        "interpreter_a_judgment": null,
        "interpreter_b_judgment": null,
        "interpreter_a_type": null,
        "interpreter_b_type": null,
        "interpreter_a_note": null,
        "interpreter_b_note": null,
        "interpreter_a_needs_check": null,
        "interpreter_b_needs_check": null,
        "experiment_id": "window-a-2019-2025-frozen"
      }
    }
  ]
}
